frame_zero_based,native_pts_ticks,media_time_us,bank_A_watts,bank_B_watts,bank_C_watts,Arch1_peak_RGB8,Arch2_peak_RGB8,Star1_peak_RGB8,Bar1_peak_RGB8,Arch3_peak_RGB8,Arch4_peak_RGB8,Star2_peak_RGB8,Bar2_peak_RGB8,Matrix25x10_peak_RGB8,Bar3_peak_RGB8,Bar4_peak_RGB8
0,0,0,0.000,0.000,0.000,0,0,0,0,0,0,0,0,0,0,0
1,1001,33367,0.000,0.000,0.000,0,0,0,0,0,0,0,0,0,0,0
2,2002,66733,0.000,0.000,0.000,0,0,0,0,0,0,0,0,0,0,0
3,3003,100100,0.000,0.000,0.000,0,0,0,0,0,0,0,0,0,0,0
4,4004,133467,0.000,0.000,0.000,0,0,0,0,0,0,0,0,0,0,0
5,5005,166833,0.000,0.000,0.000,0,0,0,0,0,0,0,0,0,0,0
6,6006,200200,0.000,0.000,0.000,0,0,0,0,0,0,0,0,0,0,0
7,7007,233567,0.000,0.000,0.000,0,0,0,0,0,0,0,0,0,0,0
8,8008,266933,0.000,0.000,0.000,0,0,0,0,0,0,0,0,0,0,0
9,9009,300300,0.000,0.000,0.000,0,0,0,0,0,0,0,0,0,0,0
10,10010,333667,0.000,0.000,0.000,0,0,0,0,0,0,0,0,0,0,0
11,11011,367033,0.000,0.000,0.000,0,0,0,0,0,0,0,0,0,0,0
12,12012,400400,0.000,0.000,0.000,0,0,0,0,0,0,0,0,0,0,0
13,13013,433767,0.000,0.000,0.000,0,0,0,0,0,0,0,0,0,0,0
14,14014,467133,0.000,0.000,0.000,0,0,0,0,0,0,0,0,0,0,0
15,15015,500500,0.000,0.000,0.000,0,0,0,0,0,0,0,0,0,0,0
16,16016,533867,0.000,0.000,0.000,0,0,0,0,0,0,0,0,0,0,0
17,17017,567233,0.000,0.000,0.000,0,0,0,0,0,0,0,0,0,0,0
18,18018,600600,0.000,0.000,0.000,0,0,0,0,0,0,0,0,0,0,0
19,19019,633967,0.000,0.000,0.000,0,0,0,0,0,0,0,0,0,0,0
20,20020,667333,0.000,0.000,0.000,0,0,0,0,0,0,0,0,0,0,0
21,21021,700700,0.000,0.000,0.000,0,0,0,0,0,0,0,0,0,0,0
22,22022,734067,0.000,0.000,0.000,0,0,0,0,0,0,0,0,0,0,0
23,23023,767433,0.000,0.000,0.000,0,0,0,0,0,0,0,0,0,0,0
24,24024,800800,0.000,0.000,0.000,0,0,0,0,0,0,0,0,0,0,0
25,25025,834167,0.000,0.000,0.000,0,0,0,0,0,0,0,0,0,0,0
26,26026,867533,0.000,0.000,0.000,0,0,0,0,0,0,0,0,0,0,0
27,27027,900900,0.000,0.000,0.000,0,0,0,0,0,0,0,0,0,0,0
28,28028,934267,0.000,0.000,0.000,0,0,0,0,0,0,0,0,0,0,0
29,29029,967633,0.000,0.000,0.000,0,0,0,0,0,0,0,0,0,0,0
30,30030,1001000,0.000,0.000,0.000,0,0,0,0,0,0,0,0,0,0,0
31,31031,1034367,0.000,0.000,0.000,0,0,0,0,0,0,0,0,0,0,0
32,32032,1067733,0.000,0.000,0.000,0,0,0,0,0,0,0,0,0,0,0
33,33033,1101100,0.000,0.000,0.000,0,0,0,0,0,0,0,0,0,0,0
34,34034,1134467,0.000,0.000,0.000,0,0,0,0,0,0,0,0,0,0,0
35,35035,1167833,0.000,0.091,0.000,0,0,0,0,18,24,0,0,0,0,0
36,36036,1201200,1.965,3.400,0.640,0,0,0,76,22,24,18,76,19,37,0
37,37037,1234567,25.372,26.261,25.112,0,0,76,76,20,23,76,76,76,76,76
38,38038,1267933,28.478,29.813,36.061,22,0,76,76,18,23,76,76,76,76,76
39,39039,1301300,28.792,29.289,29.669,0,0,76,76,18,23,76,76,72,76,76
40,40040,1334667,24.903,23.734,8.822,0,0,76,76,17,23,76,70,0,73,59
41,41041,1368033,19.877,19.440,0.892,0,0,76,26,17,0,76,22,0,25,20
42,42042,1401400,25.950,24.813,25.698,73,0,76,76,17,0,76,76,55,76,76
43,43043,1434767,19.463,14.104,37.721,76,0,33,76,17,0,35,76,76,76,76
44,44044,1468133,19.175,13.074,40.605,76,0,26,76,17,0,22,76,76,76,76
45,45045,1501500,14.457,9.857,24.734,76,0,0,76,17,0,0,76,53,76,76
46,46046,1534867,6.220,3.499,5.791,47,0,0,57,19,0,0,48,0,65,49
47,47047,1568233,0.000,0.095,0.000,0,0,0,0,18,0,0,0,0,0,0
48,48048,1601600,0.074,0.092,0.000,19,0,0,0,18,0,0,0,0,0,0
49,49049,1634967,2.398,0.059,0.000,76,0,0,0,18,0,0,0,0,0,0
50,50050,1668333,2.728,0.059,0.000,76,0,0,0,18,0,0,0,0,0,0
51,51051,1701700,2.426,0.059,0.000,76,0,0,0,18,0,0,0,0,0,0
52,52052,1735067,1.324,0.060,0.000,62,0,0,0,18,0,0,0,0,0,0
53,53053,1768433,0.148,0.029,0.000,22,0,0,0,18,0,0,0,0,0,0
54,54054,1801800,12.600,8.452,8.170,76,0,42,76,18,0,56,76,23,72,76
55,55055,1835167,31.444,27.678,32.886,76,0,76,76,17,0,76,76,75,76,76
56,56056,1868533,32.981,29.194,39.500,76,0,76,76,17,0,76,76,76,76,76
57,57057,1901900,31.600,28.313,24.270,76,0,76,76,17,0,76,76,51,76,76
58,58058,1935267,24.337,21.941,5.592,76,0,76,60,17,0,76,55,18,62,40
59,59059,1968633,19.125,18.473,0.091,36,0,76,20,18,0,76,0,0,17,0
60,60060,2002000,26.913,26.137,19.918,36,0,76,76,19,0,76,76,43,76,76
61,61061,2035367,20.123,14.589,35.460,76,0,48,76,18,0,44,76,76,76,76
62,62062,2068733,19.256,13.089,40.195,76,0,27,76,18,0,24,76,76,76,76
63,63063,2102100,14.233,9.909,24.232,76,0,0,76,18,0,0,76,51,76,76
64,64064,2135467,6.164,3.285,5.623,57,0,0,61,18,0,0,52,0,61,41
65,65065,2168833,0.033,0.120,0.000,18,0,0,0,18,19,0,0,0,0,0
66,66066,2202200,6.568,5.010,7.031,0,0,0,76,18,19,0,72,23,65,60
67,67067,2235567,15.740,10.418,32.913,76,0,21,76,18,19,0,76,74,76,76
68,68068,2268933,17.666,12.201,40.014,76,22,27,76,20,19,21,76,76,76,76
69,69069,2302300,18.320,12.482,41.479,76,22,28,76,20,19,22,76,76,76,76
70,70070,2335667,16.508,12.513,41.497,74,22,28,76,20,19,22,76,76,76,76
71,71071,2369033,14.975,12.474,41.551,33,22,28,76,20,19,22,76,76,76,76
72,72072,2402400,12.314,11.927,38.041,30,0,24,76,19,19,20,76,76,76,76
73,73073,2435767,9.809,7.954,14.579,76,0,0,76,18,19,0,76,26,76,76
74,74074,2469133,4.073,1.618,2.592,76,0,0,29,18,19,0,30,0,29,23
75,75075,2502500,2.255,0.085,0.000,76,0,0,0,17,19,0,0,0,0,0
76,76076,2535867,1.029,0.116,0.000,56,0,0,0,17,19,0,0,0,0,0
77,77077,2569233,0.150,0.114,0.000,19,0,0,0,18,18,0,0,0,0,0
78,78078,2602600,18.150,15.148,22.089,76,0,65,76,17,18,75,76,47,76,76
79,79079,2635967,31.692,28.336,36.169,76,0,76,76,17,0,76,76,76,76,76
80,80080,2669333,32.506,29.818,40.346,76,0,76,76,18,0,76,76,76,76,76
81,81081,2702700,31.243,28.464,24.087,76,0,76,76,17,0,76,76,49,76,76
82,82082,2736067,23.919,21.655,5.266,68,0,76,56,17,0,76,50,0,69,38
83,83083,2769433,18.798,18.574,0.000,24,0,76,20,17,0,76,0,0,0,0
84,84084,2802800,28.140,26.553,21.359,54,0,76,76,18,0,76,76,43,76,76
85,85085,2836167,20.179,14.945,35.832,76,0,49,76,18,0,45,76,76,76,76
86,86086,2869533,19.371,13.031,40.408,76,17,28,76,18,0,22,76,76,76,76
87,87087,2902900,16.732,11.423,37.033,76,0,21,76,18,0,18,76,76,76,76
88,88088,2936267,11.264,7.864,13.948,76,0,0,76,17,0,0,76,24,76,76
89,89089,2969633,3.055,1.656,2.436,33,0,0,26,17,0,0,29,0,30,23
90,90090,3003000,10.178,8.517,15.567,36,0,0,76,17,0,0,76,27,76,76
91,91091,3036367,16.554,10.337,33.987,76,0,20,76,18,0,0,76,76,76,76
92,92092,3069733,17.969,12.294,40.338,76,19,26,76,23,0,22,76,76,76,76
93,93093,3103100,18.029,12.554,41.101,76,19,27,76,23,0,22,76,76,76,76
94,94094,3136467,16.033,12.561,41.257,50,19,27,76,23,0,22,76,76,76,76
95,95095,3169833,14.625,12.552,41.275,36,19,27,76,22,0,22,76,76,76,76
96,96096,3203200,11.673,9.944,23.883,76,0,0,76,19,0,0,76,46,76,76
97,97097,3236567,6.001,3.111,5.487,76,0,0,55,20,0,0,46,0,65,39
98,98098,3269933,2.708,0.040,0.000,76,0,0,0,20,0,0,0,0,0,0
99,99099,3303300,1.919,0.121,0.000,76,0,0,0,21,17,0,0,0,0,0
100,100100,3336667,0.767,0.136,0.000,50,0,0,0,21,21,0,0,0,0,0
101,101101,3370033,0.000,0.136,0.000,0,0,0,0,21,21,0,0,0,0,0
102,102102,3403400,19.442,17.448,22.221,76,0,61,76,22,21,76,76,46,76,76
103,103103,3436767,31.467,28.420,36.474,76,0,76,76,23,21,76,76,76,76,76
104,104104,3470133,32.568,29.482,40.379,76,0,76,76,23,21,76,76,76,76,76
105,105105,3503500,31.205,28.273,23.607,76,0,76,76,22,21,76,76,47,76,76
106,106106,3536867,24.099,21.520,5.154,69,0,76,55,21,22,76,52,0,53,37
107,107107,3570233,18.816,18.305,0.055,25,0,76,17,22,18,76,0,0,17,0
108,108108,3603600,26.057,23.717,23.213,76,0,76,76,22,17,76,76,45,76,76
109,109109,3636967,18.955,13.527,36.757,76,0,31,76,22,18,32,76,76,76,76
110,110110,3670333,18.769,12.744,40.230,76,0,24,76,22,0,22,76,76,76,76
111,111111,3703700,14.421,9.876,23.321,76,0,0,76,22,0,0,76,43,76,76
112,112112,3737067,5.808,3.078,5.227,51,0,0,51,22,0,0,49,0,55,42
113,113113,3770433,0.327,0.044,0.000,19,0,0,0,22,0,0,0,0,0,0
114,114114,3803800,11.773,9.149,18.839,52,0,0,76,23,0,0,76,41,76,76
115,115115,3837167,16.839,10.774,34.923,76,0,22,76,23,0,17,76,76,76,76
116,116116,3870533,17.763,12.207,40.523,76,0,26,76,23,0,21,76,76,76,76
117,117117,3903900,17.648,12.437,41.446,76,0,27,76,24,0,22,76,76,76,76
118,118118,3937267,15.817,12.443,41.551,50,0,27,76,24,0,22,76,76,76,76
119,119119,3970633,14.345,12.443,41.557,34,0,27,76,24,0,22,76,76,76,76
120,120120,4004000,10.416,10.255,28.446,20,0,0,76,23,0,0,76,61,76,76
121,121121,4037367,8.136,4.874,8.320,76,0,0,75,23,0,0,66,0,74,59
122,122122,4070733,2.890,0.119,0.163,76,0,0,19,23,0,0,0,0,21,0
123,123123,4104100,2.080,0.119,0.000,76,0,0,0,23,0,0,0,0,0,0
124,124124,4137467,0.615,0.076,0.000,40,0,0,0,23,0,0,0,0,0,0
125,125125,4170833,0.000,0.046,0.000,0,0,0,0,22,0,0,0,0,0,0
126,126126,4204200,12.712,10.021,16.538,76,0,38,76,23,0,55,76,38,76,76
127,127127,4237567,30.715,28.218,34.791,76,0,76,76,23,0,76,76,76,76,76
128,128128,4270933,32.600,29.894,40.320,76,17,76,76,23,0,76,76,76,76,76
129,129129,4304300,31.689,29.040,28.407,76,0,76,76,22,0,76,76,63,76,76
130,130130,4337667,26.638,23.656,7.816,76,0,76,76,22,0,76,70,21,72,54
131,131131,4371033,19.776,19.269,0.295,29,0,76,21,22,0,76,19,0,24,17
132,132132,4404400,25.556,23.207,26.860,76,0,76,76,22,20,76,76,61,76,76
133,133133,4437767,18.907,13.760,38.041,76,0,33,76,22,20,34,76,76,76,76
134,134134,4471133,18.744,12.945,40.587,76,0,26,76,22,0,24,76,76,76,76
135,135135,4504500,13.746,9.765,22.992,76,0,0,76,22,0,0,76,43,76,76
136,136136,4537867,5.309,2.825,5.066,41,0,0,53,22,0,0,45,0,53,40
137,137137,4571233,0.000,0.046,0.000,0,0,0,0,22,0,0,0,0,0,0
138,138138,4604600,12.356,9.592,21.947,60,0,0,76,23,0,0,76,44,76,76
139,139139,4637967,16.596,11.524,37.129,76,0,22,76,23,0,19,76,76,76,76
140,140140,4671333,18.546,12.271,40.600,76,17,25,76,23,0,21,76,76,76,76
141,141141,4704700,18.443,12.449,41.397,76,18,26,76,22,0,22,76,76,76,76
142,142142,4738067,16.767,12.508,41.466,65,18,26,76,20,0,22,76,76,76,76
143,143143,4771433,15.164,12.494,41.448,32,18,26,76,21,0,22,76,76,76,76
144,144144,4804800,10.967,10.002,23.174,63,0,0,76,23,18,0,76,47,76,76
145,145145,4838167,5.703,3.020,4.896,76,0,0,48,23,23,0,51,0,57,40
146,146146,4871533,2.720,0.212,0.000,76,0,0,0,23,24,0,0,0,0,0
147,147147,4904900,1.764,0.209,0.000,76,0,0,0,22,24,0,0,0,0,0
148,148148,4938267,0.440,0.210,0.000,35,0,0,0,22,24,0,0,0,0,0
149,149149,4971633,0.000,0.210,0.000,0,0,0,0,22,24,0,0,0,0,0
150,150150,5005000,21.040,19.168,23.473,76,0,76,76,23,24,76,76,47,76,76
151,151151,5038367,31.469,28.776,36.792,76,0,76,76,23,19,76,76,76,76,76
152,152152,5071733,32.525,30.391,40.126,76,0,76,76,23,19,76,76,76,76,76
153,153153,5105100,31.270,29.029,23.123,76,0,76,76,24,18,76,76,41,76,76
154,154154,5138467,23.484,22.039,4.926,72,0,76,51,24,18,76,40,0,51,41
155,155155,5171833,18.385,19.286,0.000,24,0,76,0,24,18,76,0,0,0,0
156,156156,5205200,26.875,26.618,13.446,25,0,76,76,19,0,76,76,26,76,76
157,157157,5238567,20.856,15.612,33.960,76,0,57,76,18,0,56,76,75,76,76
158,158158,5271933,19.029,13.192,39.870,76,0,33,76,20,0,23,76,76,76,76
159,159159,5305300,14.183,9.884,22.314,76,0,0,76,22,0,0,76,47,76,76
160,160160,5338667,5.243,2.925,4.976,46,0,0,50,24,0,0,45,0,45,40
161,161161,5372033,0.725,0.149,0.093,22,0,0,19,24,0,0,0,0,21,0
162,162162,5405400,14.516,10.193,27.088,76,0,0,76,22,0,0,76,61,76,76
163,163163,5438767,17.540,11.487,38.184,76,0,26,76,19,0,18,76,76,76,76
164,164164,5472133,18.138,12.236,40.850,76,17,30,76,20,0,21,76,76,76,76
165,165165,5505500,17.528,12.315,41.188,76,17,30,76,19,0,21,76,76,76,76
166,166166,5538867,15.712,12.335,41.230,53,17,30,76,18,0,22,76,76,76,76
167,167167,5572233,14.549,12.335,41.296,34,17,30,76,18,0,22,76,76,76,76
168,168168,5605600,11.397,9.881,22.649,76,0,0,76,19,0,0,76,44,76,76
169,169169,5638967,5.824,2.856,4.794,76,0,0,46,18,0,0,41,0,56,44
170,170170,5672333,2.711,0.097,0.000,76,0,0,0,18,0,0,0,0,0,0
171,171171,5705700,1.793,0.097,0.000,76,0,0,0,18,0,0,0,0,0,0
172,172172,5739067,0.488,0.063,0.000,36,0,0,0,18,0,0,0,0,0,0
173,173173,5772433,0.000,0.063,0.000,0,0,0,0,18,0,0,0,0,0,0
174,174174,5805800,13.054,11.787,16.585,76,0,52,76,21,0,67,76,31,76,76
175,175175,5839167,30.654,27.960,34.531,76,0,76,76,19,0,76,76,76,76,76
176,176176,5872533,32.963,30.388,40.147,76,17,76,76,19,0,76,76,76,76,76
177,177177,5905900,23.705,21.416,21.917,76,0,76,76,19,0,76,76,46,76,76
178,178178,5939267,5.811,3.233,4.640,66,0,34,48,19,0,29,35,0,46,37
179,179179,5972633,0.214,0.072,0.000,23,0,0,0,19,0,0,0,0,0,0
180,180180,6006000,26.175,24.151,23.233,71,0,76,76,20,0,76,76,48,76,76
181,181181,6039367,33.190,29.420,36.855,76,0,76,76,22,19,76,76,76,76,76
182,182182,6072733,34.659,30.274,40.765,76,18,76,76,25,22,76,76,76,76,76
183,183183,6106100,34.856,30.174,41.412,76,17,76,76,25,24,76,76,76,76,76
184,184184,6139467,32.726,30.281,41.501,52,17,76,76,25,24,76,76,76,76,76
185,185185,6172833,31.285,30.165,41.475,37,0,76,76,25,24,76,76,76,76,76
186,186186,6206200,22.090,22.136,22.538,0,0,76,76,23,24,76,76,45,76,76
187,187187,6239567,3.546,3.403,4.934,0,0,31,46,23,24,29,36,0,49,39
188,188188,6272933,0.000,0.146,0.000,0,0,0,0,23,24,0,0,0,0,0
189,189189,6306300,0.000,0.113,2.629,0,0,0,0,23,24,0,0,71,0,0
190,190190,6339667,0.000,0.116,6.084,0,0,0,0,24,24,0,0,76,0,0
191,191191,6373033,0.000,0.269,6.600,0,0,0,0,24,24,0,19,76,0,0
192,192192,6406400,0.000,0.548,6.840,0,0,0,0,24,22,0,20,76,0,0
193,193193,6439767,0.000,0.486,6.868,0,0,0,0,24,21,0,20,76,0,0
194,194194,6473133,0.000,0.590,6.909,0,0,0,0,25,19,0,21,76,0,0
195,195195,6506500,0.000,0.161,6.416,0,0,0,0,24,18,0,0,76,0,0
196,196196,6539867,0.000,0.747,7.916,0,0,0,0,24,18,0,25,76,0,0
197,197197,6573233,0.000,1.839,8.372,0,0,0,0,23,18,0,38,76,0,0
198,198198,6606600,0.000,2.105,8.728,0,0,0,0,24,0,0,46,76,0,0
199,199199,6639967,0.000,2.133,8.772,0,0,0,0,24,0,0,46,76,0,0
200,200200,6673333,0.000,2.168,8.776,0,0,0,0,24,0,0,46,76,0,0
201,201201,6706700,0.000,0.618,6.679,0,0,0,0,24,0,0,21,76,0,0
202,202202,6740067,0.000,0.280,10.869,0,0,0,0,25,0,0,19,76,0,0
203,203203,6773433,0.000,0.865,10.610,0,0,0,0,23,0,0,30,76,27,0
204,204204,6806800,0.000,1.127,10.223,0,0,0,0,22,0,0,36,76,34,0
205,205205,6840167,0.000,1.131,10.290,0,0,0,0,20,0,0,36,76,34,0
206,206206,6873533,0.000,1.135,10.290,0,0,0,0,22,0,0,36,76,34,0
207,207207,6906900,0.000,0.048,9.187,0,0,0,0,24,0,0,0,76,0,0
208,208208,6940267,0.000,0.048,7.384,0,0,0,0,24,0,0,0,76,0,0
209,209209,6973633,0.000,0.048,6.243,0,0,0,0,24,0,0,0,76,0,0
210,210210,7007000,0.000,0.042,6.281,0,0,0,0,22,0,0,0,76,0,0
211,211211,7040367,0.000,0.037,6.276,0,0,0,0,20,0,0,0,76,0,0
212,212212,7073733,0.000,0.040,6.276,0,0,0,0,22,0,0,0,76,0,0
213,213213,7107100,0.000,0.044,4.589,0,0,0,0,23,0,0,0,76,0,0
214,214214,7140467,0.000,0.048,6.296,0,0,0,0,24,0,0,0,76,19,0
215,215215,7173833,0.000,0.199,7.761,0,0,0,0,24,0,0,20,76,29,0
216,216216,7207200,0.000,0.201,8.054,0,0,0,0,24,0,0,21,76,30,0
217,217217,7240567,0.000,0.201,8.078,0,0,0,0,24,0,0,21,76,30,0
218,218218,7273933,0.000,0.252,8.072,0,0,0,0,24,18,0,21,76,29,0
219,219219,7307300,0.000,0.105,6.276,0,0,0,0,24,21,0,0,76,0,0
220,220220,7340667,0.000,0.110,9.401,0,0,0,0,24,22,0,0,76,23,0
221,221221,7374033,0.000,0.119,10.230,0,0,0,0,24,25,0,0,76,36,0
222,222222,7407400,0.000,0.119,10.372,0,0,0,0,24,25,0,0,76,41,0
223,223223,7440767,0.000,0.127,10.401,0,0,0,0,24,28,0,0,76,41,0
224,224224,7474133,0.000,0.137,10.401,0,0,0,0,24,32,0,0,76,41,0
225,225225,7507500,1.935,0.112,7.099,76,0,0,0,24,23,0,0,76,19,0
226,226226,7540867,3.229,0.152,5.693,76,0,0,0,24,26,0,0,76,0,0
227,227227,7574233,3.247,0.144,5.106,76,0,0,0,24,23,0,0,76,18,0
228,228228,7607600,3.261,0.112,23.371,76,0,0,0,24,23,0,0,76,29,0
229,229229,7640967,1.782,2.069,39.829,58,0,0,0,23,23,0,37,76,48,0
230,230230,7674333,0.261,3.161,43.387,25,0,0,0,23,23,0,50,76,52,0
231,231231,7707700,5.050,5.806,44.447,49,0,0,76,23,23,19,76,76,59,0
232,232232,7741067,29.625,26.307,60.661,76,0,76,76,20,23,76,76,76,76,76
233,233233,7774433,34.072,29.746,63.405,76,0,76,76,18,24,76,76,76,76,76
234,234234,7807800,33.144,29.377,53.640,76,0,76,76,20,24,76,76,76,76,76
235,235235,7841167,25.448,22.940,22.130,57,0,76,64,22,24,76,69,76,63,47
236,236236,7874533,20.779,20.114,5.467,22,0,76,35,22,24,76,24,52,32,19
237,237237,7907900,23.657,21.798,28.339,76,0,76,76,19,26,76,76,58,76,76
238,238238,7941267,18.387,13.511,38.535,76,0,27,76,20,26,28,76,76,76,76
239,239239,7974633,18.290,13.191,40.739,76,0,25,76,22,25,21,76,76,76,76
240,240240,8008000,14.412,10.027,25.872,76,0,0,76,21,25,0,76,52,76,76
241,241241,8041367,6.811,3.700,6.393,59,0,0,60,22,25,0,60,0,58,53
242,242242,8074733,0.281,0.130,0.000,20,0,0,0,22,25,0,0,0,0,0
243,243243,8108100,1.610,0.130,0.000,76,0,0,0,22,25,0,0,0,0,0
244,244244,8141467,2.612,0.138,0.000,76,0,0,0,22,28,0,0,0,0,0
245,245245,8174833,2.746,0.146,0.000,76,0,0,0,22,31,0,0,0,0,0
246,246246,8208200,1.818,0.154,0.000,76,0,0,0,22,34,0,0,0,0,0
247,247247,8241567,0.703,0.154,0.000,54,0,0,0,22,34,0,0,0,0,0
248,248248,8274933,0.000,0.127,0.000,0,0,0,0,22,24,0,0,0,0,0
249,249249,8308300,21.015,18.331,15.711,76,0,75,76,23,20,76,76,34,76,76
250,250250,8341667,31.457,28.405,34.534,76,0,76,76,24,0,76,76,76,76,76
251,251251,8375033,31.921,29.226,37.131,76,0,76,76,24,0,76,76,76,76,76
252,252252,8408400,28.984,26.569,14.766,76,0,76,76,23,0,76,76,31,76,76
253,253253,8441767,21.384,20.104,2.776,48,0,76,33,22,0,76,31,0,27,24
254,254254,8475133,17.868,18.502,0.000,0,0,76,0,22,22,76,0,0,0,0
255,255255,8508500,28.178,26.393,16.721,43,0,76,76,22,18,76,76,34,76,76
256,256256,8541867,20.440,14.821,34.883,76,0,55,76,22,0,48,76,76,76,76
257,257257,8575233,19.257,13.237,40.008,76,17,25,76,22,18,25,76,76,76,76
258,258258,8608600,14.366,10.148,25.264,76,0,0,76,22,22,0,76,53,76,76
259,259259,8641967,6.116,3.391,5.745,44,0,0,60,22,22,0,54,0,55,51
260,260260,8675333,3.722,2.920,4.504,0,0,0,74,22,20,0,41,0,35,34
261,261261,8708700,14.994,10.305,30.106,76,0,0,76,22,20,0,76,63,76,76
262,262262,8742067,17.228,12.304,39.336,76,0,24,76,23,20,21,76,76,76,76
263,263263,8775433,18.192,12.621,41.169,76,18,25,76,20,24,22,76,76,76,76
264,264264,8808800,17.661,12.608,41.760,76,18,26,76,22,19,22,76,76,76,76
265,265265,8842167,15.828,12.649,41.829,64,18,26,76,23,19,22,76,76,76,76
266,266266,8875533,14.411,12.645,41.837,35,18,26,76,22,21,22,76,76,76,76
267,267267,8908900,11.384,9.388,20.789,76,0,0,76,20,23,0,76,36,76,76
268,268268,8942267,5.199,2.474,4.599,76,0,0,42,19,25,0,36,0,48,32
269,269269,8975633,2.525,0.146,0.000,76,0,0,0,20,26,0,0,0,0,0
270,270270,9009000,1.399,0.162,0.000,76,0,0,0,22,29,0,0,0,0,0
271,271271,9042367,0.483,0.184,0.000,33,0,0,0,23,26,0,0,0,0,0
272,272272,9075733,0.000,0.181,0.000,0,0,0,0,23,25,0,0,0,0,0
273,273273,9109100,18.114,15.090,20.452,76,0,60,76,22,24,76,76,48,76,76
274,274274,9142467,30.648,28.454,35.713,76,0,76,76,20,25,76,76,76,76,76
275,275275,9175833,32.238,30.251,40.229,76,0,76,76,20,23,76,76,76,76,76
276,276276,9209200,30.927,28.118,19.914,76,0,76,76,0,20,76,76,39,76,76
277,277277,9242567,22.908,21.462,4.284,65,0,76,39,0,19,76,34,0,39,34
278,278278,9275933,22.836,21.426,3.959,22,0,76,69,19,20,76,43,0,35,33
279,279279,9309300,21.302,17.239,29.924,76,0,70,76,22,23,68,76,67,76,76
280,280280,9342667,18.714,13.203,39.017,76,0,24,76,24,24,21,76,76,76,76
281,281281,9376033,17.581,11.909,38.130,76,0,21,76,22,24,20,76,76,76,76
282,282282,9409400,11.796,7.942,14.600,76,0,0,76,20,24,0,76,29,76,76
283,283283,9442767,3.630,1.912,2.821,43,0,0,29,18,24,0,31,0,31,24
284,284284,9476133,3.024,2.249,2.869,0,0,0,61,19,19,0,31,0,27,35
285,285285,9509500,15.035,10.265,29.418,76,0,0,76,19,0,0,76,68,76,76
286,286286,9542867,17.285,12.136,39.240,76,18,24,76,20,0,20,76,76,76,76
287,287287,9576233,18.646,12.440,41.272,76,19,27,76,22,0,21,76,76,76,76
288,288288,9609600,18.328,12.456,41.507,76,19,27,76,22,0,21,76,76,76,76
289,289289,9642967,16.264,12.453,41.545,60,18,27,76,22,0,21,76,76,76,76
290,290290,9676333,14.786,12.424,41.528,30,18,27,76,22,0,21,76,76,76,76
291,291291,9709700,11.420,9.430,20.521,76,0,0,76,21,0,0,76,36,76,76
292,292292,9743067,5.315,2.516,4.226,76,0,0,37,21,0,0,39,0,38,33
293,293293,9776433,2.667,0.133,0.000,76,0,0,0,20,0,0,0,0,0,0
294,294294,9809800,1.808,0.073,0.000,76,0,0,0,20,0,0,0,0,0,0
295,295295,9843167,0.564,0.072,0.000,42,0,0,0,20,0,0,0,0,0,0
296,296296,9876533,0.000,0.072,0.000,0,0,0,0,20,0,0,0,0,0,0
297,297297,9909900,20.881,19.222,23.957,76,0,75,76,21,0,76,76,55,76,76
298,298298,9943267,31.518,28.455,37.288,76,0,76,76,22,0,76,76,76,76,76
299,299299,9976633,32.887,29.267,37.326,76,0,76,76,21,0,76,76,76,76,76
300,300300,10010000,28.682,25.996,13.896,76,0,76,76,20,0,76,76,24,76,76
301,301301,10043367,21.320,20.103,2.903,48,0,76,31,20,0,76,28,0,29,24
302,302302,10076733,20.634,20.008,1.449,0,0,76,56,20,0,76,29,0,27,23
303,303303,10110100,23.778,20.757,29.134,76,0,76,76,20,0,76,76,63,76,76
304,304304,10143467,18.979,13.334,38.775,76,0,27,76,22,0,25,76,76,76,76
305,305305,10176833,18.847,12.826,40.774,76,0,26,76,22,0,22,76,76,76,76
306,306306,10210200,13.563,9.099,19.517,76,0,0,76,21,0,0,76,37,76,76
307,307307,10243567,4.441,2.325,4.133,40,0,0,42,21,0,0,32,0,39,29
308,308308,10276933,0.000,0.077,0.000,0,0,0,0,22,0,0,0,0,0,0
309,309309,10310300,0.000,0.080,0.000,0,0,0,0,23,0,0,0,0,0,0
310,310310,10343667,0.000,0.140,0.000,0,0,0,0,23,0,0,0,0,0,0
311,311311,10377033,13.292,9.647,20.596,76,0,0,76,22,0,0,76,41,76,76
312,312312,10410400,14.368,11.154,35.638,52,0,23,76,22,0,17,76,76,76,76
313,313313,10443767,13.584,11.915,40.378,28,17,25,76,22,0,20,76,76,76,76
314,314314,10477133,13.209,11.952,40.736,28,17,26,76,22,0,20,76,76,76,76
315,315315,10510500,10.747,9.874,24.298,53,0,0,76,22,0,0,76,49,76,76
316,316316,10543867,6.255,3.147,5.604,76,0,0,54,22,0,0,44,0,58,46
317,317317,10577233,2.793,0.078,0.000,76,0,0,0,22,0,0,0,0,0,0
318,318318,10610600,1.780,0.077,0.000,76,0,0,0,22,0,0,0,0,0,0
319,319319,10643967,0.524,0.077,0.000,34,0,0,0,22,0,0,0,0,0,0
320,320320,10677333,0.231,0.067,0.000,0,0,0,37,19,0,0,0,0,0,0
321,321321,10710700,24.605,23.193,27.071,76,0,76,76,18,0,76,76,57,76,76
322,322322,10744067,31.942,29.216,38.229,76,0,76,76,17,0,76,76,76,76,76
323,323323,10777433,32.566,30.236,40.456,76,0,76,76,17,0,76,76,76,76,76
324,324324,10810800,30.478,28.197,18.605,76,0,76,76,19,0,76,76,36,76,76
325,325325,10844167,22.645,21.758,4.200,64,0,76,43,20,0,76,35,0,40,33
326,326326,10877533,18.215,19.314,0.000,17,0,76,0,20,0,76,0,0,0,0
327,327327,10910900,22.632,20.148,26.407,76,0,76,76,22,0,76,76,60,76,76
328,328328,10944267,18.426,13.075,37.600,76,0,25,76,22,0,25,76,76,76,76
329,329329,10977633,16.961,10.954,36.929,76,0,21,76,20,0,17,76,76,76,76
330,330330,11011000,11.447,7.489,13.380,76,0,0,76,20,0,0,76,21,76,74
331,331331,11044367,2.793,1.722,2.255,33,0,0,30,21,22,0,28,0,26,27
332,332332,11077733,2.878,2.286,2.283,0,0,0,60,20,21,0,32,0,26,27
333,333333,11111100,15.150,10.297,29.798,76,0,0,76,21,20,0,76,66,76,76
334,334334,11144467,17.953,12.053,38.978,76,17,26,76,22,20,20,76,76,76,76
335,335335,11177833,18.839,12.420,41.157,76,17,27,76,20,22,21,76,76,76,76
336,336336,11211200,17.073,12.446,41.410,76,17,27,76,22,20,21,76,76,76,76
337,337337,11244567,15.430,12.432,41.454,45,17,27,76,22,19,21,76,76,76,76
338,338338,11277933,12.350,11.435,37.381,24,0,23,76,22,0,20,76,76,76,76
339,339339,11311300,9.798,7.943,14.168,76,0,0,76,22,0,0,76,24,76,76
340,340340,11344667,4.138,1.419,2.424,76,0,0,29,22,0,0,24,0,29,25
341,341341,11378033,2.642,0.112,0.000,76,0,0,0,22,0,0,0,0,0,0
342,342342,11411400,1.425,0.112,0.000,72,0,0,0,22,0,0,0,0,0,0
343,343343,11444767,0.248,0.166,0.000,27,0,0,0,22,21,0,0,0,0,0
344,344344,11478133,0.284,0.166,0.000,0,0,0,31,22,20,0,0,0,0,0
345,345345,11511500,24.755,22.992,27.125,76,0,76,76,22,22,76,76,60,76,76
346,346346,11544867,31.849,29.623,38.244,76,0,76,76,22,26,76,76,76,76,76
347,347347,11578233,32.574,30.492,40.308,76,0,76,76,22,25,76,76,76,76,76
348,348348,11611600,30.155,28.154,18.503,76,0,76,76,22,25,76,76,37,76,76
349,349349,11644967,22.196,21.625,4.044,59,0,76,35,22,25,76,31,0,37,31
350,350350,11678333,23.714,22.336,6.045,22,0,76,76,22,25,76,47,0,63,48
351,351351,11711700,20.412,16.324,31.506,76,0,58,76,19,25,69,76,74,76,76
352,352352,11745067,19.126,13.236,39.347,76,18,26,76,18,27,22,76,76,76,76
353,353353,11778433,16.416,11.201,36.612,76,0,20,76,18,26,17,76,76,76,76
354,354354,11811800,10.560,7.171,13.160,76,0,0,76,21,26,0,76,21,76,76
355,355355,11845167,2.861,1.774,2.360,29,0,0,30,21,26,0,33,0,29,22
356,356356,11878533,0.000,0.211,0.000,0,0,0,0,22,26,0,0,0,0,0
357,357357,11911900,14.499,10.204,26.658,76,0,0,76,20,26,0,76,57,76,76
358,358358,11945267,17.277,11.945,38.025,76,0,23,76,20,26,20,76,76,76,76
359,359359,11978633,18.446,12.416,40.875,76,17,26,76,24,27,22,76,76,76,76
360,360360,12012000,16.928,12.472,41.385,76,0,27,76,24,24,22,76,76,76,76
361,361361,12045367,15.109,12.469,41.496,35,17,27,76,24,22,22,76,76,76,76
362,362362,12078733,14.513,12.465,41.550,35,17,27,76,24,20,22,76,76,76,76
363,363363,12112100,11.561,9.899,23.453,76,0,0,76,24,0,0,76,47,76,76
364,364364,12145467,5.753,2.948,5.125,76,0,0,47,20,18,0,46,0,53,41
365,365365,12178833,2.501,0.132,0.000,76,0,0,0,20,0,0,0,0,0,0
366,366366,12212200,1.386,0.105,0.000,75,0,0,0,20,0,0,0,0,0,0
367,367367,12245567,0.334,0.105,0.000,36,0,0,0,20,0,0,0,0,0,0
368,368368,12278933,0.000,0.105,0.000,0,0,0,0,20,0,0,0,0,0,0
369,369369,12312300,16.321,14.294,20.867,76,0,55,76,20,0,76,76,46,76,76
370,370370,12345667,30.693,28.214,36.153,76,0,76,76,20,0,76,76,76,76,76
371,371371,12379033,32.578,30.490,39.823,76,0,76,76,20,0,76,76,76,76,76
372,372372,12412400,21.324,17.760,17.800,76,0,76,76,20,0,76,76,33,76,76
373,373373,12445767,4.633,2.668,3.812,59,0,24,35,20,0,24,31,0,34,32
374,374374,12479133,0.037,0.104,0.000,17,0,0,0,20,0,0,0,0,0,0
375,375375,12512500,25.500,22.869,22.227,70,0,76,76,19,0,76,76,47,76,76
376,376376,12545867,32.852,29.212,36.200,76,0,76,76,17,0,76,76,76,76,76
377,377377,12579233,34.764,30.227,40.651,76,17,76,76,18,0,76,76,76,76,76
378,378378,12612600,34.090,30.632,41.327,76,17,76,76,20,0,76,76,76,76,76
379,379379,12645967,31.613,30.547,41.438,40,0,76,76,20,0,76,76,76,76,76
380,380380,12679333,30.102,30.392,40.758,33,0,76,76,18,0,76,76,76,76,76
381,381381,12712700,19.397,19.156,25.276,0,0,76,76,19,20,76,76,76,76,76
382,382382,12746067,2.800,3.310,13.787,0,0,24,36,20,24,24,43,76,33,26
383,383383,12779433,0.000,2.142,11.272,0,0,0,0,19,30,0,42,76,0,0
384,384384,12812800,0.000,2.165,11.381,0,0,0,0,19,30,0,45,76,0,0
385,385385,12846167,0.000,2.168,11.345,0,0,0,0,19,30,0,45,76,0,0
386,386386,12879533,0.000,2.103,11.240,0,0,0,0,18,30,0,45,76,0,0
387,387387,12912900,0.000,0.125,13.032,0,0,0,0,18,24,0,0,76,0,0
388,388388,12946267,0.000,0.944,13.580,0,0,0,0,17,24,0,28,76,24,0
389,389389,12979633,0.000,1.329,13.347,0,0,0,0,20,24,0,34,76,33,0
390,390390,13013000,0.000,1.420,13.458,0,0,0,0,20,24,0,36,76,34,0
391,391391,13046367,0.000,1.445,13.570,0,0,0,0,20,30,0,36,76,34,0
392,392392,13079733,0.000,1.405,13.329,0,0,0,0,21,22,0,37,76,35,0
393,393393,13113100,0.000,0.102,13.065,0,0,0,0,22,22,0,0,76,0,0
394,394394,13146467,0.000,0.291,11.038,0,0,0,0,22,22,0,23,76,24,0
395,395395,13179833,0.000,0.421,10.146,0,0,0,0,23,22,0,26,76,26,0
396,396396,13213200,0.000,0.391,10.218,0,0,0,0,22,22,0,26,76,26,0
397,397397,13246567,0.000,0.427,10.086,0,0,0,0,22,22,0,26,76,26,0
398,398398,13279933,0.000,0.296,8.979,0,0,0,0,22,23,0,22,76,23,0
399,399399,13313300,0.000,0.106,12.568,0,0,0,0,22,23,0,0,76,0,0
400,400400,13346667,0.000,0.106,14.711,0,0,0,0,22,23,0,0,76,36,0
401,401401,13380033,0.000,0.133,15.756,0,0,0,0,22,23,0,17,76,48,0
402,402402,13413400,0.000,0.130,16.019,0,0,0,0,22,22,0,17,76,48,0
403,403403,13446767,0.000,0.127,16.011,0,0,0,0,22,21,0,17,76,48,0
404,404404,13480133,0.000,0.044,16.197,0,0,0,0,22,0,0,0,76,39,0
405,405405,13513500,0.000,0.207,14.760,0,0,0,0,22,0,0,23,76,24,0
406,406406,13546867,0.000,0.327,12.056,0,0,0,0,22,0,0,28,76,30,0
407,407407,13580233,0.000,0.330,10.542,0,0,0,0,22,0,0,28,76,30,0
408,408408,13613600,0.000,0.334,10.252,0,0,0,0,23,0,0,28,76,30,0
409,409409,13646967,0.000,0.334,10.254,0,0,0,0,23,0,0,28,76,30,0
410,410410,13680333,0.000,0.234,9.125,0,0,0,0,23,0,0,24,76,27,0
411,411411,13713700,0.000,0.345,13.352,0,0,0,0,23,0,0,21,76,19,0
412,412412,13747067,0.000,1.162,13.890,0,0,0,0,23,0,0,32,76,31,0
413,413413,13780433,0.000,1.430,13.776,0,0,0,0,22,0,0,36,76,36,0
414,414414,13813800,0.000,1.433,13.674,0,0,0,0,22,0,0,36,76,35,0
415,415415,13847167,0.000,1.432,13.690,0,0,0,0,21,0,0,36,76,36,0
416,416416,13880533,0.000,1.051,12.770,0,0,0,0,22,0,0,29,76,26,0
417,417417,13913900,0.000,0.044,14.099,0,0,0,0,22,0,0,0,76,0,0
418,418418,13947267,0.000,1.571,12.177,0,0,0,0,23,0,0,35,76,0,0
419,419419,13980633,0.000,2.203,11.422,0,0,0,0,23,18,0,43,76,0,0
420,420420,14014000,0.000,2.255,11.418,0,0,0,0,23,21,0,43,76,0,0
421,421421,14047367,0.000,2.269,11.421,0,0,0,0,24,24,0,43,76,0,0
422,422422,14080733,0.000,2.270,11.452,0,0,0,0,24,24,0,43,76,0,0
423,423423,14114100,0.000,0.115,7.694,0,0,0,0,23,24,0,0,76,0,0
424,424424,14147467,0.000,0.118,2.894,0,0,0,0,23,25,0,0,76,0,0
425,425425,14180833,0.000,0.150,4.188,0,0,0,0,22,25,0,0,76,0,0
426,426426,14214200,17.970,1.340,9.835,76,0,76,0,20,27,0,31,76,0,0
427,427427,14247567,24.733,2.048,11.300,76,0,76,0,19,28,0,41,76,0,0
428,428428,14280933,25.588,2.146,11.429,76,0,76,0,20,27,0,43,76,0,0
429,429429,14314300,25.842,2.254,11.454,76,0,76,0,20,27,0,45,76,0,0
430,430430,14347667,25.902,2.264,11.469,76,0,76,0,22,27,0,45,76,0,0
431,431431,14381033,25.824,2.236,11.228,76,0,76,0,22,27,0,45,76,0,0
432,432432,14414400,14.328,0.298,14.984,76,0,74,0,22,27,0,17,76,0,0
433,433433,14447767,4.206,1.209,14.275,58,0,21,0,22,27,0,34,76,31,0
434,434434,14481133,0.265,1.442,13.601,23,0,0,0,23,27,0,38,76,35,0
435,435435,14514500,0.000,0.156,12.135,0,0,0,0,23,27,0,0,76,0,0
436,436436,14547867,0.000,0.304,11.868,0,0,0,0,22,28,0,23,76,23,0
437,437437,14581233,0.000,0.383,9.737,0,0,0,0,22,28,0,24,76,24,0
438,438438,14614600,4.851,7.663,11.718,76,0,0,0,21,24,76,0,76,0,0
439,439439,14647967,5.610,17.253,14.437,76,0,0,0,20,19,76,0,76,35,0
440,440440,14681333,5.599,18.686,15.731,76,0,0,0,20,0,76,21,76,48,0
441,441441,14714700,5.612,18.713,16.100,76,0,0,0,19,0,76,21,76,48,0
442,442442,14748067,5.603,18.704,16.105,76,0,0,0,18,0,76,21,76,48,0
443,443443,14781433,5.583,17.271,14.827,76,0,0,0,18,0,76,0,76,36,0
444,444444,14814800,3.779,3.178,14.289,76,0,0,0,18,0,60,23,76,23,0
445,445445,14848167,1.281,0.346,11.755,33,0,0,0,18,0,0,28,76,28,0
446,446446,14881533,0.000,0.350,10.160,0,0,0,0,19,0,0,28,76,28,0
447,447447,14914900,0.000,0.131,13.808,0,0,0,0,21,0,0,17,76,0,0
448,448448,14948267,0.000,1.140,14.313,0,0,0,0,22,0,0,33,76,31,0
449,449449,14981633,1.649,0.948,13.005,36,0,0,0,23,0,0,30,76,24,0
450,450450,15015000,21.729,0.748,14.572,76,0,76,0,22,0,0,23,76,0,0
451,451451,15048367,25.296,1.877,12.427,76,0,76,0,23,0,0,39,76,0,0
452,452452,15081733,25.947,2.168,11.371,76,0,76,0,23,0,0,45,76,0,0
453,453453,15115100,25.917,2.173,11.371,76,0,76,0,23,0,0,45,76,0,0
454,454454,15148467,25.881,2.167,11.366,76,0,76,0,23,0,0,45,76,0,0
455,455455,15181833,25.852,2.172,12.056,76,0,76,0,23,0,0,45,76,0,0
456,456456,15215200,13.924,0.960,16.366,76,0,72,0,23,0,0,23,76,21,0
457,457457,15248567,3.804,1.336,14.759,48,0,19,0,23,0,0,36,76,33,0
458,458458,15281933,0.000,0.910,13.786,0,0,0,0,22,0,0,27,76,27,0
459,459459,15315300,0.000,0.334,13.806,0,0,0,0,21,0,0,21,76,21,0
460,460460,15348667,0.000,0.394,10.756,0,0,0,0,21,0,0,31,76,31,0
461,461461,15382033,0.000,0.186,8.378,0,0,0,0,21,0,0,20,76,21,0
462,462462,15415400,5.733,13.915,13.363,76,0,0,0,21,0,76,0,76,23,0
463,463463,15448767,5.624,18.153,14.877,76,0,0,0,20,0,76,19,76,41,0
464,464464,15482133,5.581,18.932,15.813,76,0,0,0,20,17,76,19,76,48,0
465,465465,15515500,5.583,18.935,16.011,76,0,0,0,20,17,76,19,76,50,0
466,466466,15548867,5.586,18.929,16.038,76,0,0,0,20,17,76,19,76,51,0
467,467467,15582233,5.586,18.676,16.039,76,0,0,0,20,17,76,19,76,51,0
468,468468,15615600,5.348,10.584,15.320,76,0,0,0,20,0,76,0,76,22,0
469,469469,15648967,2.539,0.964,12.920,60,0,0,0,20,0,28,26,76,28,0
470,470470,15682333,0.151,0.102,8.921,20,0,0,0,20,0,0,19,76,24,0
471,471471,15715700,0.000,0.625,13.905,0,0,0,0,20,0,0,25,76,25,0
472,472472,15749067,0.000,1.200,14.060,0,0,0,0,20,0,0,34,76,33,0
473,473473,15782433,1.180,0.805,12.465,26,0,0,0,20,0,0,26,76,24,0
474,474474,15815800,20.710,0.630,14.574,76,0,76,0,20,0,0,23,76,0,0
475,475475,15849167,25.295,1.804,12.227,76,0,76,0,20,0,0,38,76,0,0
476,476476,15882533,25.784,2.141,11.327,76,0,76,0,20,0,0,45,76,0,0
477,477477,15915900,25.710,2.165,11.382,76,0,76,0,20,0,0,45,76,0,0
478,478478,15949267,25.827,2.173,11.404,76,0,76,0,20,0,0,45,76,0,0
479,479479,15982633,25.930,1.859,12.956,76,0,76,0,20,0,0,38,76,0,0
480,480480,16016000,12.897,1.010,16.996,76,0,65,0,20,0,0,26,76,24,0
481,481481,16049367,3.588,1.392,14.833,44,0,20,0,20,0,0,37,76,34,0
482,482482,16082733,0.000,0.902,13.384,0,0,0,0,23,0,0,30,76,24,0
483,483483,16116100,0.000,0.343,13.457,0,0,0,0,22,0,0,21,76,20,0
484,484484,16149467,0.000,0.352,10.975,0,0,0,0,23,0,0,27,76,28,0
485,485485,16182833,0.000,0.201,8.125,0,0,0,0,23,0,0,18,76,18,0
486,486486,16216200,5.582,14.223,13.645,76,0,0,0,23,18,76,0,76,23,0
487,487487,16249567,5.593,18.287,15.237,76,0,0,0,23,22,76,0,76,43,0
488,488488,16282933,5.582,19.082,16.041,76,0,0,0,23,22,76,18,76,50,0
489,489489,16316300,5.554,19.128,16.096,76,0,0,0,23,21,76,18,76,50,0
490,490490,16349667,5.547,19.094,16.099,76,0,0,0,22,21,76,17,76,50,0
491,491491,16383033,5.511,18.595,15.629,76,0,0,0,22,22,76,0,76,49,0
492,492492,16416400,4.284,6.959,13.935,76,0,0,0,22,22,76,0,76,18,0
493,493493,16449767,1.518,0.760,12.057,38,0,0,0,23,22,20,26,76,26,0
494,494494,16483133,0.000,0.185,8.501,0,0,0,0,23,22,0,17,76,17,0
495,495495,16516500,0.000,0.424,13.844,0,0,0,0,23,24,0,22,76,21,0
496,496496,16549867,0.000,1.358,14.094,0,0,0,0,22,22,0,36,76,34,0
497,497497,16583233,0.000,1.363,13.171,0,0,0,0,22,28,0,34,76,30,0
498,498498,16616600,16.933,0.175,14.456,76,0,76,0,22,26,0,0,76,0,0
499,499499,16649967,24.760,1.671,12.329,76,0,76,0,22,24,0,35,76,0,0
500,500500,16683333,25.269,2.195,11.605,76,0,76,0,22,24,0,43,76,0,0
501,501501,16716700,25.518,2.173,11.416,76,0,76,0,23,24,0,45,76,0,0
502,502502,16750067,25.741,2.188,11.443,76,0,76,0,23,24,0,46,76,0,0
503,503503,16783433,25.722,2.188,11.449,76,0,76,0,23,24,0,46,76,0,0
504,504504,16816800,17.023,0.307,16.066,76,0,76,0,23,25,0,17,76,0,0
505,505505,16850167,4.802,1.152,14.705,68,0,24,0,23,26,0,31,76,30,0
506,506506,16883533,0.120,1.152,13.520,20,0,0,0,23,26,0,31,76,30,0
507,507507,16916900,0.000,0.280,13.683,0,0,0,0,23,26,0,19,76,19,0
508,508508,16950267,0.000,0.464,11.139,0,0,0,0,23,26,0,26,76,27,0
509,509509,16983633,1.516,0.280,8.665,37,0,0,0,21,24,17,17,76,20,0
510,510510,17017000,5.719,15.353,14.393,76,0,0,0,20,23,76,0,76,25,0
511,511511,17050367,5.555,18.396,15.285,76,0,0,0,18,21,76,0,76,44,0
512,512512,17083733,5.637,19.046,16.006,76,0,0,0,20,0,76,17,76,52,0
513,513513,17117100,5.656,19.082,16.042,76,0,0,0,23,0,76,17,76,52,0
514,514514,17150467,5.679,19.062,16.000,76,0,0,0,23,0,76,17,76,52,0
515,515515,17183833,5.576,18.267,16.072,76,0,0,0,23,0,76,0,76,42,0
516,516516,17217200,3.733,6.809,15.136,76,0,0,0,23,0,73,21,76,23,0
517,517517,17250567,1.132,0.745,12.325,34,0,0,0,23,0,21,26,76,27,0
518,518518,17283933,0.000,0.102,12.149,0,0,0,0,23,0,0,17,76,17,0
519,519519,17317300,0.000,0.872,14.303,0,0,0,0,23,0,0,29,76,26,0
520,520520,17350667,0.000,1.243,14.075,0,0,0,0,23,0,0,36,76,33,0
521,521521,17384033,0.000,1.210,13.331,0,0,0,0,23,0,0,34,76,31,0
522,522522,17417400,20.169,0.718,15.512,76,0,76,0,22,0,0,21,76,0,0
523,523523,17450767,24.904,1.794,12.926,76,0,76,0,21,0,0,36,76,0,0
524,524524,17484133,25.941,2.276,11.689,76,0,76,0,21,0,0,46,76,0,0
525,525525,17517500,25.675,2.313,11.412,76,0,76,0,21,17,0,46,76,0,0
526,526526,17550867,25.995,2.322,11.409,76,0,76,0,21,19,0,46,76,0,0
527,527527,17584233,25.936,2.327,11.435,76,0,76,0,22,19,0,46,76,0,0
528,528528,17617600,16.774,0.851,16.612,76,0,76,0,23,23,0,21,76,20,0
529,529529,17650967,4.534,1.245,14.802,57,0,26,0,24,27,0,32,76,30,0
530,530530,17684333,0.068,0.784,12.931,18,0,0,0,23,26,0,27,76,26,0
531,531531,17717700,0.000,0.387,13.112,0,0,0,0,23,32,0,19,76,20,0
532,532532,17751067,0.000,0.472,10.462,0,0,0,0,22,35,0,27,76,28,0
533,533533,17784433,0.000,0.342,9.065,0,0,0,0,22,26,0,24,76,26,0
534,534534,17817800,5.680,14.604,13.656,76,0,0,0,22,26,76,0,76,24,0
535,535535,17851167,5.690,18.555,15.266,76,0,0,0,22,26,76,0,76,44,0
536,536536,17884533,5.640,19.278,16.135,76,0,0,0,24,29,76,0,76,49,0
537,537537,17917900,5.627,19.360,16.249,76,0,0,0,25,31,76,17,76,49,0
538,538538,17951267,5.663,19.344,16.230,76,0,0,0,27,34,76,0,76,49,0
539,539539,17984633,5.538,15.952,14.151,76,0,0,0,26,26,76,0,76,29,0
540,540540,18018000,3.307,2.219,13.803,73,0,0,0,25,30,44,20,76,22,0
541,541541,18051367,1.113,0.428,11.694,33,0,0,0,23,28,0,26,76,26,0
542,542542,18084733,0.000,0.155,11.302,0,0,0,0,23,28,0,17,76,18,0
543,543543,18118100,0.000,0.951,14.611,0,0,0,0,23,28,0,30,76,25,0
544,544544,18151467,0.000,1.396,14.092,0,0,0,0,23,28,0,37,76,33,0
545,545545,18184833,0.000,1.260,13.212,0,0,0,0,23,30,0,33,76,30,0
546,546546,18218200,19.205,0.269,14.985,76,0,76,0,23,30,0,17,76,0,0
547,547547,18251567,24.727,1.733,12.429,76,0,76,0,23,30,0,36,76,0,0
548,548548,18284933,25.834,2.100,11.507,76,0,76,0,23,30,0,42,76,0,0
549,549549,18318300,25.801,2.134,11.296,76,0,76,0,23,30,0,42,76,0,0
550,550550,18351667,25.846,2.129,11.296,76,0,76,0,23,29,0,42,76,0,0
551,551551,18385033,25.677,1.847,11.352,76,0,76,0,22,28,0,36,76,0,0
552,552552,18418400,11.858,0.965,16.171,76,0,60,0,22,27,0,25,76,21,0
553,553553,18451767,3.352,1.415,14.249,48,0,20,0,21,25,0,36,76,34,0
554,554554,18485133,0.000,1.254,13.283,0,0,0,0,21,25,0,34,76,31,0
555,555555,18518500,0.000,0.413,13.746,0,0,0,0,21,25,0,21,76,20,0
556,556556,18551867,0.000,0.481,11.200,0,0,0,0,21,25,0,27,76,27,0
557,557557,18585233,2.179,0.483,8.400,44,0,0,0,21,24,20,0,76,18,0
558,558558,18618600,5.564,15.485,13.906,76,0,0,0,21,22,76,0,76,28,0
559,559559,18651967,5.650,18.385,15.147,76,0,0,0,21,21,76,18,76,43,0
560,560560,18685333,5.652,19.218,16.076,76,0,0,0,21,18,76,19,76,50,0
561,561561,18718700,5.676,19.223,15.994,76,0,0,0,19,21,76,18,76,50,0
562,562562,18752067,5.671,19.245,16.056,76,0,0,0,19,0,76,19,76,50,0
563,563563,18785433,5.636,15.330,14.242,76,0,0,0,19,0,76,0,76,28,0
564,564564,18818800,3.212,2.333,13.615,70,0,0,0,19,18,45,23,76,24,0
565,565565,18852167,1.125,0.455,11.496,32,0,0,0,19,21,0,27,76,28,0
566,566566,18885533,0.000,0.209,12.056,0,0,0,0,19,23,0,18,76,18,0
567,567567,18918900,0.000,1.025,14.200,0,0,0,0,20,25,0,30,76,30,0
568,568568,18952267,0.000,1.392,14.107,0,0,0,0,20,30,0,36,76,34,0
569,569569,18985633,1.528,1.774,13.117,37,0,0,0,20,28,29,31,76,29,0
570,570570,19019000,26.535,17.166,15.152,76,0,76,0,21,25,76,20,76,0,0
571,571571,19052367,30.062,20.153,12.728,76,0,76,0,21,24,76,36,76,0,0
572,572572,19085733,31.298,20.685,11.404,76,0,76,0,21,24,76,45,76,0,0
573,573573,19119100,31.480,20.936,11.282,76,0,76,0,21,24,76,45,76,0,0
574,574574,19152467,31.485,20.952,11.282,76,0,76,0,21,25,76,45,76,0,0
575,575575,19185833,30.514,19.113,9.522,76,0,76,0,21,26,76,24,76,0,0
576,576576,19219200,12.635,5.332,4.144,76,0,59,0,37,28,64,0,76,0,0
577,577577,19252567,3.811,0.984,0.858,36,0,18,0,76,31,18,0,52,0,0
578,578578,19285933,0.000,0.814,0.000,0,0,0,0,76,31,0,0,0,0,0
579,579579,19319300,0.000,0.841,0.000,0,0,0,0,76,31,0,0,0,0,0
580,580580,19352667,0.000,0.841,0.000,0,0,0,0,76,31,0,0,0,0,0
581,581581,19386033,0.000,0.841,0.000,0,0,0,0,76,31,0,0,0,0,0
582,582582,19419400,0.000,0.548,0.000,0,0,0,0,70,32,0,0,0,0,0
583,583583,19452767,0.000,1.203,0.000,0,0,0,0,76,36,0,0,0,0,0
584,584584,19486133,0.000,1.604,0.000,0,0,0,0,76,31,0,0,0,0,0
585,585585,19519500,0.000,1.606,0.000,0,0,0,0,76,31,0,0,0,0,0
586,586586,19552867,0.000,1.608,0.000,0,0,0,0,76,31,0,0,0,0,0
587,587587,19586233,0.000,1.296,0.000,0,0,0,0,76,31,0,0,0,0,0
588,588588,19619600,0.000,3.382,0.000,0,0,0,0,76,28,0,0,0,0,0
589,589589,19652967,0.186,4.598,0.000,0,22,0,0,76,29,0,0,0,0,0
590,590590,19686333,0.144,5.052,0.000,0,25,0,0,76,28,0,0,0,0,0
591,591591,19719700,0.146,5.032,0.000,0,24,0,0,76,32,0,0,0,0,0
592,592592,19753067,0.146,5.044,0.000,0,24,0,0,76,35,0,0,0,0,0
593,593593,19786433,0.237,3.519,0.000,0,66,0,0,76,32,0,0,0,0,0
594,594594,19819800,2.638,8.583,0.000,0,76,0,0,76,32,0,0,0,0,0
595,595595,19853167,3.557,9.651,0.000,0,76,0,0,76,31,0,0,0,0,0
596,596596,19886533,3.779,9.992,0.000,17,76,0,0,76,31,0,0,0,0,0
597,597597,19919900,3.801,10.035,0.000,17,76,0,0,76,31,0,0,0,0,0
598,598598,19953267,3.802,9.966,0.000,17,76,0,0,76,27,0,0,0,0,0
599,599599,19986633,3.738,8.514,0.000,0,76,0,0,76,23,0,0,0,0,0
600,600600,20020000,9.254,9.766,0.000,0,76,0,0,76,23,0,0,0,0,0
601,601601,20053367,11.134,11.717,0.000,0,76,0,0,76,22,0,0,0,0,0
602,602602,20086733,11.553,12.210,0.000,0,76,0,0,76,22,0,0,0,0,0
603,603603,20120100,11.560,12.313,0.000,0,76,0,0,76,27,0,0,0,0,0
604,604604,20153467,11.562,12.369,0.000,0,76,0,0,76,32,0,0,0,0,0
605,605605,20186833,10.616,11.551,0.000,0,76,0,0,76,32,0,0,0,0,0
606,606606,20220200,11.077,12.337,0.000,0,76,0,0,76,31,0,0,0,0,0
607,607607,20253567,11.944,13.937,0.000,0,76,0,0,76,30,0,0,0,0,0
608,608608,20286933,12.534,14.378,0.000,0,76,0,0,76,30,0,0,0,0,0
609,609609,20320300,12.533,14.480,0.000,0,76,0,0,76,30,0,0,0,0,0
610,610610,20353667,12.533,14.477,0.000,0,76,0,0,76,30,0,0,0,0,0
611,611611,20387033,10.463,12.131,0.000,0,76,0,0,76,30,0,0,0,0,0
612,612612,20420400,10.467,12.264,0.000,0,76,0,0,76,76,0,0,0,0,0
613,613613,20453767,12.261,13.102,0.000,0,76,0,0,76,76,0,0,0,0,0
614,614614,20487133,12.677,13.564,0.000,0,76,0,0,76,76,0,0,0,0,0
615,615615,20520500,12.755,13.679,0.000,0,76,0,0,76,76,0,0,0,0,0
616,616616,20553867,12.795,13.727,0.000,0,76,0,0,76,76,0,0,0,0,0
617,617617,20587233,14.330,11.915,0.762,60,76,0,0,76,76,0,0,76,0,0
618,618618,20620600,26.459,7.060,8.588,76,76,76,0,76,76,0,22,76,0,0
619,619619,20653967,26.679,3.604,10.802,76,59,76,0,50,49,0,36,76,0,0
620,620620,20687333,26.104,2.348,11.475,76,25,76,0,21,29,0,46,76,0,0
621,621621,20720700,26.124,2.382,11.436,76,0,76,0,21,28,0,46,76,0,0
622,622622,20754067,26.069,2.376,11.438,76,0,76,0,21,27,0,46,76,0,0
623,623623,20787433,22.008,0.747,10.823,76,0,76,0,22,28,0,22,76,0,0
624,624624,20820800,5.640,0.792,14.188,62,0,43,0,22,32,0,23,76,19,0
625,625625,20854167,0.790,1.316,13.599,22,0,0,0,23,32,0,33,76,31,0
626,626626,20887533,0.000,0.563,11.703,0,0,0,0,23,30,0,21,76,20,0
627,627627,20920900,0.000,0.343,11.490,0,0,0,0,24,28,0,19,76,19,0
628,628628,20954267,0.000,0.466,10.192,0,0,0,0,24,27,0,25,76,26,0
629,629629,20987633,0.000,0.200,6.947,0,0,0,0,24,27,0,0,76,0,0
630,630630,21021000,5.649,13.366,12.527,76,0,0,0,24,27,76,0,76,22,0
631,631631,21054367,5.718,18.290,14.584,76,0,0,0,24,27,76,0,76,40,0
632,632632,21087733,5.610,19.176,15.920,76,0,0,0,24,27,76,0,76,50,0
633,633633,21121100,5.605,18.961,16.043,76,0,0,0,24,26,76,0,76,50,0
634,634634,21154467,5.621,18.991,16.049,76,0,0,0,24,26,76,0,76,50,0
635,635635,21187833,5.551,18.159,15.749,76,0,0,0,24,27,76,0,76,40,0
636,636636,21221200,4.198,4.479,14.560,76,0,0,0,24,29,63,22,76,22,0
637,637637,21254567,1.402,0.643,11.986,39,0,0,0,24,30,17,28,76,29,0
638,638638,21287933,0.000,0.238,12.838,0,0,0,0,24,30,0,17,76,17,0
639,639639,21321300,0.000,1.090,14.848,0,0,0,0,24,30,0,30,76,27,0
640,640640,21354667,0.000,1.445,14.226,0,0,0,0,24,30,0,36,76,33,0
641,641641,21388033,1.193,1.142,13.343,27,0,0,0,24,29,0,30,76,25,0
642,642642,21421400,21.950,0.957,15.197,76,0,76,0,24,28,0,23,76,0,0
643,643643,21454767,24.563,1.945,12.791,76,0,76,0,24,28,0,38,76,0,0
644,644644,21488133,25.577,2.310,11.592,76,0,76,0,26,28,0,45,76,0,0
645,645645,21521500,25.773,2.301,11.381,76,0,76,0,26,28,0,45,76,0,0
646,646646,21554867,25.771,2.353,11.409,76,0,76,0,26,38,0,45,76,0,0
647,647647,21588233,21.570,0.852,14.932,76,0,76,0,26,38,0,22,76,0,0
648,648648,21621600,6.359,1.195,15.434,76,0,43,0,26,38,0,30,76,27,0
649,649649,21654967,1.893,1.506,14.089,32,0,0,0,26,38,0,37,76,36,0
650,650650,21688333,0.000,0.639,12.808,0,0,0,0,26,35,0,20,76,19,0
651,651651,21721700,0.000,0.415,12.690,0,0,0,0,27,30,0,21,76,22,0
652,652652,21755067,0.000,0.500,10.203,0,0,0,0,28,31,0,26,76,28,0
653,653653,21788433,1.024,0.334,7.266,29,0,0,0,27,32,17,0,76,0,0
654,654654,21821800,5.709,15.439,13.937,76,0,0,0,26,38,76,0,76,26,0
655,655655,21855167,5.514,18.354,15.389,76,0,0,0,25,38,76,0,76,44,0
656,656656,21888533,5.546,18.986,16.077,76,0,0,0,25,35,76,0,76,50,0
657,657657,21921900,5.528,19.119,16.113,76,0,0,0,23,30,76,17,76,50,0
658,658658,21955267,5.528,19.125,16.082,76,0,0,0,21,31,76,17,76,50,0
659,659659,21988633,5.780,14.469,13.942,76,0,0,0,21,31,76,0,76,25,0
660,660660,22022000,3.055,1.336,13.502,73,0,0,0,22,31,42,23,76,25,0
661,661661,22055367,0.763,0.478,11.420,30,0,0,0,22,31,0,27,76,27,0
662,662662,22088733,0.000,0.191,12.374,0,0,0,0,22,32,0,0,76,0,0
663,663663,22122100,0.000,1.124,14.295,0,0,0,0,23,40,0,31,76,30,0
664,664664,22155467,0.000,1.449,14.140,0,0,0,0,23,40,0,36,76,33,0
665,665665,22188833,2.868,0.586,11.960,48,0,0,0,23,40,0,20,76,18,0
666,666666,22222200,22.655,1.212,14.173,76,0,76,0,23,40,0,24,76,0,0
667,667667,22255567,25.664,2.076,12.195,76,0,76,0,23,40,0,39,76,0,0
668,668668,22288933,25.592,2.384,11.426,76,0,76,0,23,40,0,47,76,0,0
669,669669,22322300,25.733,2.392,11.437,76,0,76,0,23,40,0,47,76,0,0
670,670670,22355667,25.734,2.382,11.418,76,0,76,0,23,36,0,47,76,0,0
671,671671,22389033,22.066,0.491,15.897,76,0,76,0,22,32,0,20,76,0,0
672,672672,22422400,5.409,1.212,14.881,66,0,42,0,22,30,0,33,76,29,0
673,673673,22455767,0.426,1.478,13.719,22,0,0,0,23,30,0,37,76,34,0
674,674674,22489133,0.000,0.546,12.126,0,0,0,0,23,29,0,19,76,17,0
675,675675,22522500,0.000,0.360,12.407,0,0,0,0,23,29,0,20,76,20,0
676,676676,22555867,0.000,0.457,10.509,0,0,0,0,23,29,0,25,76,26,0
677,677677,22589233,4.233,3.068,10.888,76,0,0,0,23,29,66,0,76,0,0
678,678678,22622600,5.543,16.776,14.578,76,0,0,0,23,29,76,0,76,34,0
679,679679,22655967,5.622,18.471,15.675,76,0,0,0,23,29,76,19,76,46,0
680,680680,22689333,5.621,18.822,16.032,76,0,0,0,23,28,76,19,76,48,0
681,681681,22722700,5.625,18.726,16.040,76,0,0,0,23,29,76,19,76,48,0
682,682682,22756067,5.599,18.789,16.055,76,0,0,0,23,28,76,19,76,48,0
683,683683,22789433,5.785,14.872,13.848,76,0,0,0,23,23,76,0,76,23,0
684,684684,22822800,3.202,1.932,13.348,70,0,0,0,23,24,38,21,76,21,0
685,685685,22856167,0.300,0.414,10.815,27,0,0,0,23,27,0,26,76,26,0
686,686686,22889533,0.000,0.347,8.465,0,0,0,0,23,28,0,19,76,21,0
687,687687,22922900,0.000,0.599,13.845,0,0,0,0,23,26,0,20,76,19,0
688,688688,22956267,0.000,1.255,13.858,0,0,0,0,25,23,0,34,76,31,0
689,689689,22989633,2.915,0.306,11.597,48,0,20,0,24,24,0,19,76,17,0
690,690690,23023000,23.281,0.885,13.670,76,0,76,0,23,27,0,22,76,0,0
691,691691,23056367,25.784,2.035,12.064,76,0,76,0,22,28,0,38,76,0,0
692,692692,23089733,25.824,2.335,11.443,76,0,76,0,22,28,0,46,76,0,0
693,693693,23123100,25.908,2.336,11.455,76,0,76,0,24,28,0,46,76,0,0
694,694694,23156467,25.869,2.382,11.445,76,0,76,0,24,28,0,46,76,0,0
695,695695,23189833,21.540,0.740,15.438,76,0,76,0,24,28,0,21,76,0,0
696,696696,23223200,5.957,1.236,15.206,74,0,33,0,24,28,0,30,76,26,0
697,697697,23256567,1.466,1.551,14.063,27,0,0,0,24,28,0,37,76,34,0
698,698698,23289933,0.000,0.530,12.554,0,0,0,0,24,28,0,19,76,17,0
699,699699,23323300,0.000,0.451,12.693,0,0,0,0,24,28,0,21,76,21,0
700,700700,23356667,0.000,0.521,10.443,0,0,0,0,25,29,0,26,76,26,0
701,701701,23390033,0.000,0.360,8.300,0,0,0,0,24,29,0,19,76,19,0
702,702702,23423400,5.646,13.517,13.206,76,0,0,0,24,29,76,0,76,24,0
703,703703,23456767,5.695,18.082,14.865,76,0,0,0,24,29,76,0,76,40,0
704,704704,23490133,5.771,19.186,15.929,76,0,0,0,24,29,76,0,76,51,0
705,705705,23523500,5.771,19.150,15.950,76,0,0,0,23,28,76,0,76,51,0
706,706706,23556867,5.764,19.128,15.942,76,0,0,0,24,29,76,0,76,51,0
707,707707,23590233,5.766,18.529,16.232,76,0,0,0,24,31,76,0,76,50,0
708,708708,23623600,4.557,7.110,15.110,76,0,0,0,24,34,73,19,76,21,0
709,709709,23656967,1.832,0.918,12.402,43,0,0,0,24,37,20,24,76,26,0
710,710710,23690333,0.000,0.267,12.085,0,0,0,0,24,34,0,0,76,0,0
711,711711,23723700,0.000,1.124,14.118,0,0,0,0,24,31,0,30,76,30,0
712,712712,23757067,0.000,1.532,13.802,0,0,0,0,24,28,0,36,76,35,0
713,713713,23790433,3.965,0.485,11.993,60,0,0,0,24,27,0,18,76,0,0
714,714714,23823800,23.066,1.245,13.878,76,0,76,0,24,27,0,28,76,0,0
715,715715,23857167,25.467,2.078,12.085,76,0,76,0,24,27,0,38,76,0,0
716,716716,23890533,25.877,2.333,11.471,76,0,76,0,24,27,0,45,76,0,0
717,717717,23923900,25.900,2.353,11.443,76,0,76,0,24,27,0,45,76,0,0
718,718718,23957267,25.903,2.358,11.468,76,0,76,0,24,28,0,45,76,0,0
719,719719,23990633,20.953,0.880,16.023,76,0,76,0,24,28,0,22,76,0,0
720,720720,24024000,6.180,1.137,15.392,76,0,41,0,24,27,0,31,76,28,0
721,721721,24057367,1.750,1.361,14.059,31,0,0,0,24,27,0,36,76,33,0
722,722722,24090733,0.000,0.151,13.210,0,0,0,0,24,27,0,0,76,0,0
723,723723,24124100,0.000,0.452,11.723,0,0,0,0,24,26,0,24,76,24,0
724,724724,24157467,0.000,0.467,10.317,0,0,0,0,24,25,0,26,76,27,0
725,725725,24190833,0.272,0.350,8.194,22,0,0,0,24,26,0,18,76,19,0
726,726726,24224200,5.645,14.754,13.923,76,0,0,0,24,27,76,0,76,24,0
727,727727,24257567,5.541,18.246,15.205,76,0,0,0,24,27,76,18,76,43,0
728,728728,24290933,5.456,18.808,15.988,76,0,0,0,24,28,76,20,76,49,0
729,729729,24324300,5.476,18.859,15.998,76,0,0,0,23,28,76,20,76,49,0
730,730730,24357667,5.475,18.845,16.017,76,0,0,0,23,28,76,20,76,49,0
731,731731,24391033,5.127,10.269,14.231,76,0,0,0,23,28,76,0,76,18,0
732,732732,24424400,2.459,1.040,12.658,60,0,0,0,23,31,27,25,76,25,0
733,733733,24457767,0.102,0.461,10.679,20,0,0,0,22,31,0,25,76,27,0
734,734734,24491133,0.000,0.175,11.123,0,0,0,0,22,31,0,0,76,0,0
735,735735,24524500,0.000,0.924,14.126,0,0,0,0,22,31,0,27,76,26,0
736,736736,24557867,0.000,1.463,13.865,0,0,0,0,22,31,0,36,76,35,0
737,737737,24591233,4.414,0.175,12.237,71,0,24,0,22,31,0,0,76,0,0
738,738738,24624600,23.531,1.224,13.780,76,0,76,0,22,34,0,25,76,0,0
739,739739,24657967,25.300,1.989,11.938,76,0,76,0,22,35,0,39,76,0,0
740,740740,24691333,25.827,2.307,11.292,76,0,76,0,24,31,0,46,76,0,0
741,741741,24724700,25.821,2.314,11.264,76,0,76,0,25,27,0,46,76,0,0
742,742742,24758067,25.742,2.345,11.242,76,0,76,0,24,27,0,46,76,0,0
743,743743,24791433,20.376,0.746,15.791,76,0,76,0,23,26,0,20,76,0,0
744,744744,24824800,5.890,1.230,15.512,75,0,37,0,23,24,0,30,76,26,0
745,745745,24858167,1.271,1.538,13.954,33,0,0,0,22,24,0,37,76,34,0
746,746746,24891533,0.000,0.896,12.546,0,0,0,0,22,25,0,24,76,23,0
747,747747,24924900,0.000,0.391,12.915,0,0,0,0,22,30,0,21,76,21,0
748,748748,24958267,0.000,0.495,10.744,0,0,0,0,22,32,0,26,76,26,0
749,749749,24991633,3.895,2.569,10.768,76,0,0,0,22,32,61,0,76,0,0
750,750750,25025000,5.859,17.048,14.810,76,0,0,0,22,31,76,0,76,33,0
751,751751,25058367,5.742,18.669,15.662,76,0,0,0,22,31,76,18,76,47,0
752,752752,25091733,5.804,19.014,16.144,76,0,0,0,23,31,76,18,76,52,0
753,753753,25125100,5.785,19.007,16.139,76,0,0,0,23,31,76,18,76,52,0
754,754754,25158467,5.785,18.952,16.108,76,0,0,0,23,31,76,19,76,52,0
755,755755,25191833,5.168,10.545,14.500,76,0,0,0,24,34,76,0,76,18,0
756,756756,25225200,2.485,1.064,12.693,62,0,0,0,24,36,27,26,76,26,0
757,757757,25258567,0.167,0.475,10.549,19,0,0,0,23,36,0,26,76,27,0
758,758758,25291933,0.000,0.186,11.068,0,0,0,0,23,34,0,0,76,0,0
759,759759,25325300,0.000,0.987,14.123,0,0,0,0,23,31,0,29,76,27,0
760,760760,25358667,0.000,1.463,13.944,0,0,0,0,23,31,0,36,76,34,0
761,761761,25392033,12.088,12.364,30.495,76,0,43,0,23,29,76,40,76,39,0
762,762762,25425400,29.073,19.983,40.798,76,0,76,0,24,27,76,47,76,45,0
763,763763,25458767,31.044,21.531,43.133,76,0,76,0,24,25,76,52,76,53,0
764,764764,25492133,31.120,21.859,43.318,76,0,76,0,24,25,76,53,76,53,0
765,765765,25525500,31.080,22.153,43.347,76,0,76,0,24,27,76,53,76,53,0
766,766766,25558867,31.083,22.161,43.354,76,0,76,0,24,27,76,53,76,54,0
767,767767,25592233,25.621,14.952,31.301,76,0,76,0,24,27,76,24,76,24,0
768,768768,25625600,8.452,0.996,14.552,68,0,31,0,24,27,35,0,76,0,0
769,769769,25658967,2.227,0.182,2.781,30,0,0,0,23,30,0,0,37,0,0
770,770770,25692333,0.000,0.187,0.000,0,0,0,0,23,32,0,0,0,0,0
771,771771,25725700,0.000,0.187,0.000,0,0,0,0,23,32,0,0,0,0,0
772,772772,25759067,0.000,0.187,0.000,0,0,0,0,23,32,0,0,0,0,0
773,773773,25792433,0.000,0.185,0.000,0,0,0,0,24,30,0,0,0,0,0
774,774774,25825800,0.000,0.183,0.000,0,0,0,0,25,29,0,0,0,0,0
775,775775,25859167,0.000,0.150,0.000,0,0,0,0,25,27,0,0,0,0,0
776,776776,25892533,0.000,0.152,0.000,0,0,0,0,25,28,0,0,0,0,0
777,777777,25925900,0.000,0.160,0.000,0,0,0,0,25,31,0,0,0,0,0
778,778778,25959267,0.000,0.160,0.000,0,0,0,0,25,31,0,0,0,0,0
779,779779,25992633,0.000,0.160,0.000,0,0,0,0,25,31,0,0,0,0,0
780,780780,26026000,0.000,0.160,0.000,0,0,0,0,25,31,0,0,0,0,0
781,781781,26059367,0.000,0.160,0.000,0,0,0,0,25,31,0,0,0,0,0
782,782782,26092733,0.000,0.213,0.000,0,0,0,0,25,31,0,0,0,0,0
783,783783,26126100,0.000,1.435,0.000,0,0,0,0,76,30,0,0,0,0,0
784,784784,26159467,0.000,1.779,0.000,0,0,0,0,76,28,0,0,0,0,0
785,785785,26192833,0.000,1.769,0.000,0,0,0,0,76,28,0,0,0,0,0
786,786786,26226200,0.000,1.766,0.000,0,0,0,0,76,27,0,0,0,0,0
787,787787,26259567,0.000,1.766,0.000,0,0,0,0,76,27,0,0,0,0,0
788,788788,26292933,0.000,1.528,0.000,0,0,0,0,76,28,0,0,0,0,0
789,789789,26326300,0.021,3.933,0.000,0,18,0,0,76,28,0,0,0,0,0
790,790790,26359667,0.125,4.821,0.000,0,22,0,0,76,28,0,0,0,0,0
791,791791,26393033,0.165,5.002,0.000,0,22,0,0,76,28,0,0,0,0,0
792,792792,26426400,0.164,5.000,0.000,0,22,0,0,76,30,0,0,0,0,0
793,793793,26459767,0.161,4.968,0.000,0,22,0,0,76,36,0,0,0,0,0
794,794794,26493133,0.272,3.585,0.000,0,69,0,0,76,36,0,0,0,0,0
795,795795,26526500,2.712,8.574,0.000,0,76,0,0,76,36,0,0,0,0,0
796,796796,26559867,3.682,9.759,0.000,17,76,0,0,76,36,0,0,0,0,0
797,797797,26593233,3.862,9.965,0.000,20,76,0,0,76,36,0,0,0,0,0
798,798798,26626600,3.838,9.966,0.000,20,76,0,0,76,35,0,0,0,0,0
799,799799,26659967,3.813,9.913,0.000,20,76,0,0,76,35,0,0,0,0,0
800,800800,26693333,5.561,7.454,0.000,0,76,0,0,76,30,0,0,0,0,0
801,801801,26726700,10.204,10.291,0.000,0,76,0,0,76,25,0,0,0,0,0
802,802802,26760067,11.283,11.875,0.000,17,76,0,0,76,20,0,0,0,0,0
803,803803,26793433,11.538,11.766,0.000,17,76,0,0,76,20,0,0,0,0,0
804,804804,26826800,11.522,11.800,0.000,17,76,0,0,76,18,0,0,0,0,0
805,805805,26860167,11.520,11.864,0.000,17,76,0,0,76,17,0,0,0,0,0
806,806806,26893533,10.513,9.551,0.000,0,76,0,0,76,17,0,0,0,0,0
807,807807,26926900,11.396,13.522,0.000,0,76,0,0,76,17,0,0,0,0,0
808,808808,26960267,12.360,14.245,0.000,0,76,0,0,76,20,0,0,0,0,0
809,809809,26993633,12.568,14.345,0.000,0,76,0,0,76,22,0,0,0,0,0
810,810810,27027000,12.568,14.392,0.000,0,76,0,0,76,23,0,0,0,0,0
811,811811,27060367,12.590,14.402,0.000,0,76,0,0,76,23,0,0,0,0,0
812,812812,27093733,19.353,15.929,1.182,48,76,0,0,76,25,21,0,76,0,0
813,813813,27127100,45.662,36.439,33.245,76,76,76,0,76,76,76,27,76,28,19
814,814814,27160467,50.331,41.504,43.130,76,76,76,0,76,76,76,50,76,51,24
815,815815,27193833,51.246,42.984,45.547,76,76,76,0,76,76,76,58,76,57,25
816,816816,27227200,51.177,43.025,45.622,76,76,76,0,76,76,76,58,76,57,25
817,817817,27260567,51.249,42.934,45.649,76,76,76,0,76,76,76,58,76,57,25
818,818818,27293933,44.815,30.864,31.321,76,76,76,0,76,76,76,24,76,24,0
819,819819,27327300,14.039,9.411,13.463,66,76,47,0,76,76,34,0,76,0,0
820,820820,27360667,1.739,2.045,2.743,25,45,0,0,50,32,0,0,39,0,0
821,821821,27394033,0.000,0.079,0.000,0,0,0,0,0,32,0,0,0,0,0
822,822822,27427400,0.000,0.087,0.000,0,0,0,0,0,33,0,0,0,0,0
823,823823,27460767,0.000,0.080,0.000,0,0,0,0,0,31,0,0,0,0,0
824,824824,27494133,0.000,0.109,0.000,0,0,0,0,17,30,0,0,0,0,0
825,825825,27527500,0.000,0.109,0.000,0,0,0,0,17,30,0,0,0,0,0
826,826826,27560867,0.000,0.108,0.000,0,0,0,0,17,30,0,0,0,0,0
827,827827,27594233,0.000,1.166,0.000,0,0,0,0,76,30,0,0,0,0,0
828,828828,27627600,0.000,1.764,0.000,0,0,0,0,76,30,0,0,0,0,0
829,829829,27660967,0.000,1.797,0.000,0,0,0,0,76,30,0,0,0,0,0
830,830830,27694333,0.000,1.797,0.000,0,0,0,0,76,28,0,0,0,0,0
831,831831,27727700,0.000,1.798,0.000,0,0,0,0,76,27,0,0,0,0,0
832,832832,27761067,0.000,1.789,0.000,0,0,0,0,76,27,0,0,0,0,0
833,833833,27794433,0.000,1.880,0.000,0,0,0,0,76,28,0,0,0,0,0
834,834834,27827800,0.071,4.295,0.000,0,18,0,0,76,29,0,0,0,0,0
835,835835,27861167,0.167,5.029,0.000,0,23,0,0,76,31,0,0,0,0,0
836,836836,27894533,0.169,5.120,0.000,0,23,0,0,76,34,0,0,0,0,0
837,837837,27927900,0.167,5.187,0.000,0,23,0,0,76,37,0,0,0,0,0
838,838838,27961267,0.167,5.173,0.000,0,23,0,0,76,30,0,0,0,0,0
839,839839,27994633,0.681,4.189,0.000,0,72,0,0,76,27,0,0,0,0,0
840,840840,28028000,3.055,8.735,0.000,0,76,0,0,76,25,0,0,0,0,0
841,841841,28061367,3.730,9.908,0.000,0,76,0,0,76,24,0,0,0,0,0
842,842842,28094733,3.976,10.144,0.000,17,76,0,0,76,21,0,0,0,0,0
843,843843,28128100,3.980,10.093,0.000,18,76,0,0,76,17,0,0,0,0,0
844,844844,28161467,3.915,9.996,0.000,18,76,0,0,76,17,0,0,0,0,0
845,845845,28194833,8.424,9.015,0.000,0,76,0,0,76,17,0,0,0,0,0
846,846846,28228200,10.841,10.866,0.000,0,76,0,0,76,17,0,0,0,0,0
847,847847,28261567,11.400,11.855,0.000,0,76,0,0,76,17,0,0,0,0,0
848,848848,28294933,11.498,12.073,0.000,0,76,0,0,76,17,0,0,0,0,0
849,849849,28328300,11.512,12.000,0.000,0,76,0,0,76,19,0,0,0,0,0
850,850850,28361667,11.466,11.987,0.000,0,76,0,0,76,21,0,0,0,0,0
851,851851,28395033,10.265,10.058,0.000,0,76,0,0,76,21,0,0,0,0,0
852,852852,28428400,11.631,13.550,0.000,0,76,0,0,76,22,0,0,0,0,0
853,853853,28461767,12.644,14.229,0.000,0,76,0,0,76,24,0,0,0,0,0
854,854854,28495133,12.712,14.452,0.000,0,76,0,0,76,25,0,0,0,0,0
855,855855,28528500,12.740,14.513,0.000,0,76,0,0,76,25,0,0,0,0,0
856,856856,28561867,12.734,14.401,0.000,0,76,0,0,76,25,0,0,0,0,0
857,857857,28595233,12.773,14.416,0.000,0,76,0,0,76,25,0,0,0,0,0
858,858858,28628600,12.771,14.420,0.000,0,76,0,0,76,25,0,0,0,0,0
859,859859,28661967,12.773,14.400,0.000,0,76,0,0,76,25,0,0,0,0,0
860,860860,28695333,12.861,14.178,0.447,22,76,0,0,76,25,0,0,64,0,0
861,861861,28728700,43.846,32.511,31.070,76,76,76,0,76,76,76,22,76,24,0
862,862862,28762067,50.133,40.654,41.176,76,76,76,0,76,76,76,44,76,46,22
863,863863,28795433,33.492,20.851,24.448,76,76,76,0,76,76,76,0,76,0,0
864,864864,28828800,8.170,5.552,7.756,47,59,25,0,76,60,21,0,76,0,0
865,865865,28862167,0.194,0.666,0.524,0,26,0,0,26,28,0,0,21,0,0
866,866866,28895533,0.000,0.166,0.000,0,0,0,0,18,29,0,0,0,0,0
867,867867,28928900,0.000,0.170,0.000,0,0,0,0,18,31,0,0,0,0,0
868,868868,28962267,0.000,0.139,0.000,0,0,0,0,17,31,0,0,0,0,0
869,869869,28995633,0.000,0.139,0.000,0,0,0,0,17,31,0,0,0,0,0
870,870870,29029000,0.000,0.139,0.000,0,0,0,0,17,31,0,0,0,0,0
871,871871,29062367,0.000,0.139,0.000,0,0,0,0,17,31,0,0,0,0,0
872,872872,29095733,0.000,0.154,0.000,0,0,0,0,17,36,0,0,0,0,0
873,873873,29129100,0.000,0.148,0.000,0,0,0,0,17,34,0,0,0,0,0
874,874874,29162467,0.000,0.154,0.000,0,0,0,0,17,36,0,0,0,0,0
875,875875,29195833,0.000,0.140,0.000,0,0,0,0,17,31,0,0,0,0,0
876,876876,29229200,0.000,0.129,0.000,0,0,0,0,17,27,0,0,0,0,0
877,877877,29262567,0.000,0.115,0.000,0,0,0,0,17,22,0,0,0,0,0
878,878878,29295933,16.835,9.356,18.799,76,76,38,0,70,43,72,0,76,0,0
879,879879,29329300,48.373,38.541,38.711,76,76,76,0,76,76,76,37,76,39,17
880,880880,29362667,50.746,42.031,44.779,76,76,76,0,76,76,76,53,76,54,24
881,881881,29396033,39.268,27.748,30.075,76,76,76,0,76,76,76,20,76,20,0
882,882882,29429400,11.483,8.159,11.683,64,76,24,0,76,76,30,0,76,0,0
883,883883,29462767,2.002,1.700,3.095,33,39,0,0,46,34,0,0,37,0,0
884,884884,29496133,38.447,28.952,31.112,76,76,76,0,76,76,76,23,76,21,0
885,885885,29529500,50.446,40.946,42.993,76,76,76,0,76,76,76,48,76,48,22
886,886886,29562867,51.672,42.360,44.976,76,76,76,0,76,76,76,55,76,53,24
887,887887,29596233,39.210,28.840,30.347,76,76,76,0,76,76,76,23,76,21,0
888,888888,29629600,11.997,8.323,12.191,67,76,27,0,76,76,28,0,76,0,0
889,889889,29662967,0.943,1.644,1.956,25,43,0,0,46,40,0,0,31,0,0
890,890890,29696333,0.000,0.149,0.000,0,0,0,0,18,34,0,0,0,0,0
891,891891,29729700,0.000,0.143,0.000,0,0,0,0,18,32,0,0,0,0,0
892,892892,29763067,0.000,0.146,0.000,0,0,0,0,18,33,0,0,0,0,0
893,893893,29796433,0.000,0.160,0.000,0,0,0,0,18,38,0,0,0,0,0
894,894894,29829800,0.000,0.176,0.000,0,0,0,0,18,44,0,0,0,0,0
895,895895,29863167,0.000,0.152,0.000,0,0,0,0,22,42,0,0,0,0,0
896,896896,29896533,0.000,0.147,0.000,0,0,0,0,22,40,0,0,0,0,0
897,897897,29929900,0.000,0.136,0.000,0,0,0,0,22,36,0,0,0,0,0
898,898898,29963267,0.000,0.120,0.000,0,0,0,0,22,31,0,0,0,0,0
899,899899,29996633,0.000,0.120,0.000,0,0,0,0,22,31,0,0,0,0,0
900,900900,30030000,0.000,0.124,0.000,0,0,0,0,22,32,0,0,0,0,0
901,901901,30063367,0.000,0.124,0.000,0,0,0,0,22,32,0,0,0,0,0
902,902902,30096733,16.548,10.344,17.742,76,76,41,0,76,48,63,0,76,0,0
903,903903,30130100,48.468,38.740,39.114,76,76,76,0,76,76,76,37,76,39,18
904,904904,30163467,51.160,41.700,43.703,76,76,76,0,76,76,76,49,76,49,23
905,905905,30196833,32.617,19.988,24.981,76,76,76,0,76,76,76,0,76,0,0
906,906906,30230200,7.966,5.688,8.084,48,73,24,0,76,69,21,0,76,0,0
907,907907,30263567,0.548,0.996,1.320,18,32,0,0,32,46,0,0,28,0,0
908,908908,30296933,33.736,24.736,28.589,76,76,69,0,76,76,76,18,76,17,0
909,909909,30330300,49.969,40.324,42.272,76,76,76,0,76,76,76,48,76,47,22
910,910910,30363667,51.859,42.721,45.019,76,76,76,0,76,76,76,54,76,57,24
911,911911,30397033,37.757,26.832,29.232,76,76,76,0,76,76,76,19,76,19,0
912,912912,30430400,11.525,7.880,11.552,61,76,24,0,76,76,27,0,76,0,0
913,913913,30463767,0.918,1.378,1.869,25,41,0,0,38,33,0,0,30,0,0
914,914914,30497133,0.000,0.111,0.000,0,0,0,0,19,29,0,0,0,0,0
915,915915,30530500,0.000,0.108,0.000,0,0,0,0,19,28,0,0,0,0,0
916,916916,30563867,0.000,0.105,0.000,0,0,0,0,19,27,0,0,0,0,0
917,917917,30597233,0.000,0.098,0.000,0,0,0,0,19,24,0,0,0,0,0
918,918918,30630600,0.000,0.136,0.000,0,0,0,0,19,24,0,0,0,0,0
919,919919,30663967,0.000,0.145,0.000,0,0,0,0,20,24,0,0,0,0,0
920,920920,30697333,41.995,30.375,31.064,76,76,76,0,76,76,76,22,76,24,0
921,921921,30730700,50.419,40.881,43.082,76,76,76,0,76,76,76,49,76,50,24
922,922922,30764067,51.774,42.407,44.952,76,76,76,0,76,76,76,55,76,56,24
923,923923,30797433,42.929,28.408,29.254,76,76,76,0,76,76,76,21,76,24,0
924,924924,30830800,12.101,9.359,11.160,61,76,40,0,76,76,29,0,76,0,0
925,925925,30864167,1.608,1.866,1.815,30,38,0,0,43,33,0,0,28,0,0
926,926926,30897533,0.000,0.105,0.000,0,0,0,0,17,31,0,0,0,0,0
927,927927,30930900,0.000,0.108,0.000,0,0,0,0,17,32,0,0,0,0,0
928,928928,30964267,0.000,0.108,0.000,0,0,0,0,17,32,0,0,0,0,0
929,929929,30997633,0.000,0.105,0.000,0,0,0,0,17,31,0,0,0,0,0
930,930930,31031000,0.000,0.105,0.000,0,0,0,0,17,31,0,0,0,0,0
931,931931,31064367,0.000,0.111,0.000,0,0,0,0,17,33,0,0,0,0,0
932,932932,31097733,35.863,25.898,29.441,76,76,76,0,76,76,76,17,76,19,0
933,933933,31131100,49.640,40.225,42.570,76,76,76,0,76,76,76,47,76,47,22
934,934934,31164467,51.485,42.583,45.212,76,76,76,0,76,76,76,52,76,53,24
935,935935,31197833,43.931,33.181,32.365,76,76,76,0,76,76,76,26,76,27,0
936,936936,31231200,14.727,9.975,15.259,76,76,38,0,76,76,35,0,76,0,0
937,937937,31264567,3.773,2.394,3.336,31,46,0,0,53,42,0,0,45,0,0
938,938938,31297933,0.000,0.114,0.000,0,0,0,0,21,30,0,0,0,0,0
939,939939,31331300,0.000,0.109,0.000,0,0,0,0,21,28,0,0,0,0,0
940,940940,31364667,0.000,0.106,0.000,0,0,0,0,21,27,0,0,0,0,0
941,941941,31398033,0.000,0.106,0.000,0,0,0,0,21,27,0,0,0,0,0
942,942942,31431400,0.000,0.106,0.000,0,0,0,0,21,27,0,0,0,0,0
943,943943,31464767,0.000,0.104,0.000,0,0,0,0,21,26,0,0,0,0,0
944,944944,31498133,30.873,22.379,26.108,76,76,76,0,76,76,76,0,76,0,0
945,945945,31531500,50.228,40.039,41.499,76,76,76,0,76,76,76,44,76,45,22
946,946946,31564867,51.714,42.484,45.072,76,76,76,0,76,76,76,54,76,55,25
947,947947,31598233,36.988,25.645,28.840,76,76,76,0,76,76,76,19,76,18,0
948,948948,31631600,11.131,7.695,10.904,64,76,21,0,76,76,27,0,76,0,0
949,949949,31664967,1.208,1.409,1.731,25,36,0,0,43,34,0,0,28,0,0
950,950950,31698333,0.000,0.128,0.000,0,0,0,0,20,25,0,0,0,0,0
951,951951,31731700,0.000,0.136,0.000,0,0,0,0,20,27,0,0,0,0,0
952,952952,31765067,0.000,0.178,0.000,0,0,0,0,20,31,0,0,0,0,0
953,953953,31798433,0.000,0.165,0.000,0,0,0,0,19,28,0,0,0,0,0
954,954954,31831800,0.000,0.158,0.000,0,0,0,0,20,25,0,0,0,0,0
955,955955,31865167,0.000,0.155,0.000,0,0,0,0,20,24,0,0,0,0,0
956,956956,31898533,36.393,0.716,8.674,76,76,76,0,27,24,0,22,76,0,0
957,957957,31931900,43.445,2.640,10.739,76,76,76,0,54,24,0,39,76,0,0
958,958958,31965267,43.902,3.091,11.453,76,76,76,0,61,24,0,47,76,18,0
959,959959,31998633,44.124,3.128,11.499,76,76,76,0,61,25,0,47,76,18,0
960,960960,32032000,44.214,3.139,11.499,76,76,76,0,61,25,0,47,76,18,0
961,961961,32065367,44.068,2.914,11.205,76,76,76,0,58,25,0,41,76,17,0
962,962962,32098733,29.513,4.222,14.712,76,76,76,0,76,25,0,17,76,0,0
963,963963,32132100,13.332,7.255,14.246,52,76,24,0,76,25,0,33,76,33,0
964,964964,32165467,8.873,7.712,13.125,26,76,0,0,76,25,0,34,76,33,0
965,965965,32198833,4.229,12.604,12.644,18,76,0,0,76,24,0,18,76,0,0
966,966966,32232200,1.904,15.488,11.123,18,56,0,0,76,25,0,25,76,26,0
967,967967,32265567,1.454,15.579,9.546,18,46,0,0,76,25,0,25,76,27,0
968,968968,32298933,5.397,26.443,13.907,76,0,0,0,76,76,76,0,76,19,0
969,969969,32332300,5.691,28.528,15.352,76,0,0,0,76,76,76,0,76,44,0
970,970970,32365667,5.664,27.962,15.979,76,0,0,0,76,76,76,19,76,50,0
971,971971,32399033,5.675,27.718,16.244,76,0,0,0,76,76,76,19,76,52,0
972,972972,32432400,5.658,27.615,16.248,76,0,0,0,76,76,76,19,76,52,0
973,973973,32465767,5.670,27.575,16.237,76,0,0,0,76,76,76,19,76,52,0
974,974974,32499133,5.287,26.245,14.350,76,0,0,0,76,76,76,0,76,19,0
975,975975,32532500,3.570,17.862,12.698,60,44,0,0,76,76,31,27,76,27,0
976,976976,32565867,2.020,16.688,10.573,25,50,0,0,76,33,24,27,76,29,0
977,977977,32599233,4.600,12.253,14.122,18,76,0,0,76,28,0,17,76,17,0
978,978978,32632600,7.560,9.380,14.472,24,76,0,0,76,27,0,33,76,32,0
979,979979,32665967,7.581,7.609,13.727,24,76,0,0,76,28,0,33,76,32,0
980,980980,32699333,34.216,3.576,15.206,76,76,76,0,76,30,0,0,76,0,0
981,981981,32732700,42.800,3.249,12.392,76,76,76,0,63,32,0,36,76,0,0
982,982982,32766067,44.371,3.225,11.670,76,76,76,0,60,31,0,45,76,0,0
983,983983,32799433,44.536,3.204,11.454,76,76,76,0,61,29,0,45,76,0,0
984,984984,32832800,44.498,3.169,11.363,76,76,76,0,61,25,0,45,76,0,0
985,985985,32866167,44.481,3.141,11.310,76,76,76,0,61,26,0,45,76,0,0
986,986986,32899533,31.084,5.641,16.812,76,76,76,0,76,29,0,24,76,20,0
987,987987,32932900,14.014,7.754,14.954,60,76,25,0,76,31,0,36,76,35,0
988,988988,32966267,7.868,7.817,13.793,28,76,0,0,76,31,0,36,76,35,0
989,989989,32999633,3.418,14.552,14.195,24,76,0,0,76,26,0,21,76,20,0
990,990990,33033000,1.859,15.841,11.534,24,52,0,0,76,25,0,26,76,27,0
991,991991,33066367,1.683,15.859,10.232,24,52,0,0,76,26,0,26,76,27,0
992,992992,33099733,4.758,22.298,12.346,76,0,0,0,76,76,76,0,76,0,0
993,993993,33133100,5.697,28.325,14.979,76,0,0,0,76,76,76,0,76,37,0
994,994994,33166467,5.690,27.742,15.822,76,0,0,0,76,76,76,17,76,49,0
995,995995,33199833,5.637,27.565,16.254,76,0,0,0,76,76,76,19,76,52,0
996,996996,33233200,5.636,27.510,16.336,76,0,0,0,76,76,76,19,76,52,0
997,997997,33266567,5.636,27.555,16.339,76,0,0,0,76,76,76,20,76,52,0
998,998998,33299933,5.385,29.622,15.881,76,17,0,0,76,76,76,0,76,23,0
999,999999,33333300,3.496,19.147,13.800,57,43,0,0,76,76,37,25,76,27,0
1000,1001000,33366667,1.609,16.643,10.952,24,51,0,0,76,45,21,27,76,27,0
1001,1002001,33400033,5.013,12.241,14.503,22,76,0,0,76,25,0,21,76,21,0
1002,1003002,33433400,7.526,9.345,14.455,24,76,0,0,76,25,0,38,76,34,0
1003,1004003,33466767,7.860,7.586,13.542,24,76,0,0,76,25,0,37,76,33,0
1004,1005004,33500133,38.372,4.003,15.569,76,76,76,0,76,21,0,24,76,0,0
1005,1006005,33533500,43.372,3.325,12.908,76,76,76,0,58,21,0,38,76,0,0
1006,1007006,33566867,43.847,3.228,11.645,76,76,76,0,65,21,0,43,76,0,0
1007,1008007,33600233,43.763,3.147,11.353,76,76,76,0,65,21,0,43,76,0,0
1008,1009008,33633600,43.855,3.106,11.344,76,76,76,0,65,21,0,44,76,0,0
1009,1010009,33666967,44.393,2.769,12.139,76,76,76,0,56,23,0,38,76,0,0
1010,1011010,33700333,26.104,5.942,16.665,76,76,64,0,76,23,0,26,76,24,0
1011,1012011,33733700,12.911,7.903,14.745,54,76,17,0,76,23,0,39,76,36,0
1012,1013012,33767067,8.313,8.086,13.801,25,76,0,0,76,27,0,38,76,36,0
1013,1014013,33800433,3.993,13.759,14.397,18,76,0,0,76,31,0,21,76,21,0
1014,1015014,33833800,1.850,15.670,12.218,18,54,0,0,76,36,0,27,76,27,0
1015,1016015,33867167,1.146,15.537,9.815,18,47,0,0,76,36,0,24,76,26,0
1016,1017016,33900533,5.545,25.580,13.794,76,0,0,0,76,76,76,0,76,20,0
1017,1018017,33933900,5.500,28.233,15.002,76,0,0,0,76,76,76,0,76,43,0
1018,1019018,33967267,5.548,27.775,15.902,76,0,0,0,76,76,76,17,76,50,0
1019,1020019,34000633,5.576,27.355,16.222,76,0,0,0,76,76,76,17,76,54,0
1020,1021020,34034000,5.560,27.256,16.248,76,0,0,0,76,76,76,17,76,54,0
1021,1022021,34067367,5.572,27.269,16.261,76,0,0,0,76,76,76,17,76,54,0
1022,1023022,34100733,5.042,26.487,15.468,76,24,0,0,76,76,76,0,76,22,0
1023,1024023,34134100,3.515,17.720,12.728,60,45,0,0,76,76,29,26,76,29,0
1024,1025024,34167467,1.989,16.670,10.909,25,49,0,0,76,32,24,27,76,29,0
1025,1026025,34200833,4.070,13.142,13.864,21,76,0,0,76,22,0,17,76,17,0
1026,1027026,34234200,7.373,9.592,14.245,25,76,0,0,76,23,0,31,76,30,0
1027,1028027,34267567,7.518,8.395,14.022,25,76,0,0,76,23,0,36,76,36,0
1028,1029028,34300933,27.062,3.900,14.524,76,76,72,0,76,23,0,0,76,0,0
1029,1030029,34334300,42.468,3.309,12.788,76,76,76,0,76,23,0,31,76,0,0
1030,1031030,34367667,44.138,3.288,11.628,76,76,76,0,60,28,0,45,76,17,0
1031,1032031,34401033,44.346,3.251,11.239,76,76,76,0,61,28,0,46,76,18,0
1032,1033032,34434400,44.541,3.216,11.252,76,76,76,0,61,28,0,46,76,18,0
1033,1034033,34467767,44.193,3.820,14.133,76,76,76,0,70,28,0,38,76,18,0
1034,1035034,34501133,25.054,6.584,17.140,76,76,65,0,76,29,0,30,76,30,0
1035,1036035,34534500,12.853,7.982,14.595,51,76,17,0,76,32,0,37,76,37,0
1036,1037036,34567867,7.859,7.753,13.268,30,76,0,0,76,32,0,36,76,34,0
1037,1038037,34601233,3.248,13.741,13.211,22,76,0,0,76,32,0,19,76,18,0
1038,1039038,34634600,1.843,15.624,10.991,22,55,0,0,76,32,0,28,76,28,0
1039,1040039,34667967,1.626,15.832,9.844,22,54,0,0,76,32,0,28,76,28,0
1040,1041040,34701333,5.563,26.088,13.091,76,0,0,0,76,76,76,0,76,17,0
1041,1042041,34734700,5.740,28.664,15.320,76,0,0,0,76,76,76,0,76,42,0
1042,1043042,34768067,5.540,27.847,15.865,76,0,0,0,76,76,76,18,76,49,0
1043,1044043,34801433,5.546,27.196,16.087,76,0,0,0,76,76,76,18,76,51,0
1044,1045044,34834800,5.605,27.003,16.080,76,0,0,0,76,76,76,18,76,51,0
1045,1046045,34868167,5.627,26.984,16.150,76,0,0,0,76,76,76,20,76,51,0
1046,1047046,34901533,5.142,25.531,15.213,76,24,0,0,76,76,76,17,76,19,0
1047,1048047,34934900,3.504,17.812,12.877,57,44,0,0,76,76,28,26,76,31,0
1048,1049048,34968267,1.673,15.368,8.808,22,46,0,0,76,33,0,18,76,19,0
1049,1050049,35001633,6.711,11.018,13.758,22,76,0,0,76,30,0,26,76,24,0
1050,1051050,35035000,7.833,8.882,14.281,24,76,0,0,76,30,0,37,76,36,0
1051,1052051,35068367,7.850,8.124,13.594,25,76,0,0,76,30,0,37,76,36,0
1052,1053052,35101733,27.038,3.897,14.334,76,76,70,0,76,32,0,0,76,0,0
1053,1054053,35135100,42.170,3.422,12.787,76,76,76,0,76,34,0,35,76,0,0
1054,1055054,35168467,43.823,3.326,11.607,76,76,76,0,60,30,0,48,76,17,0
1055,1056055,35201833,44.104,3.183,11.115,76,76,76,0,61,34,0,48,76,17,0
1056,1057056,35235200,44.187,3.160,11.201,76,76,76,0,61,36,0,48,76,17,0
1057,1058057,35268567,44.216,3.134,11.215,76,76,76,0,61,38,0,48,76,17,0
1058,1059058,35301933,35.005,5.093,16.704,76,76,76,0,76,27,0,23,76,17,0
1059,1060059,35335300,15.377,7.410,15.415,54,76,31,0,76,24,0,36,76,33,0
1060,1061060,35368667,8.269,7.387,13.173,24,76,0,0,76,18,0,34,76,30,0
1061,1062061,35402033,3.124,13.846,13.248,17,76,0,0,76,20,0,18,76,17,0
1062,1063062,35435400,1.647,15.691,11.044,17,52,0,0,76,25,0,27,76,27,0
1063,1064063,35468767,1.051,15.473,9.654,17,42,0,0,76,24,0,24,76,26,0
1064,1065064,35502133,5.715,25.239,13.336,76,0,0,0,76,76,76,0,76,20,0
1065,1066065,35535500,5.768,28.250,15.211,76,0,0,0,76,76,76,0,76,42,0
1066,1067066,35568867,5.661,27.823,15.952,76,0,0,0,76,76,76,19,76,50,0
1067,1068067,35602233,5.673,27.368,16.085,76,0,0,0,76,76,76,19,76,50,0
1068,1069068,35635600,5.630,27.228,16.093,76,0,0,0,76,76,76,19,76,50,0
1069,1070069,35668967,5.632,26.416,14.788,76,0,0,0,76,76,76,17,76,38,0
1070,1071070,35702333,4.414,23.095,14.063,76,32,0,0,76,76,66,17,76,19,0
1071,1072071,35735700,3.180,17.090,12.008,39,48,0,0,76,66,24,29,76,31,0
1072,1073072,35769067,1.512,16.633,10.270,24,48,0,0,76,29,21,29,76,31,0
1073,1074073,35802433,4.541,12.709,13.374,21,76,0,0,76,31,0,17,76,17,0
1074,1075074,35835800,7.514,9.421,13.940,24,76,0,0,76,27,0,32,76,31,0
1075,1076075,35869167,7.588,8.352,13.667,24,76,0,0,76,25,0,35,76,35,0
1076,1077076,35902533,32.052,3.790,15.725,76,76,76,0,76,24,0,17,76,0,0
1077,1078077,35935900,42.591,3.430,13.000,76,76,76,0,76,23,0,35,76,0,0
1078,1079078,35969267,44.212,3.170,11.816,76,76,76,0,60,23,0,45,76,0,0
1079,1080079,36002633,44.133,3.093,11.364,76,76,76,0,60,24,0,46,76,0,0
1080,1081080,36036000,44.001,3.100,11.378,76,76,76,0,60,25,0,46,76,0,0
1081,1082081,36069367,43.994,3.096,11.313,76,76,76,0,60,25,0,46,76,0,0
1082,1083082,36102733,29.012,5.266,15.930,76,76,76,0,76,25,0,23,76,0,0
1083,1084083,36136100,14.187,7.519,14.710,58,76,21,0,76,26,0,37,76,36,0
1084,1085084,36169467,6.848,7.336,12.009,27,76,0,0,76,24,0,23,76,23,0
1085,1086085,36202833,2.699,14.739,12.438,22,76,0,0,76,23,0,24,76,24,0
1086,1087086,36236200,1.779,15.843,10.612,22,52,0,0,76,28,0,29,76,29,0
1087,1088087,36269567,1.641,15.876,10.382,22,52,0,0,76,28,0,29,76,30,0
1088,1089088,36302933,4.843,23.748,12.558,76,22,0,0,76,76,76,0,76,0,0
1089,1090089,36336300,5.733,29.142,14.685,76,0,0,0,76,76,76,0,76,37,0
1090,1091090,36369667,5.734,28.270,15.767,76,0,0,0,76,76,76,17,76,50,0
1091,1092091,36403033,5.757,27.688,16.048,76,0,0,0,76,76,76,17,76,51,0
1092,1093092,36436400,5.738,27.544,16.013,76,0,0,0,76,76,76,17,76,51,0
1093,1094093,36469767,5.701,27.449,14.365,76,0,0,0,76,76,76,0,76,28,0
1094,1095094,36503133,3.926,19.932,13.561,73,37,0,0,76,76,44,24,76,26,0
1095,1096095,36536500,2.680,16.984,11.686,38,49,0,0,76,52,23,27,76,33,0
1096,1097096,36569867,1.464,16.344,9.291,24,51,0,0,76,26,21,26,76,27,0
1097,1098097,36603233,5.480,12.258,14.044,22,76,0,0,76,18,18,20,76,20,0
1098,1099098,36636600,7.802,9.092,14.254,24,76,0,0,76,17,18,36,76,34,0
1099,1100099,36669967,8.196,9.891,16.187,24,76,0,0,76,20,19,41,76,39,0
1100,1101100,36703333,40.443,37.624,38.300,76,76,76,0,76,76,76,48,76,46,20
1101,1102101,36736700,50.089,41.410,44.091,76,76,76,0,76,76,76,54,76,54,24
1102,1103102,36770067,51.219,42.299,45.187,76,76,76,0,76,76,76,58,76,58,24
1103,1104103,36803433,51.403,42.674,45.387,76,76,76,0,76,76,76,59,76,58,24
1104,1105104,36836800,51.300,42.705,45.460,76,76,76,0,76,76,76,59,76,58,24
1105,1106105,36870167,51.256,42.568,45.280,76,76,76,0,76,76,76,58,76,58,24
1106,1107106,36903533,31.853,21.720,26.378,76,76,72,0,76,76,76,0,76,0,0
1107,1108107,36936900,9.301,6.674,9.033,54,76,21,0,76,76,23,0,76,0,0
1108,1109108,36970267,1.333,1.083,1.290,24,35,0,0,34,25,0,0,24,0,0
1109,1110109,37003633,0.000,0.089,0.000,0,0,0,0,18,21,0,0,0,0,0
1110,1111110,37037000,0.000,0.089,0.000,0,0,0,0,18,21,0,0,0,0,0
1111,1112111,37070367,0.000,0.153,0.000,0,0,0,0,19,26,0,0,0,0,0
1112,1113112,37103733,0.000,7.880,0.000,0,0,0,0,19,76,0,0,0,0,0
1113,1114113,37137100,0.000,9.807,0.000,0,0,0,0,20,76,0,0,0,0,0
1114,1115114,37170467,0.000,10.086,0.000,0,0,0,0,21,76,0,0,0,0,0
1115,1116115,37203833,0.000,10.078,0.000,0,0,0,0,22,76,0,0,0,0,0
1116,1117116,37237200,0.000,10.064,0.000,0,0,0,0,22,76,0,0,0,0,0
1117,1118117,37270567,0.000,9.038,0.000,0,0,0,0,22,76,0,0,0,0,0
1118,1119118,37303933,0.000,12.038,0.000,0,0,0,0,22,76,0,0,0,0,0
1119,1120119,37337300,0.000,13.086,0.000,0,0,0,0,22,76,0,0,0,0,0
1120,1121120,37370667,0.000,13.177,0.000,0,0,0,0,22,76,0,0,0,0,0
1121,1122121,37404033,0.000,13.193,0.000,0,0,0,0,22,76,0,0,0,0,0
1122,1123122,37437400,0.000,13.169,0.000,0,0,0,0,22,76,0,0,0,0,0
1123,1124123,37470767,0.000,12.678,0.000,0,0,0,0,22,76,0,0,0,0,0
1124,1125124,37504133,0.000,11.740,0.000,0,0,0,0,22,76,0,0,0,0,0
1125,1126125,37537500,0.000,12.617,0.000,0,0,0,0,22,76,0,0,0,0,0
1126,1127126,37570867,0.000,12.827,0.000,0,0,0,0,25,76,0,0,0,0,0
1127,1128127,37604233,0.000,12.770,0.000,0,0,0,0,25,76,0,0,0,0,0
1128,1129128,37637600,0.000,12.760,0.000,0,0,0,0,25,76,0,0,0,0,0
1129,1130129,37670967,0.000,10.034,0.000,0,0,0,0,25,76,0,0,0,0,0
1130,1131130,37704333,0.000,13.818,0.000,0,0,0,0,25,76,0,0,0,0,0
1131,1132131,37737700,0.000,16.067,0.107,0,0,0,0,26,76,0,0,0,0,17
1132,1133132,37771067,0.000,16.424,0.321,0,0,0,0,26,76,0,0,0,0,18
1133,1134133,37804433,0.000,16.622,0.385,0,0,0,0,25,76,0,0,0,0,19
1134,1135134,37837800,0.000,16.676,0.385,0,0,0,0,26,76,0,0,0,0,19
1135,1136135,37871167,0.000,15.548,0.000,0,0,0,0,25,76,0,0,0,0,0
1136,1137136,37904533,0.000,8.047,0.000,0,0,0,0,23,76,0,0,0,0,0
1137,1138137,37937900,0.000,7.793,0.000,0,0,0,0,23,76,0,0,0,0,0
1138,1139138,37971267,0.000,8.019,0.000,0,0,0,0,23,76,0,0,0,0,0
1139,1140139,38004633,0.000,8.119,0.000,0,0,0,0,23,76,0,0,0,0,0
1140,1141140,38038000,0.000,8.119,0.000,0,0,0,0,23,76,0,0,0,0,0
1141,1142141,38071367,0.000,7.959,0.000,0,0,0,0,23,76,0,0,0,0,0
1142,1143142,38104733,0.000,5.211,0.000,0,0,0,0,23,76,0,0,0,0,0
1143,1144143,38138100,0.000,6.507,0.000,0,0,0,0,23,76,0,0,0,0,0
1144,1145144,38171467,0.000,6.751,0.000,0,0,0,0,23,76,0,0,0,0,0
1145,1146145,38204833,0.000,6.870,0.000,0,0,0,0,23,76,0,0,0,0,0
1146,1147146,38238200,0.000,6.913,0.000,0,0,0,0,23,76,0,0,0,0,0
1147,1148147,38271567,1.727,7.419,0.479,32,76,0,0,22,76,0,0,58,0,0
1148,1149148,38304933,34.553,24.375,10.077,76,76,76,0,26,76,24,18,76,19,27
1149,1150149,38338300,42.941,30.352,13.890,76,76,76,0,55,76,35,34,76,26,36
1150,1151150,38371667,44.700,31.308,15.063,76,76,76,0,61,76,35,41,76,27,38
1151,1152151,38405033,45.020,31.421,15.185,76,76,76,0,61,76,35,44,76,27,38
1152,1153152,38438400,44.902,31.430,15.205,76,76,76,0,61,76,35,44,76,27,38
1153,1154153,38471767,43.758,29.046,12.734,76,76,76,0,45,76,32,28,76,24,32
1154,1155154,38505133,23.752,15.477,13.496,76,76,72,0,76,76,0,0,76,0,0
1155,1156155,38538500,11.618,7.870,13.280,39,76,21,0,76,26,0,31,76,29,0
1156,1157156,38571867,5.442,6.344,11.026,18,76,0,0,76,21,0,20,76,18,0
1157,1158157,38605233,1.949,13.360,10.891,0,72,0,0,76,21,0,0,76,0,0
1158,1159158,38638600,1.418,15.464,9.827,0,50,0,0,76,23,0,27,76,27,0
1159,1160159,38671967,0.589,14.638,8.264,0,40,0,0,76,22,0,19,76,20,0
1160,1161160,38705333,5.765,24.312,12.558,76,0,0,0,76,76,76,0,76,0,0
1161,1162161,38738700,5.691,27.153,14.569,76,0,0,0,76,76,76,0,76,38,0
1162,1163162,38772067,5.711,27.220,15.944,76,0,0,0,76,76,76,19,76,50,0
1163,1164163,38805433,5.765,27.232,16.149,76,0,0,0,76,76,76,19,76,50,0
1164,1165164,38838800,5.796,27.292,16.202,76,0,0,0,76,76,76,18,76,50,0
1165,1166165,38872167,5.676,26.341,14.794,76,0,0,0,76,76,76,0,76,39,0
1166,1167166,38905533,4.362,21.695,14.105,76,33,0,0,76,76,55,23,76,24,0
1167,1168167,38938900,3.089,17.054,11.740,38,49,0,0,76,59,21,29,76,29,0
1168,1169168,38972267,2.051,15.175,11.545,20,55,0,0,76,30,17,21,76,21,0
1169,1170169,39005633,6.627,10.841,14.840,26,76,0,0,76,28,0,28,76,26,0
1170,1171170,39039000,7.771,8.998,14.392,26,76,0,0,76,27,17,37,76,36,0
1171,1172171,39072367,10.808,6.313,13.135,49,76,0,0,76,26,0,31,76,28,0
1172,1173172,39105733,38.942,4.021,14.918,76,76,76,0,76,26,0,25,76,0,0
1173,1174173,39139100,43.537,3.208,12.471,76,76,76,0,54,26,0,40,76,0,0
1174,1175174,39172467,44.445,3.224,11.368,76,76,76,0,60,27,0,48,76,0,0
1175,1176175,39205833,44.544,3.164,11.431,76,76,76,0,60,25,0,48,76,0,0
1176,1177176,39239200,44.399,3.111,11.403,76,76,76,0,59,24,0,48,76,0,0
1177,1178177,39272567,41.632,2.986,13.995,76,76,76,0,67,18,0,31,76,0,0
1178,1179178,39305933,19.591,6.239,16.305,76,76,49,0,76,0,0,28,76,26,0
1179,1180179,39339300,11.729,7.747,14.159,44,76,0,0,76,0,0,38,76,37,0
1180,1181180,39372667,6.936,7.144,12.315,24,76,0,0,76,0,0,27,76,26,0
1181,1182181,39406033,2.772,14.300,12.735,20,76,0,0,76,0,0,20,76,18,0
1182,1183182,39439400,1.616,15.665,10.887,20,52,0,0,76,24,0,27,76,29,0
1183,1184183,39472767,2.664,15.415,9.242,41,39,0,0,76,25,31,0,76,18,0
1184,1185184,39506133,5.699,28.678,14.298,76,0,0,0,76,76,76,0,76,30,0
1185,1186185,39539500,5.684,28.256,15.554,76,0,0,0,76,76,76,18,76,47,0
1186,1187186,39572867,5.742,27.515,16.118,76,0,0,0,76,76,76,19,76,54,0
1187,1188187,39606233,5.741,27.076,16.154,76,0,0,0,76,76,76,19,76,54,0
1188,1189188,39639600,5.727,27.064,16.156,76,0,0,0,76,76,76,19,76,54,0
1189,1190189,39672967,5.761,27.632,16.183,76,0,0,0,76,76,76,18,76,46,0
1190,1191190,39706333,4.515,24.980,15.227,76,31,0,0,76,76,76,22,76,24,0
1191,1192191,39739700,3.277,17.120,12.773,53,48,0,0,76,76,24,27,76,29,0
1192,1193192,39773067,1.804,16.600,10.626,24,48,0,0,76,32,20,27,76,29,0
1193,1194193,39806433,5.045,12.319,13.671,20,76,0,0,76,18,0,18,76,18,0
1194,1195194,39839800,7.597,9.143,14.053,24,76,0,0,76,19,0,33,76,32,0
1195,1196195,39873167,7.606,7.179,12.077,24,76,0,0,76,21,0,27,76,26,0
1196,1197196,39906533,36.872,3.938,14.514,76,76,76,0,76,24,0,19,76,0,0
1197,1198197,39939900,43.163,3.346,12.296,76,76,76,0,63,25,0,37,76,0,0
1198,1199198,39973267,44.118,3.131,11.468,76,76,76,0,60,25,0,46,76,0,0
1199,1200199,40006633,44.040,3.014,11.416,76,76,76,0,60,25,0,46,76,0,0
1200,1201200,40040000,44.178,3.075,11.455,76,76,76,0,60,25,0,46,76,0,0
1201,1202201,40073367,43.612,3.027,12.430,76,76,76,0,54,25,0,39,76,0,0
1202,1203202,40106733,26.789,5.787,16.784,76,76,72,0,76,25,0,24,76,24,0
1203,1204203,40140100,12.727,7.685,14.804,45,76,18,0,76,25,0,36,76,35,0
1204,1205204,40173467,6.417,7.543,13.731,23,76,0,0,76,25,0,24,76,24,0
1205,1206205,40206833,2.736,14.850,13.654,23,76,0,0,76,26,0,23,76,22,0
1206,1207206,40240200,1.763,15.884,10.856,23,52,0,0,76,26,0,27,76,27,0
1207,1208207,40273567,2.657,15.684,9.207,48,36,0,0,76,33,31,0,76,18,0
1208,1209208,40306933,5.681,28.548,14.301,76,0,0,0,76,76,76,0,76,30,0
1209,1210209,40340300,5.563,28.137,15.394,76,0,0,0,76,76,76,18,76,47,0
1210,1211210,40373667,5.634,27.579,16.081,76,0,0,0,76,76,76,19,76,51,0
1211,1212211,40407033,5.640,27.241,16.115,76,0,0,0,76,76,76,19,76,51,0
1212,1213212,40440400,5.639,27.227,16.114,76,0,0,0,76,76,76,19,76,51,0
1213,1214213,40473767,5.584,30.506,16.594,76,0,0,0,76,76,76,17,76,34,0
1214,1215214,40507133,3.767,21.873,15.112,69,38,0,0,76,76,51,23,76,25,0
1215,1216215,40540500,2.533,16.821,12.278,31,52,0,0,76,53,20,27,76,28,0
1216,1217216,40573867,2.909,13.356,12.759,19,76,0,0,76,19,0,0,76,0,0
1217,1218217,40607233,7.440,9.726,14.490,25,76,0,0,76,0,0,34,76,29,0
1218,1219218,40640600,8.042,8.709,14.110,28,76,0,0,76,0,0,40,76,38,0
1219,1220219,40673967,7.637,6.699,11.990,26,76,0,0,76,0,0,27,76,24,0
1220,1221220,40707333,37.849,3.785,14.460,76,76,76,0,76,0,0,21,76,0,0
1221,1222221,40740700,43.570,3.219,12.203,76,76,76,0,63,0,0,38,76,0,0
1222,1223222,40774067,44.311,3.103,11.298,76,76,76,0,64,0,0,45,76,18,0
1223,1224223,40807433,44.474,3.012,11.360,76,76,76,0,64,0,0,45,76,18,0
1224,1225224,40840800,44.440,3.007,11.384,76,76,76,0,64,0,0,45,76,18,0
1225,1226225,40874167,39.881,4.050,14.900,76,76,76,0,76,0,0,21,76,0,0
1226,1227226,40907533,17.394,6.950,15.219,72,76,48,0,76,0,0,33,76,31,0
1227,1228227,40940900,10.552,7.916,13.927,37,76,0,0,76,0,0,40,76,37,0
1228,1229228,40974267,5.112,9.387,12.705,21,76,0,0,76,0,0,20,76,18,0
1229,1230229,41007633,2.140,15.128,12.404,21,64,0,0,76,22,0,26,76,26,0
1230,1231230,41041000,1.686,15.806,10.629,21,52,0,0,76,25,0,29,76,29,0
1231,1232231,41074367,1.500,15.745,9.939,21,47,0,0,76,25,0,29,76,29,0
1232,1233232,41107733,5.654,25.070,13.144,76,0,0,0,76,76,76,0,76,19,0
1233,1234233,41141100,5.613,28.163,14.932,76,0,0,0,76,76,76,0,76,41,0
1234,1235234,41174467,5.599,27.612,15.928,76,0,0,0,76,76,76,19,76,49,0
1235,1236235,41207833,5.624,27.282,16.293,76,0,0,0,76,76,76,20,76,51,0
1236,1237236,41241200,5.630,27.240,16.327,76,0,0,0,76,76,76,20,76,51,0
1237,1238237,41274567,5.624,27.315,16.254,76,0,0,0,76,76,76,20,76,51,0
1238,1239238,41307933,4.495,26.457,15.431,76,28,0,0,76,76,76,17,76,23,0
1239,1240239,41341300,3.245,17.992,13.188,43,46,0,0,76,76,31,29,76,30,0
1240,1241240,41374667,1.422,16.093,10.475,19,46,0,0,76,32,19,29,76,29,0
1241,1242241,41408033,5.303,11.323,14.371,20,76,0,0,76,0,0,24,76,22,0
1242,1243242,41441400,7.714,8.994,14.286,24,76,0,0,76,0,0,36,76,35,0
1243,1244243,41474767,10.792,5.752,12.938,54,76,0,0,76,0,0,23,76,21,0
1244,1245244,41508133,39.494,3.986,14.526,76,76,76,0,76,0,0,26,76,0,0
1245,1246245,41541500,43.823,3.118,12.314,76,76,76,0,57,0,0,39,76,0,0
1246,1247246,41574867,44.161,3.025,11.347,76,76,76,0,62,0,0,46,76,17,0
1247,1248247,41608233,44.320,3.044,11.349,76,76,76,0,62,0,0,46,76,17,0
1248,1249248,41641600,44.366,3.042,11.369,76,76,76,0,62,0,0,46,76,17,0
1249,1250249,41674967,44.030,3.508,13.775,76,76,76,0,61,0,0,38,76,0,0
1250,1251250,41708333,24.583,6.309,17.122,76,76,61,0,76,0,0,29,76,25,0
1251,1252251,41741700,12.100,7.881,14.878,33,76,18,0,76,0,0,39,76,37,0
1252,1253252,41775067,6.286,7.877,14.013,23,76,0,0,76,0,0,25,76,24,0
1253,1254253,41808433,2.762,14.868,13.717,23,76,0,0,76,22,0,25,76,25,0
1254,1255254,41841800,1.785,15.785,10.997,23,53,0,0,76,24,0,29,76,29,0
1255,1256255,41875167,1.141,15.159,7.744,22,44,0,0,76,23,0,0,76,21,0
1256,1257256,41908533,5.783,27.474,13.699,76,0,0,0,76,76,76,0,76,26,0
1257,1258257,41941900,5.707,28.061,15.489,76,0,0,0,76,76,76,17,76,44,0
1258,1259258,41975267,5.752,27.499,15.910,76,0,0,0,76,76,76,19,76,48,0
1259,1260259,42008633,5.753,27.384,16.037,76,0,0,0,76,76,76,19,76,48,0
1260,1261260,42042000,5.747,27.325,16.066,76,0,0,0,76,76,76,19,76,48,0
1261,1262261,42075367,5.730,26.521,15.145,76,0,0,0,76,76,76,17,76,42,0
1262,1263262,42108733,4.522,23.148,14.143,76,30,0,0,76,76,72,17,76,21,0
1263,1264263,42142100,3.088,17.058,12.157,39,47,0,0,76,70,23,29,76,31,0
1264,1265264,42175467,1.494,15.611,10.398,21,47,0,0,76,36,0,27,76,27,0
1265,1266265,42208833,6.051,11.160,14.897,24,76,0,0,76,30,0,26,76,26,0
1266,1267266,42242200,7.699,8.900,14.240,24,76,0,0,76,25,0,36,76,34,0
1267,1268267,42275567,16.417,4.661,13.789,76,76,28,0,76,24,0,17,76,17,0
1268,1269268,42308933,41.210,3.751,13.603,76,76,76,0,76,24,0,33,76,0,0
1269,1270269,42342300,43.362,3.293,11.933,76,76,76,0,62,24,0,43,76,17,0
1270,1271270,42375667,44.026,3.107,11.315,76,76,76,0,67,24,0,46,76,18,0
1271,1272271,42409033,44.100,3.102,11.352,76,76,76,0,67,25,0,46,76,18,0
1272,1273272,42442400,44.095,3.085,11.336,76,76,76,0,67,27,0,46,76,18,0
1273,1274273,42475767,40.342,4.352,16.008,76,76,76,0,76,27,0,25,76,17,0
1274,1275274,42509133,18.265,6.789,15.941,76,76,42,0,76,28,0,32,76,30,0
1275,1276275,42542500,11.052,7.944,14.288,41,76,0,0,76,27,0,39,76,37,0
1276,1277276,42575867,5.000,10.741,13.789,21,76,0,0,76,26,0,20,76,18,0
1277,1278277,42609233,2.035,15.326,12.691,21,60,0,0,76,25,0,24,76,25,0
1278,1279278,42642600,1.645,15.981,10.567,21,53,0,0,76,30,0,27,76,29,0
1279,1280279,42675967,1.317,15.504,8.837,22,45,0,0,76,28,0,24,76,27,0
1280,1281280,42709333,5.713,27.979,14.100,76,0,0,0,76,76,76,0,76,25,0
1281,1282281,42742700,5.523,28.296,15.192,76,0,0,0,76,76,76,17,76,46,0
1282,1283282,42776067,5.556,27.702,16.200,76,0,0,0,76,76,76,19,76,51,0
1283,1284283,42809433,5.512,27.431,16.225,76,0,0,0,76,76,76,19,76,51,0
1284,1285284,42842800,5.512,27.337,16.264,76,0,0,0,76,76,76,19,76,51,0
1285,1286285,42876167,5.516,26.353,15.383,76,0,0,0,76,76,76,0,76,40,0
1286,1287286,42909533,4.499,23.118,14.547,76,33,0,0,76,76,68,20,76,23,0
1287,1288287,42942900,2.899,16.839,12.187,43,49,0,0,76,69,22,27,76,28,0
1288,1289288,42976267,2.737,14.241,12.913,24,76,0,0,76,23,0,19,76,21,0
1289,1290289,43009633,7.024,10.316,14.802,24,76,0,0,76,0,0,32,76,29,0
1290,1291290,43043000,8.019,8.730,14.402,25,76,0,0,76,0,0,37,76,36,0
1291,1292291,43076367,17.609,25.337,27.152,76,76,0,0,76,76,76,38,76,36,0
1292,1293292,43109733,46.164,39.806,42.261,76,76,76,0,76,76,76,49,76,48,20
1293,1294293,43143100,50.837,42.222,44.881,76,76,76,0,76,76,76,54,76,55,24
1294,1295294,43176467,51.421,42.822,45.552,76,76,76,0,76,76,76,58,76,59,24
1295,1296295,43209833,51.695,42.821,45.533,76,76,76,0,76,76,76,58,76,59,24
1296,1297296,43243200,51.721,42.822,45.555,76,76,76,0,76,76,76,58,76,59,24
1297,1298297,43276567,45.284,35.292,34.732,76,76,76,0,76,76,76,32,76,32,0
1298,1299298,43309933,16.632,11.535,17.370,76,76,44,0,76,76,41,0,76,0,0
1299,1300299,43343300,4.406,3.160,4.104,41,56,0,0,66,50,0,0,48,0,0
1300,1301300,43376667,0.162,0.195,0.000,0,23,0,0,19,31,0,0,0,0,0
1301,1302301,43410033,0.000,0.081,0.000,0,0,0,0,0,29,0,0,0,0,0
1302,1303302,43443400,0.000,0.104,0.000,0,0,0,0,17,27,0,0,0,0,0
1303,1304303,43476767,0.000,0.131,0.000,0,0,0,0,18,24,0,0,0,0,0
1304,1305304,43510133,0.000,0.098,0.000,0,0,0,0,17,24,0,0,0,0,0
1305,1306305,43543500,0.000,0.105,0.000,0,0,0,0,17,24,0,0,0,0,0
1306,1307306,43576867,0.000,0.115,0.000,0,0,0,0,21,24,0,0,0,0,0
1307,1308307,43610233,0.000,0.115,0.000,0,0,0,0,21,24,0,0,0,0,0
1308,1309308,43643600,0.000,0.115,0.000,0,0,0,0,21,24,0,0,0,0,0
1309,1310309,43676967,0.000,0.114,0.000,0,0,0,0,20,24,0,0,0,0,0
1310,1311310,43710333,0.000,0.143,0.000,0,0,0,0,19,24,0,0,0,0,0
1311,1312311,43743700,0.000,0.143,0.000,0,0,0,0,19,24,0,0,0,0,0
1312,1313312,43777067,0.000,0.143,0.000,0,0,0,0,18,24,0,0,0,0,0
1313,1314313,43810433,0.000,0.167,0.000,0,0,0,0,17,24,0,0,0,0,0
1314,1315314,43843800,0.000,0.143,0.000,0,0,0,0,18,24,0,0,0,0,0
1315,1316315,43877167,0.000,0.252,0.000,0,0,0,0,18,48,0,0,0,0,0
1316,1317316,43910533,0.000,8.755,0.000,0,0,0,0,18,76,0,0,0,0,0
1317,1318317,43943900,0.000,9.866,0.000,0,0,0,0,18,76,0,0,0,0,0
1318,1319318,43977267,0.000,10.003,0.000,0,0,0,0,18,76,0,0,0,0,0
1319,1320319,44010633,0.000,10.068,0.000,0,0,0,0,19,76,0,0,0,0,0
1320,1321320,44044000,0.000,10.027,0.000,0,0,0,0,19,76,0,0,0,0,0
1321,1322321,44077367,0.000,9.691,0.000,0,0,0,0,20,76,0,0,0,0,0
1322,1323322,44110733,0.000,12.596,0.000,0,0,0,0,20,76,0,0,0,0,0
1323,1324323,44144100,0.000,13.172,0.000,0,0,0,0,18,76,0,0,0,0,0
1324,1325324,44177467,0.000,13.151,0.000,0,0,0,0,18,76,0,0,0,0,0
1325,1326325,44210833,0.000,13.239,0.000,0,0,0,0,18,76,0,0,0,0,0
1326,1327326,44244200,0.000,13.198,0.000,0,0,0,0,19,76,0,0,0,0,0
1327,1328327,44277567,0.000,10.776,0.000,0,0,0,0,21,76,0,0,0,0,0
1328,1329328,44310933,0.000,11.942,0.000,0,0,0,0,21,76,0,0,0,0,0
1329,1330329,44344300,0.000,12.482,0.000,0,0,0,0,21,76,0,0,0,0,0
1330,1331330,44377667,0.000,12.717,0.000,0,0,0,0,20,76,0,0,0,0,0
1331,1332331,44411033,0.000,12.732,0.000,0,0,0,0,19,76,0,0,0,0,0
1332,1333332,44444400,0.000,12.739,0.000,0,0,0,0,20,76,0,0,0,0,0
1333,1334333,44477767,0.000,10.329,0.000,0,0,0,0,20,76,0,0,0,0,0
1334,1335334,44511133,0.000,14.640,0.000,0,0,0,0,20,76,0,0,0,0,0
1335,1336335,44544500,0.000,16.067,0.111,0,0,0,0,20,76,0,0,0,0,17
1336,1337336,44577867,0.000,16.514,0.221,0,0,0,0,21,76,0,0,0,0,19
1337,1338337,44611233,0.000,16.549,0.221,0,0,0,0,21,76,0,0,0,0,19
1338,1339338,44644600,0.000,16.580,0.221,0,0,0,0,21,76,0,0,0,0,19
1339,1340339,44677967,0.000,13.036,0.000,0,0,0,0,21,76,0,0,0,0,0
1340,1341340,44711333,0.000,7.958,0.000,0,0,0,0,21,76,0,0,0,0,0
1341,1342341,44744700,0.000,8.244,0.000,0,0,0,0,20,76,0,0,0,0,0
1342,1343342,44778067,0.000,8.405,0.000,0,0,0,0,20,76,0,0,0,0,0
1343,1344343,44811433,0.000,8.485,0.000,0,0,0,0,21,76,0,0,0,0,0
1344,1345344,44844800,0.000,8.434,0.000,0,0,0,0,18,76,0,0,0,0,0
1345,1346345,44878167,6.700,10.972,2.115,67,76,0,0,19,76,24,0,62,0,0
1346,1347346,44911533,43.206,53.809,35.310,76,76,76,0,76,76,76,28,76,29,29
1347,1348347,44944900,50.130,61.836,43.934,76,76,76,0,76,76,76,47,76,51,42
1348,1349348,44978267,51.672,64.007,46.455,76,76,76,0,76,76,76,56,76,57,44
1349,1350349,45011633,51.736,64.400,46.953,76,76,76,17,76,76,76,56,76,58,45
1350,1351350,45045000,51.678,64.397,46.955,76,76,76,17,76,76,76,56,76,58,45
1351,1352351,45078367,47.917,54.512,35.567,76,76,76,0,76,76,76,30,76,30,28
1352,1353352,45111733,16.196,19.016,15.701,73,76,52,0,76,76,37,0,76,0,0
1353,1354353,45145100,3.092,2.632,3.303,32,55,0,0,62,39,0,0,46,0,0
1354,1355354,45178467,0.181,0.243,0.000,0,22,0,0,19,20,0,0,0,0,0
1355,1356355,45211833,0.000,0.157,0.000,0,0,0,0,19,20,0,0,0,0,0
1356,1357356,45245200,0.000,0.150,0.000,0,0,0,0,19,17,0,0,0,0,0
1357,1358357,45278567,0.000,0.101,0.000,0,0,0,0,19,0,0,0,0,0,0
1358,1359358,45311933,0.000,0.103,0.000,0,0,0,0,19,0,0,0,0,0,0
1359,1360359,45345300,0.000,0.109,0.000,0,0,0,0,20,0,0,0,0,0,0
1360,1361360,45378667,0.000,8.846,0.000,0,0,0,0,20,76,0,0,0,0,0
1361,1362361,45412033,0.000,10.050,0.000,0,0,0,0,20,76,0,0,0,0,0
1362,1363362,45445400,0.000,10.186,0.000,0,0,0,0,20,76,0,0,0,0,0
1363,1364363,45478767,0.000,10.206,0.000,0,0,0,0,20,76,0,0,0,0,0
1364,1365364,45512133,0.000,10.200,0.000,0,0,0,0,20,76,0,0,0,0,0
1365,1366365,45545500,0.000,10.193,0.000,0,0,0,0,21,76,0,0,0,0,0
1366,1367366,45578867,0.000,9.733,0.000,0,0,0,0,20,76,0,0,0,0,0
1367,1368367,45612233,0.000,12.568,0.000,0,0,0,0,20,76,0,0,0,0,0
1368,1369368,45645600,0.000,13.102,0.000,0,0,0,0,20,76,0,0,0,0,0
1369,1370369,45678967,0.000,13.100,0.000,0,0,0,0,20,76,0,0,0,0,0
1370,1371370,45712333,0.000,13.100,0.000,0,0,0,0,21,76,0,0,0,0,0
1371,1372371,45745700,0.000,13.114,0.000,0,0,0,0,20,76,0,0,0,0,0
1372,1373372,45779067,0.000,11.707,0.000,0,0,0,0,20,76,0,0,0,0,0
1373,1374373,45812433,0.000,12.312,0.000,0,0,0,0,20,76,0,0,0,0,0
1374,1375374,45845800,0.000,12.711,0.000,0,0,0,0,20,76,0,0,0,0,0
1375,1376375,45879167,0.000,12.757,0.000,0,0,0,0,20,76,0,0,0,0,0
1376,1377376,45912533,0.000,12.760,0.000,0,0,0,0,20,76,0,0,0,0,0
1377,1378377,45945900,0.000,12.747,0.000,0,0,0,0,20,76,0,0,0,0,0
1378,1379378,45979267,0.000,10.251,0.000,0,0,0,0,20,76,0,0,0,0,0
1379,1380379,46012633,0.000,15.319,0.000,0,0,0,0,20,76,0,0,0,0,0
1380,1381380,46046000,0.000,16.319,0.222,0,0,0,0,20,76,0,0,0,0,18
1381,1382381,46079367,0.000,16.525,0.222,0,0,0,0,20,76,0,0,0,0,18
1382,1383382,46112733,0.000,16.556,0.271,0,0,0,0,19,76,0,0,0,0,18
1383,1384383,46146100,0.000,16.590,0.271,0,0,0,0,19,76,0,0,0,0,18
1384,1385384,46179467,0.000,12.219,0.000,0,0,0,0,19,76,0,0,0,0,0
1385,1386385,46212833,0.000,7.511,0.000,0,0,0,0,20,76,0,0,0,0,0
1386,1387386,46246200,0.000,8.120,0.000,0,0,0,0,20,76,0,0,0,0,0
1387,1388387,46279567,0.000,8.354,0.000,0,0,0,0,20,76,0,0,0,0,0
1388,1389388,46312933,0.000,8.350,0.000,0,0,0,0,19,76,0,0,0,0,0
1389,1390389,46346300,0.000,8.325,0.000,0,0,0,0,19,76,0,0,0,0,0
1390,1391390,46379667,9.245,13.492,5.283,70,76,0,0,31,76,32,0,76,0,0
1391,1392391,46413033,42.922,55.103,36.764,76,76,76,0,76,76,76,30,76,30,31
1392,1393392,46446400,50.462,62.092,44.608,76,76,76,0,76,76,76,47,76,50,43
1393,1394393,46479767,51.748,63.620,46.858,76,76,76,0,76,76,76,53,76,58,46
1394,1395394,46513133,51.637,63.753,46.792,76,76,76,17,76,76,76,53,76,58,46
1395,1396395,46546500,51.653,63.756,46.856,76,76,76,17,76,76,76,53,76,58,46
1396,1397396,46579867,43.593,51.044,32.877,76,76,76,0,76,76,76,26,76,27,20
1397,1398397,46613233,14.721,15.110,14.955,76,76,37,0,76,76,34,0,76,0,0
1398,1399398,46646600,3.213,2.422,3.110,33,51,0,0,60,34,0,0,51,0,0
1399,1400399,46679967,0.058,0.155,0.000,0,19,0,0,17,24,0,0,0,0,0
1400,1401400,46713333,0.000,0.118,0.000,0,0,0,0,20,30,0,0,0,0,0
1401,1402401,46746700,0.000,0.151,0.000,0,0,0,0,20,42,0,0,0,0,0
1402,1403402,46780067,0.000,0.214,0.000,0,0,0,0,20,42,0,0,0,0,0
1403,1404403,46813433,0.000,0.210,0.000,0,0,0,0,20,40,0,0,0,0,0
1404,1405404,46846800,0.000,0.204,0.000,0,0,0,0,20,38,0,0,0,0,0
1405,1406405,46880167,0.000,0.200,0.000,0,0,0,0,20,37,0,0,0,0,0
1406,1407406,46913533,0.000,0.200,0.000,0,0,0,0,20,37,0,0,0,0,0
1407,1408407,46946900,0.000,0.200,0.000,0,0,0,0,20,37,0,0,0,0,0
1408,1409408,46980267,0.000,0.200,0.000,0,0,0,0,20,37,0,0,0,0,0
1409,1410409,47013633,0.000,0.200,0.000,0,0,0,0,20,37,0,0,0,0,0
1410,1411410,47047000,0.000,0.199,0.000,0,0,0,0,20,36,0,0,0,0,0
1411,1412411,47080367,6.559,4.155,4.962,55,48,0,0,43,57,24,0,58,0,0
1412,1413412,47113733,45.706,55.719,37.031,76,76,76,0,76,76,76,32,76,32,29
1413,1414413,47147100,50.808,63.084,44.649,76,76,76,0,76,76,76,50,76,54,42
1414,1415414,47180467,49.871,59.610,40.107,76,76,76,0,76,76,76,37,76,40,40
1415,1416415,47213833,21.579,25.771,18.322,76,76,59,0,76,76,44,0,76,0,0
1416,1417416,47247200,6.261,5.243,6.435,44,63,20,0,70,52,21,0,66,0,0
1417,1418417,47280567,38.824,45.743,31.462,76,76,76,0,76,76,76,24,76,23,17
1418,1419418,47313933,50.139,61.227,43.344,76,76,76,0,76,76,76,48,76,48,38
1419,1420419,47347300,51.588,63.356,46.344,76,76,76,0,76,76,76,52,76,54,45
1420,1421420,47380667,45.560,50.320,32.362,76,76,76,0,76,76,76,24,76,26,22
1421,1422421,47414033,14.440,15.625,13.897,72,76,48,0,76,76,35,0,76,0,0
1422,1423422,47447400,2.927,2.198,2.884,30,53,0,0,56,30,0,0,43,0,0
1423,1424423,47480767,0.000,0.139,0.000,0,0,0,0,17,31,0,0,0,0,0
1424,1425424,47514133,0.000,0.185,0.000,0,0,0,0,20,34,0,0,0,0,0
1425,1426425,47547500,0.000,0.248,0.000,0,0,0,0,23,37,0,0,0,0,0
1426,1427426,47580867,0.000,0.193,0.000,0,0,0,0,22,34,0,0,0,0,0
1427,1428427,47614233,0.000,0.143,0.000,0,0,0,0,22,30,0,0,0,0,0
1428,1429428,47647600,0.000,0.109,0.000,0,0,0,0,20,28,0,0,0,0,0
1429,1430429,47680967,0.000,0.111,0.000,0,0,0,0,20,30,0,0,0,0,0
1430,1431430,47714333,0.000,0.109,0.000,0,0,0,0,20,28,0,0,0,0,0
1431,1432431,47747700,0.000,0.135,0.000,0,0,0,0,20,38,0,0,0,0,0
1432,1433432,47781067,0.000,0.135,0.000,0,0,0,0,20,38,0,0,0,0,0
1433,1434433,47814433,0.000,0.135,0.000,0,0,0,0,20,38,0,0,0,0,0
1434,1435434,47847800,0.000,0.135,0.000,0,0,0,0,20,38,0,0,0,0,0
1435,1436435,47881167,16.347,13.216,17.826,76,76,21,0,74,60,61,0,76,0,0
1436,1437436,47914533,47.940,58.206,39.677,76,76,76,0,76,76,76,36,76,39,33
1437,1438437,47947900,51.423,63.192,45.542,76,76,76,0,76,76,76,50,76,53,42
1438,1439438,47981267,45.066,49.022,32.840,76,76,76,0,76,76,76,26,76,26,22
1439,1440439,48014633,13.816,14.024,13.584,72,76,41,0,76,76,35,0,76,0,0
1440,1441440,48048000,3.638,2.252,3.798,35,48,0,0,53,34,0,0,43,0,0
1441,1442441,48081367,37.372,43.224,30.513,76,76,76,0,76,76,76,21,76,22,17
1442,1443442,48114733,50.171,61.444,43.287,76,76,76,0,76,76,76,46,76,47,38
1443,1444443,48148100,52.013,63.645,46.414,76,76,76,0,76,76,76,53,76,57,44
1444,1445444,48181467,48.283,56.728,36.693,76,76,76,0,76,76,76,30,76,38,27
1445,1446445,48214833,16.796,19.435,15.471,68,76,44,0,76,76,44,0,76,0,0
1446,1447446,48248200,2.161,3.537,3.347,26,57,0,0,69,54,0,0,49,0,0
1447,1448447,48281567,0.192,0.264,0.000,0,23,0,0,20,25,0,0,0,0,0
1448,1449448,48314933,0.000,0.096,0.000,0,0,0,0,17,25,0,0,0,0,0
1449,1450449,48348300,0.000,0.096,0.000,0,0,0,0,17,25,0,0,0,0,0
1450,1451450,48381667,0.000,0.135,0.000,0,0,0,0,18,25,0,0,0,0,0
1451,1452451,48415033,0.000,0.150,0.000,0,0,0,0,21,29,0,0,0,0,0
1452,1453452,48448400,0.000,0.184,0.000,0,0,0,0,23,29,0,0,0,0,0
1453,1454453,48481767,0.000,0.188,5.340,0,0,0,0,22,32,0,0,76,0,0
1454,1455454,48515133,0.000,0.185,8.924,0,0,0,0,21,32,0,0,76,40,0
1455,1456455,48548500,0.000,0.178,10.354,0,0,0,0,20,31,0,0,76,51,0
1456,1457456,48581867,0.000,0.138,10.401,0,0,0,0,18,29,0,0,76,51,0
1457,1458457,48615233,0.000,0.146,10.401,0,0,0,0,18,32,0,0,76,51,0
1458,1459458,48648600,0.000,0.152,10.401,0,0,0,0,17,35,0,0,76,51,0
1459,1460459,48681967,0.000,0.147,6.373,0,0,0,0,17,33,0,0,76,20,0
1460,1461460,48715333,0.000,0.149,3.711,0,0,0,0,17,34,0,0,76,0,0
1461,1462461,48748700,0.000,0.147,0.939,0,0,0,0,17,33,0,0,42,0,0
1462,1463462,48782067,0.000,0.147,0.000,0,0,0,0,18,32,0,0,0,0,0
1463,1464463,48815433,0.000,0.147,0.000,0,0,0,0,19,31,0,0,0,0,0
1464,1465464,48848800,0.000,0.179,0.000,0,0,0,0,20,31,0,0,0,0,0
1465,1466465,48882167,0.000,0.177,0.700,0,0,0,0,20,30,0,0,32,0,0
1466,1467466,48915533,0.000,0.147,6.166,0,0,0,0,20,30,0,0,76,0,0
1467,1468467,48948900,0.000,0.147,6.983,0,0,0,0,20,30,0,0,76,0,0
1468,1469468,48982267,0.000,0.141,6.972,0,0,0,0,20,28,0,0,76,0,0
1469,1470469,49015633,0.000,0.135,7.154,0,0,0,0,20,25,0,0,76,0,0
1470,1471470,49049000,0.000,0.135,6.913,0,0,0,0,20,25,0,0,76,0,0
1471,1472471,49082367,0.000,0.135,3.202,0,0,0,0,20,25,0,0,76,0,0
1472,1473472,49115733,0.000,0.141,0.437,0,0,0,0,20,28,0,0,25,0,0
1473,1474473,49149100,0.000,0.147,0.000,0,0,0,0,20,30,0,0,0,0,0
1474,1475474,49182467,0.000,0.139,0.000,0,0,0,0,20,25,0,0,0,0,0
1475,1476475,49215833,0.000,0.173,0.000,0,0,0,0,19,39,0,0,0,0,0
1476,1477476,49249200,0.000,0.201,0.000,0,0,0,0,19,39,0,0,0,0,0
1477,1478477,49282567,0.000,0.198,3.085,0,0,0,0,19,39,0,0,76,0,0
1478,1479478,49315933,0.000,0.192,5.500,0,0,0,0,19,36,0,0,76,17,0
1479,1480479,49349300,0.000,0.238,6.846,0,0,0,0,19,39,0,17,76,22,0
1480,1481480,49382667,0.000,0.216,6.847,0,0,0,0,20,30,0,17,76,22,0
1481,1482481,49416033,0.000,0.243,6.846,0,0,0,0,19,30,0,17,76,22,0
1482,1483482,49449400,0.000,0.241,6.824,0,0,0,0,19,30,0,17,76,22,0
1483,1484483,49482767,0.000,0.174,3.342,0,0,0,0,19,30,0,0,76,0,0
1484,1485484,49516133,0.000,0.144,1.057,0,0,0,0,19,30,0,0,67,0,0
1485,1486485,49549500,0.000,0.147,0.277,0,0,0,0,20,30,0,0,23,0,0
1486,1487486,49582867,0.000,0.147,0.000,0,0,0,0,20,30,0,0,0,0,0
1487,1488487,49616233,0.000,0.147,0.000,0,0,0,0,20,30,0,0,0,0,0
1488,1489488,49649600,0.000,0.154,0.000,0,0,0,0,20,32,0,0,0,0,0
1489,1490489,49682967,0.000,0.152,3.947,0,0,0,0,19,32,0,0,76,0,0
1490,1491490,49716333,0.000,0.630,8.401,0,0,0,0,19,32,0,27,76,27,0
1491,1492491,49749700,0.000,1.152,9.645,0,0,0,0,19,30,0,37,76,36,0
1492,1493492,49783067,0.000,1.189,10.193,0,0,0,0,20,30,0,40,76,40,0
1493,1494493,49816433,0.000,1.187,10.193,0,0,0,0,20,29,0,40,76,40,0
1494,1495494,49849800,0.000,1.055,9.769,0,0,0,0,20,28,0,36,76,34,0
1495,1496495,49883167,0.000,0.175,5.745,0,0,0,0,20,28,0,0,76,0,0
1496,1497496,49916533,0.000,0.184,1.929,0,0,0,0,21,30,0,0,63,0,0
1497,1498497,49949900,0.000,0.180,0.234,0,0,0,0,20,30,0,0,19,0,0
1498,1499498,49983267,0.000,0.180,0.000,0,0,0,0,20,30,0,0,0,0,0
1499,1500499,50016633,0.000,0.150,0.000,0,0,0,0,20,30,0,0,0,0,0
1500,1501500,50050000,0.000,0.149,0.000,0,0,0,0,20,30,0,0,0,0,0
1501,1502501,50083367,0.000,0.146,4.081,0,0,0,0,20,29,0,0,76,0,0
1502,1503502,50116733,0.000,0.145,6.132,0,0,0,0,20,28,0,0,76,0,0
1503,1504503,50150100,0.000,0.174,6.616,0,0,0,0,20,29,0,0,76,0,0
1504,1505504,50183467,0.000,0.184,6.736,0,0,0,0,21,31,0,0,76,0,0
1505,1506505,50216833,0.000,0.181,6.733,0,0,0,0,20,31,0,0,76,0,0
1506,1507506,50250200,0.000,0.177,6.733,0,0,0,0,19,31,0,0,76,0,0
1507,1508507,50283567,0.000,0.176,4.839,0,0,0,0,19,31,0,0,76,0,0
1508,1509508,50316933,0.000,0.177,1.416,0,0,0,0,19,31,0,0,51,0,0
1509,1510509,50350300,0.000,0.177,0.000,0,0,0,0,19,31,0,0,0,0,0
1510,1511510,50383667,0.000,0.180,0.000,0,0,0,0,20,31,0,0,0,0,0
1511,1512511,50417033,0.000,0.180,0.000,0,0,0,0,20,31,0,0,0,0,0
1512,1513512,50450400,0.000,0.179,0.000,0,0,0,0,20,31,0,0,0,0,0
1513,1514513,50483767,0.000,0.179,4.372,0,0,0,0,20,31,0,0,76,0,0
1514,1515514,50517133,0.000,0.902,7.062,0,0,0,0,20,31,0,26,76,0,0
1515,1516515,50550500,0.000,1.927,8.252,0,0,0,0,20,31,0,36,76,0,0
1516,1517516,50583867,0.000,2.016,8.386,0,0,0,0,20,31,0,39,76,0,0
1517,1518517,50617233,0.000,2.002,8.386,0,0,0,0,22,29,0,39,76,0,0
1518,1519518,50650600,0.000,1.545,7.840,0,0,0,0,23,27,0,32,76,0,0
1519,1520519,50683967,0.000,0.154,3.919,0,0,0,0,23,29,0,0,76,0,0
1520,1521520,50717333,0.000,0.161,1.240,0,0,0,0,24,31,0,0,67,0,0
1521,1522521,50750700,0.000,0.159,0.000,0,0,0,0,23,31,0,0,0,0,0
1522,1523522,50784067,0.000,0.156,0.000,0,0,0,0,23,31,0,0,0,0,0
1523,1524523,50817433,0.000,0.157,0.000,0,0,0,0,23,31,0,0,0,0,0
1524,1525524,50850800,0.000,0.161,0.000,0,0,0,0,24,31,0,0,0,0,0
1525,1526525,50884167,0.000,0.162,2.817,0,0,0,0,24,31,0,0,76,0,0
1526,1527526,50917533,0.000,0.160,3.766,0,0,0,0,24,30,0,0,76,0,0
1527,1528527,50950900,0.000,0.475,4.071,0,0,0,0,24,29,0,19,76,0,0
1528,1529528,50984267,0.000,0.472,4.182,0,0,0,0,24,28,0,19,76,0,0
1529,1530529,51017633,0.000,0.472,4.151,0,0,0,0,24,28,0,19,76,0,0
1530,1531530,51051000,0.000,0.475,4.109,0,0,0,0,24,29,0,19,76,0,0
1531,1532531,51084367,0.000,0.157,2.454,0,0,0,0,24,29,0,0,76,0,0
1532,1533532,51117733,0.000,0.157,0.547,0,0,0,0,24,29,0,0,30,0,0
1533,1534533,51151100,0.000,0.157,0.000,0,0,0,0,24,29,0,0,0,0,0
1534,1535534,51184467,0.000,0.157,0.000,0,0,0,0,24,29,0,0,0,0,0
1535,1536535,51217833,0.000,0.157,0.000,0,0,0,0,24,29,0,0,0,0,0
1536,1537536,51251200,0.000,0.157,0.000,0,0,0,0,24,29,0,0,0,0,0
1537,1538537,51284567,4.432,4.947,0.000,0,0,56,57,24,30,72,42,0,0,0
1538,1539538,51317933,18.403,20.811,0.000,0,0,76,76,46,30,76,76,0,0,0
1539,1540539,51351300,23.593,25.652,0.921,0,0,76,76,76,32,76,76,0,34,24
1540,1541540,51384667,7.678,9.386,0.000,0,0,76,41,40,35,76,23,0,0,0
1541,1542541,51418033,0.471,0.552,0.000,0,0,22,0,19,37,23,0,0,0,0
1542,1543542,51451400,0.000,0.153,0.000,0,0,0,0,20,31,0,0,0,0,0
1543,1544543,51484767,2.163,1.338,0.000,0,0,0,76,22,31,0,51,0,0,0
1544,1545544,51518133,6.263,5.347,5.754,0,0,0,76,24,31,0,76,0,60,63
1545,1546545,51551500,7.422,5.833,7.360,0,0,0,76,24,31,0,76,0,70,70
1546,1547546,51584867,1.352,0.468,0.078,0,0,0,34,24,31,0,20,0,0,19
1547,1548547,51618233,0.000,0.162,0.000,0,0,0,0,24,31,0,0,0,0,0
1548,1549548,51651600,0.000,0.152,0.000,0,0,0,0,24,26,0,0,0,0,0
1549,1550549,51684967,9.261,8.025,0.000,0,0,75,72,24,27,76,26,0,0,0
1550,1551550,51718333,23.438,24.440,5.425,0,0,76,76,76,26,76,76,0,45,66
1551,1552551,51751700,26.978,29.707,8.762,0,0,76,76,76,26,76,76,0,71,76
1552,1553552,51785067,10.525,10.479,0.623,0,0,76,50,60,26,76,26,0,23,25
1553,1554553,51818433,0.402,0.696,0.000,0,0,25,0,22,26,24,0,0,0,0
1554,1555554,51851800,0.000,0.153,0.000,0,0,0,0,23,28,0,0,0,0,0
1555,1556555,51885167,4.391,2.955,3.515,0,0,0,76,23,31,0,51,0,37,40
1556,1557556,51918533,7.375,5.858,7.573,0,0,0,76,22,36,0,76,17,71,75
1557,1558557,51951900,8.603,7.403,11.987,0,0,0,76,22,36,0,76,22,76,76
1558,1559558,51985267,2.778,1.789,1.878,0,0,0,46,22,36,0,28,0,27,28
1559,1560559,52018633,0.000,0.149,0.000,0,0,0,0,22,28,0,0,0,0,0
1560,1561560,52052000,0.000,0.147,0.000,0,0,0,0,23,27,0,0,0,0,0
1561,1562561,52085367,17.272,16.644,2.743,0,0,76,76,24,30,76,41,0,36,33
1562,1563562,52118733,25.565,26.393,6.924,0,0,76,76,76,34,76,76,17,69,70
1563,1564563,52152100,27.767,30.561,10.634,0,0,76,76,76,28,76,76,20,76,76
1564,1565564,52185467,13.499,15.642,1.383,0,0,76,43,76,28,76,27,0,26,27
1565,1566565,52218833,0.770,1.337,0.000,0,0,28,0,32,28,30,0,0,0,0
1566,1567566,52252200,0.000,0.147,0.000,0,0,0,0,23,26,0,0,0,0,0
1567,1568567,52285567,2.796,1.344,0.577,0,0,0,70,23,26,0,34,0,23,32
1568,1569568,52318933,6.568,5.915,6.665,0,0,0,76,22,34,49,76,0,62,72
1569,1570569,52352300,7.287,5.681,7.928,0,0,0,76,22,34,0,76,0,76,76
1570,1571570,52385667,0.600,0.129,0.095,0,0,0,35,22,34,0,0,0,0,21
1571,1572571,52419033,0.000,0.119,0.000,0,0,0,0,22,30,0,0,0,0,0
1572,1573572,52452400,0.000,0.110,0.000,0,0,0,0,22,26,0,0,0,0,0
1573,1574573,52485767,18.659,17.228,2.674,0,0,76,76,22,26,76,45,0,29,37
1574,1575574,52519133,25.568,27.189,6.995,0,0,76,76,76,26,76,76,0,68,72
1575,1576575,52552500,27.261,30.388,10.993,0,0,76,76,76,29,76,76,21,76,76
1576,1577576,52585867,10.363,13.871,1.204,0,0,76,41,53,31,76,30,0,26,27
1577,1578577,52619233,0.453,1.114,0.000,0,0,23,0,26,34,29,0,0,0,0
1578,1579578,52652600,0.000,0.195,0.000,0,0,0,0,23,34,0,0,0,0,0
1579,1580579,52685967,3.009,1.797,0.586,0,0,0,74,22,30,0,37,0,29,25
1580,1581580,52719333,6.380,5.320,6.424,0,0,0,76,19,26,0,76,20,60,73
1581,1582581,52752700,7.285,5.388,7.265,0,0,0,76,19,26,0,76,20,74,67
1582,1583582,52786067,0.829,0.135,0.218,0,0,0,23,19,26,0,0,0,21,23
1583,1584583,52819433,0.000,0.133,0.000,0,0,0,0,18,26,0,0,0,0,0
1584,1585584,52852800,0.000,0.133,0.000,0,0,0,0,18,26,0,0,0,0,0
1585,1586585,52886167,20.885,20.323,3.792,0,0,76,76,51,26,76,52,0,33,46
1586,1587586,52919533,26.363,27.941,7.353,0,0,76,76,76,26,76,76,18,68,76
1587,1588587,52952900,27.647,30.167,11.247,0,0,76,76,76,25,76,76,19,76,76
1588,1589588,52986267,14.269,13.916,1.201,0,0,76,46,71,24,76,28,0,27,28
1589,1590589,53019633,0.595,1.114,0.000,0,0,31,0,34,24,32,0,0,0,0
1590,1591590,53053000,0.000,0.137,0.000,0,0,0,0,18,28,0,0,0,0,0
1591,1592591,53086367,4.341,3.172,4.044,0,0,0,76,18,30,0,53,0,36,41
1592,1593592,53119733,7.442,5.941,8.192,0,0,0,76,18,30,0,76,18,70,76
1593,1594593,53153100,8.470,7.284,11.270,0,0,0,76,19,32,0,76,18,76,76
1594,1595594,53186467,2.510,1.596,1.498,0,0,0,47,21,34,0,29,0,23,28
1595,1596595,53219833,0.000,0.270,0.000,0,0,0,0,23,36,0,0,0,0,0
1596,1597596,53253200,0.000,0.270,0.000,0,0,0,0,23,36,0,0,0,0,0
1597,1598597,53286567,19.640,18.284,4.028,0,0,76,76,35,36,76,55,0,36,41
1598,1599598,53319933,25.848,27.483,7.983,0,0,76,76,76,24,76,76,17,76,76
1599,1600599,53353300,26.053,27.943,8.080,0,0,76,76,76,25,76,76,17,76,76
1600,1601600,53386667,7.745,8.579,0.083,0,0,72,24,48,26,76,0,0,0,19
1601,1602601,53420033,0.427,0.608,0.000,0,0,21,0,19,27,21,0,0,0,0
1602,1603602,53453400,0.000,0.209,0.000,0,0,0,0,23,27,0,0,0,0,0
1603,1604603,53486767,2.770,1.484,0.459,0,0,0,72,23,27,0,35,0,19,26
1604,1605604,53520133,6.360,5.287,6.472,0,0,0,76,23,30,0,76,0,69,75
1605,1606605,53553500,6.815,5.356,7.230,0,0,0,76,24,30,0,76,0,70,75
1606,1607606,53586867,0.568,0.214,0.040,0,0,0,26,24,30,0,0,0,0,18
1607,1608607,53620233,0.000,0.216,0.000,0,0,0,0,25,30,0,0,0,0,0
1608,1609608,53653600,0.392,0.216,0.000,0,0,17,36,25,30,0,0,0,0,0
1609,1610609,53686967,21.502,21.306,5.176,0,0,76,76,55,24,76,60,0,44,54
1610,1611610,53720333,26.428,28.201,8.812,0,0,76,76,76,21,76,76,17,76,76
1611,1612611,53753700,26.759,28.315,8.911,0,0,76,76,76,28,76,76,0,76,76
1612,1613612,53787067,7.821,8.352,0.087,0,0,71,29,56,25,72,0,0,0,19
1613,1614613,53820433,0.415,0.697,0.000,0,0,24,0,27,28,24,0,0,0,0
1614,1615614,53853800,0.000,0.168,0.000,0,0,0,0,19,28,0,0,0,0,0
1615,1616615,53887167,4.114,3.022,3.759,0,0,0,76,19,25,0,47,0,29,46
1616,1617616,53920533,7.218,5.928,7.766,0,0,0,76,19,22,0,76,21,71,76
1617,1618617,53953900,8.199,6.829,10.984,0,0,0,76,19,22,0,76,23,76,76
1618,1619618,53987267,2.584,1.484,1.140,0,0,0,45,19,22,0,24,0,22,30
1619,1620619,54020633,0.000,0.152,0.000,0,0,0,0,19,22,0,0,0,0,0
1620,1621620,54054000,0.000,0.152,0.000,0,0,0,0,19,22,0,0,0,0,0
1621,1622621,54087367,21.700,19.134,3.650,0,0,76,76,35,22,76,48,0,32,39
1622,1623622,54120733,26.326,28.312,7.912,0,0,76,76,76,22,76,76,19,76,75
1623,1624623,54154100,25.968,27.039,7.937,0,0,76,76,76,22,76,76,19,76,76
1624,1625624,54187467,2.115,4.328,0.084,0,0,51,26,43,22,48,0,0,18,0
1625,1626625,54220833,0.000,0.163,0.000,0,0,0,0,22,22,0,0,0,0,0
1626,1627626,54254200,0.454,0.169,0.000,0,0,0,42,24,22,0,0,0,0,0
1627,1628627,54287567,5.214,3.996,5.262,0,0,0,76,24,32,0,62,0,56,53
1628,1629628,54320933,7.921,6.687,9.639,0,0,0,76,24,41,0,76,23,76,76
1629,1630629,54354300,7.904,6.358,9.328,0,0,0,76,24,36,0,76,23,76,76
1630,1631630,54387667,0.615,0.196,0.105,0,0,0,25,23,32,0,0,0,0,25
1631,1632631,54421033,0.000,0.183,0.000,0,0,0,0,23,27,0,0,0,0,0
1632,1633632,54454400,0.148,0.175,0.000,0,0,0,25,23,24,0,0,0,0,0
1633,1634633,54487767,21.688,20.742,4.636,0,0,76,76,54,22,76,54,0,37,45
1634,1635634,54521133,25.989,27.691,8.217,0,0,76,76,76,20,76,76,19,73,76
1635,1636635,54554500,26.754,29.344,10.402,0,0,76,76,76,22,76,76,19,76,76
1636,1637636,54587867,8.762,9.703,1.088,0,0,69,41,52,24,73,29,0,27,28
1637,1638637,54621233,0.431,0.598,0.000,0,0,24,0,24,27,19,0,0,0,0
1638,1639638,54654600,0.000,0.206,0.000,0,0,0,0,21,34,0,0,0,0,0
1639,1640639,54687967,1.347,0.430,0.000,0,0,0,57,22,30,0,21,0,0,0
1640,1641640,54721333,5.493,4.560,5.468,0,0,0,76,23,25,0,73,0,57,55
1641,1642641,54754700,4.284,2.974,3.576,0,0,0,76,24,24,0,44,0,31,31
1642,1643642,54788067,0.083,0.246,0.000,0,0,0,18,24,24,0,0,0,0,0
1643,1644643,54821433,0.000,0.246,0.000,0,0,0,0,24,24,0,0,0,0,0
1644,1645644,54854800,0.158,0.498,0.000,0,0,17,0,24,24,19,0,0,0,0
1645,1646645,54888167,21.250,20.571,2.420,0,0,76,76,52,24,76,59,0,29,37
1646,1647646,54921533,25.615,27.714,7.227,0,0,76,76,76,24,76,76,17,73,72
1647,1648647,54954900,27.291,29.938,10.012,0,0,76,76,76,24,76,76,20,76,76
1648,1649648,54988267,11.763,12.710,0.892,0,0,76,42,76,24,76,24,0,24,26
1649,1650649,55021633,0.503,1.106,0.000,0,0,24,0,26,24,27,0,0,0,0
1650,1651650,55055000,0.083,0.064,0.000,0,0,0,18,0,24,0,0,0,0,0
1651,1652651,55088367,4.621,3.295,4.026,0,0,0,76,18,24,0,53,0,36,50
1652,1653652,55121733,7.463,5.973,7.806,0,0,0,76,19,24,0,76,0,73,76
1653,1654653,55155100,4.622,3.135,4.415,0,0,0,76,20,24,0,46,0,37,50
1654,1655654,55188467,0.177,0.113,0.000,0,0,0,23,23,30,0,0,0,0,0
1655,1656655,55221833,0.000,0.113,0.000,0,0,0,0,23,30,0,0,0,0,0
1656,1657656,55255200,0.000,0.113,0.000,0,0,0,0,23,30,0,0,0,0,0
1657,1658657,55288567,19.119,17.273,0.782,0,0,76,76,39,30,76,43,0,24,33
1658,1659658,55321933,25.145,26.738,6.435,0,0,76,76,76,30,76,76,20,63,69
1659,1660659,55355300,25.164,26.987,6.598,0,0,76,76,76,30,76,76,20,73,63
1660,1661660,55388667,5.501,7.712,0.000,0,0,65,24,40,30,75,0,0,0,0
1661,1662661,55422033,0.365,0.425,0.000,0,0,21,0,0,29,20,0,0,0,0
1662,1663662,55455400,0.000,0.103,0.000,0,0,0,0,18,29,0,0,0,0,0
1663,1664663,55488767,3.345,1.714,0.518,0,0,0,76,19,30,0,39,0,22,24
1664,1665664,55522133,6.531,5.324,6.709,0,0,0,76,20,29,0,76,20,67,70
1665,1666665,55555500,6.497,5.315,6.810,0,0,0,76,21,30,0,76,19,67,70
1666,1667666,55588867,0.399,0.268,0.000,0,0,0,24,21,32,0,0,0,0,0
1667,1668667,55622233,0.000,0.255,0.000,0,0,0,0,21,29,0,0,0,0,0
1668,1669668,55655600,0.318,0.607,0.000,0,0,19,18,21,38,20,0,0,0,0
1669,1670669,55688967,21.736,21.050,3.609,0,0,76,76,50,38,76,50,0,36,40
1670,1671670,55722333,25.796,27.586,7.643,0,0,76,76,76,28,76,76,19,68,76
1671,1672671,55755700,27.121,29.918,9.654,0,0,76,76,76,28,76,76,19,76,76
1672,1673672,55789067,11.320,12.218,0.652,0,0,76,38,76,28,76,25,0,26,28
1673,1674673,55822433,0.529,1.180,0.000,0,0,26,0,27,28,27,0,0,0,0
1674,1675674,55855800,0.168,0.216,0.000,0,0,0,23,17,29,0,0,0,0,0
1675,1676675,55889167,4.567,3.478,4.272,0,0,0,76,18,30,0,60,0,32,48
1676,1677676,55922533,7.642,6.190,8.287,0,0,0,76,18,30,0,76,17,76,76
1677,1678677,55955900,7.210,5.300,7.227,0,0,0,76,19,31,0,76,0,76,68
1678,1679678,55989267,0.691,0.195,0.082,0,0,0,26,20,31,0,0,0,0,20
1679,1680679,56022633,0.000,0.195,0.000,0,0,0,0,20,31,0,0,0,0,0
1680,1681680,56056000,0.000,0.197,0.000,0,0,0,0,21,31,0,0,0,0,0
1681,1682681,56089367,0.000,0.197,0.000,0,0,0,0,21,31,0,0,0,0,0
1682,1683682,56122733,4.260,3.309,0.000,0,0,54,54,21,31,63,0,0,0,0
1683,1684683,56156100,22.688,23.288,3.970,0,0,76,76,68,29,76,60,0,37,51
1684,1685684,56189467,9.893,8.875,0.107,0,0,76,56,31,26,76,21,0,0,23
1685,1686685,56222833,0.428,0.678,0.000,0,0,23,0,17,30,26,0,0,0,0
1686,1687686,56256200,1.061,0.403,0.000,0,0,0,56,18,32,0,20,0,0,0
1687,1688687,56289567,5.455,4.577,5.628,0,0,0,76,19,36,0,76,0,48,70
1688,1689688,56322933,7.880,6.585,9.324,0,0,0,76,19,36,0,76,19,76,76
1689,1690689,56356300,4.744,3.203,4.851,0,0,0,76,19,36,0,43,0,47,55
1690,1691690,56389667,0.000,0.232,0.000,0,0,0,0,19,36,0,0,0,0,0
1691,1692691,56423033,0.000,0.222,0.000,0,0,0,0,19,33,0,0,0,0,0
1692,1693692,56456400,0.560,0.664,0.000,0,0,21,32,19,31,24,0,0,0,0
1693,1694693,56489767,22.457,21.870,4.593,0,0,76,76,50,28,76,60,0,41,36
1694,1695694,56523133,26.998,28.658,8.154,0,0,76,76,76,30,76,76,17,76,76
1695,1696695,56556500,26.130,27.585,6.753,0,0,76,76,76,31,76,76,0,66,65
1696,1697696,56589867,4.323,6.570,0.000,0,0,62,24,48,30,69,0,0,0,0
1697,1698697,56623233,0.179,0.400,0.000,0,0,17,0,17,28,19,0,0,0,0
1698,1699698,56656600,0.150,0.072,0.000,0,0,0,22,0,28,0,0,0,0,0
1699,1700699,56689967,4.723,3.448,4.153,0,0,0,76,18,33,0,58,0,39,46
1700,1701700,56723333,7.650,6.176,8.343,0,0,0,76,19,33,0,76,21,76,76
1701,1702701,56756700,7.863,6.412,10.013,0,0,0,76,19,33,0,76,21,76,76
1702,1703702,56790067,2.003,0.654,0.355,0,0,0,35,19,33,0,18,0,25,28
1703,1704703,56823433,0.000,0.149,0.000,0,0,0,0,19,33,0,0,0,0,0
1704,1705704,56856800,0.335,0.512,0.000,0,0,18,24,19,33,22,0,0,0,0
1705,1706705,56890167,22.677,22.336,4.424,0,0,76,76,63,32,76,58,0,37,47
1706,1707706,56923533,26.808,28.696,8.439,0,0,76,76,76,29,76,76,18,76,76
1707,1708707,56956900,24.409,25.703,6.844,0,0,76,76,76,28,76,74,18,71,60
1708,1709708,56990267,1.379,3.360,0.000,0,0,46,26,50,28,52,0,0,0,0
1709,1710709,57023633,0.000,0.072,0.000,0,0,0,0,0,28,0,0,0,0,0
1710,1711710,57057000,0.143,0.104,0.000,0,0,0,22,17,28,0,0,0,0,0
1711,1712711,57090367,4.441,3.241,3.880,0,0,0,76,17,29,0,56,0,34,48
1712,1713712,57123733,7.617,5.880,8.164,0,0,0,76,0,30,0,76,18,68,76
1713,1714713,57157100,6.475,4.612,6.917,0,0,0,76,0,30,0,76,0,65,66
1714,1715714,57190467,0.256,0.059,0.000,0,0,0,24,0,22,0,0,0,0,0
1715,1716715,57223833,0.000,0.000,0.000,0,0,0,0,0,0,0,0,0,0,0
1716,1717716,57257200,0.000,0.000,0.000,0,0,0,0,0,0,0,0,0,0,0
1717,1718717,57290567,19.681,18.002,0.898,0,0,76,76,34,0,76,39,0,24,34
1718,1719718,57323933,25.240,27.336,6.815,0,0,76,76,76,0,76,76,0,66,67
1719,1720719,57357300,24.032,25.035,6.117,0,0,76,76,76,0,76,76,0,58,57
1720,1721720,57390667,1.421,2.317,0.000,0,0,48,21,40,0,45,0,0,0,0
1721,1722721,57424033,0.000,0.106,0.000,0,0,0,0,18,0,0,0,0,0,0
1722,1723722,57457400,0.285,0.000,0.000,0,0,0,44,0,0,0,0,0,0,0
1723,1724723,57490767,4.786,3.549,4.735,0,0,0,76,0,0,0,60,0,39,60
1724,1725724,57524133,7.923,6.110,9.109,0,0,0,76,0,0,0,76,20,76,76
1725,1726725,57557500,6.443,4.333,6.798,0,0,0,76,0,0,0,75,0,69,69
1726,1727726,57590867,0.292,0.000,0.096,0,0,0,24,0,0,0,0,0,0,22
1727,1728727,57624233,0.000,0.000,0.000,0,0,0,0,0,0,0,0,0,0,0
1728,1729728,57657600,0.388,0.546,0.000,0,0,22,19,0,0,27,0,0,0,0
1729,1730729,57690967,22.481,21.864,4.078,0,0,76,76,54,0,76,56,0,41,39
1730,1731730,57724333,26.605,28.335,8.045,0,0,76,76,76,0,76,76,22,76,75
1731,1732731,57757700,27.001,29.508,9.320,0,0,76,76,76,0,76,76,22,76,76
1732,1733732,57791067,6.203,10.328,0.335,0,0,61,34,56,0,76,19,0,17,21
1733,1734733,57824433,0.179,0.756,0.000,0,0,17,0,24,0,24,0,0,0,0
1734,1735734,57857800,1.411,0.465,0.078,0,0,0,53,18,0,0,24,0,0,18
1735,1736735,57891167,5.640,4.258,5.833,0,0,0,76,0,0,0,76,0,55,68
1736,1737736,57924533,7.994,6.214,9.888,0,0,0,76,18,0,0,76,20,76,76
1737,1738737,57957900,4.140,2.846,4.284,0,0,0,73,18,19,0,41,0,38,46
1738,1739738,57991267,0.000,0.134,0.000,0,0,0,0,19,24,0,0,0,0,0
1739,1740739,58024633,0.000,0.134,0.000,0,0,0,0,19,24,0,0,0,0,0
1740,1741740,58058000,0.497,0.754,0.000,0,0,22,22,19,24,28,0,0,0,0
1741,1742741,58091367,21.794,21.749,3.719,0,0,76,76,62,20,76,57,0,38,41
1742,1743742,58124733,26.220,28.062,7.651,0,0,76,76,76,17,76,76,21,71,76
1743,1744743,58158100,25.064,26.364,6.126,0,19,76,76,76,0,76,68,0,60,63
1744,1745744,58191467,5.800,4.977,0.000,0,76,59,31,48,0,69,0,0,0,0
1745,1746745,58224833,3.408,0.533,0.000,0,76,22,0,20,0,22,0,0,0,0
1746,1747746,58258200,2.953,0.152,0.000,0,76,0,0,19,0,0,0,0,0,0
1747,1748747,58291567,5.158,2.310,1.690,0,76,0,76,20,0,0,46,0,23,31
1748,1749748,58324933,7.135,5.593,7.545,0,22,0,76,20,22,0,76,0,68,73
1749,1750749,58358300,5.763,4.351,6.149,0,0,0,76,21,29,0,70,0,73,60
1750,1751750,58391667,0.261,5.989,0.000,0,0,0,25,76,29,0,0,0,0,0
1751,1752751,58425033,0.000,7.026,0.000,0,0,0,0,76,28,0,0,0,0,0
1752,1753752,58458400,4.095,8.598,0.000,0,0,50,56,76,28,50,20,0,0,0
1753,1754753,58491767,23.446,24.352,5.498,0,0,76,76,76,28,76,68,0,41,52
1754,1755754,58525133,26.797,29.251,9.714,0,0,76,76,76,25,76,76,22,76,76
1755,1756755,58558500,25.288,26.755,6.344,0,41,76,76,76,23,76,64,0,63,55
1756,1757756,58591867,8.342,5.858,0.000,0,76,57,28,42,18,63,0,0,0,0
1757,1758757,58625233,3.804,0.505,0.000,0,76,19,0,28,0,19,0,0,0,0
1758,1759758,58658600,2.861,0.038,0.000,0,76,0,36,19,0,0,0,0,0,0
1759,1760759,58691967,5.894,3.358,4.755,0,62,0,76,17,0,0,57,0,49,58
1760,1761760,58725333,7.734,6.270,8.897,0,0,0,76,19,0,0,76,20,73,76
1761,1762761,58758700,3.835,2.352,3.955,0,0,0,66,20,0,0,37,0,41,38
1762,1763762,58792067,0.043,0.107,0.000,0,0,0,17,21,0,0,0,0,0,0
1763,1764763,58825433,0.000,0.104,0.000,0,0,0,0,21,0,0,0,0,0,0
1764,1765764,58858800,0.000,0.139,0.000,0,0,0,0,21,24,0,0,0,0,0
1765,1766765,58892167,22.283,20.073,3.365,0,0,76,76,39,24,76,53,0,37,36
1766,1767766,58925533,26.327,27.558,7.014,0,0,76,76,76,24,76,76,0,69,72
1767,1768767,58958900,20.503,22.202,3.248,0,0,76,76,76,24,76,43,0,32,36
1768,1769768,58992267,1.097,7.667,0.000,0,0,44,0,76,24,41,0,0,0,0
1769,1770769,59025633,0.000,7.004,0.000,0,0,0,0,76,23,0,0,0,0,0
1770,1771770,59059000,0.000,6.901,0.000,0,0,0,0,76,0,0,0,0,0,0
1771,1772771,59092367,3.468,8.928,1.086,0,0,0,76,76,0,0,46,0,27,31
1772,1773772,59125733,6.682,12.330,6.694,0,0,0,76,76,0,0,76,0,65,68
1773,1774773,59159100,5.109,10.699,5.139,0,0,0,76,76,0,0,61,0,54,51
1774,1775774,59192467,0.139,7.032,0.000,0,0,0,22,76,0,0,0,0,0,0
1775,1776775,59225833,0.000,7.021,0.000,0,0,0,0,76,0,0,0,0,0,0
1776,1777776,59259200,0.000,7.026,0.000,0,0,0,0,76,0,0,0,0,0,0
1777,1778777,59292567,20.484,25.401,2.062,0,0,76,76,76,0,76,48,0,27,30
1778,1779778,59325933,25.432,31.720,6.500,0,0,76,76,76,0,76,76,0,62,60
1779,1780779,59359300,19.568,24.097,3.055,0,0,76,61,76,0,76,36,0,26,30
1780,1781780,59392667,0.979,2.658,0.000,0,0,43,0,48,0,39,0,0,0,0
1781,1782781,59426033,0.000,0.000,0.000,0,0,0,0,0,0,0,0,0,0,0
1782,1783782,59459400,0.184,0.000,0.000,0,0,0,30,0,0,0,0,0,0,0
1783,1784783,59492767,5.032,3.260,4.211,0,0,0,76,0,0,0,61,0,36,56
1784,1785784,59526133,7.551,6.002,8.306,0,0,0,76,0,0,0,76,22,73,76
1785,1786785,59559500,5.620,4.071,5.501,0,0,0,76,0,0,0,63,0,61,52
1786,1787786,59592867,0.151,0.000,0.000,0,0,0,24,0,0,0,0,0,0,0
1787,1788787,59626233,0.000,0.000,0.000,0,0,0,0,0,0,0,0,0,0,0
1788,1789788,59659600,7.951,6.223,0.045,0,0,65,61,0,0,76,19,0,0,19
1789,1790789,59692967,23.668,23.630,5.510,0,0,76,76,76,0,76,68,0,49,56
1790,1791790,59726333,27.141,29.667,9.423,0,0,76,76,76,0,76,76,24,76,76
1791,1792791,59759700,24.279,25.896,5.521,0,0,76,76,76,0,76,63,0,63,57
1792,1793792,59793067,2.936,5.265,0.000,0,0,54,25,61,0,59,0,0,0,0
1793,1794793,59826433,0.000,0.087,0.000,0,0,0,0,20,17,0,0,0,0,0
1794,1795794,59859800,0.248,0.078,0.000,0,0,0,36,18,17,0,0,0,0,0
1795,1796795,59893167,4.584,9.419,4.429,0,0,0,76,76,20,0,54,0,34,46
1796,1797796,59926533,7.329,12.483,7.985,0,0,0,76,76,0,0,76,18,72,75
1797,1798797,59959900,3.566,8.003,3.481,0,0,0,76,76,0,0,38,0,31,32
1798,1799798,59993267,0.000,0.100,0.000,0,0,0,0,19,0,0,0,0,0,0
1799,1800799,60026633,0.000,0.028,0.000,0,0,0,0,17,0,0,0,0,0,0
1800,1801800,60060000,0.745,0.763,0.000,0,0,33,25,17,0,34,0,0,0,0
1801,1802801,60093367,22.520,25.400,4.080,0,0,76,76,76,19,76,54,0,35,46
1802,1803802,60126733,26.632,32.932,7.448,0,33,76,76,76,21,76,76,23,70,73
1803,1804803,60160100,19.407,24.438,3.405,0,0,76,60,76,24,76,34,0,29,36
1804,1805804,60193467,0.949,3.677,0.000,0,0,40,0,76,25,35,0,0,0,0
1805,1806805,60226833,0.000,0.362,0.000,0,0,0,0,25,25,0,0,0,0,0
1806,1807806,60260200,0.942,3.737,0.000,0,0,0,60,76,24,0,24,0,0,0
1807,1808807,60293567,5.356,11.042,5.306,0,0,0,76,76,24,0,67,0,48,57
1808,1809808,60326933,8.054,13.354,9.230,0,0,0,76,76,24,0,76,18,72,76
1809,1810809,60360300,3.543,7.879,3.668,0,0,0,67,76,24,0,35,0,31,41
1810,1811810,60393667,0.000,0.306,0.000,0,0,0,0,24,24,0,0,0,0,0
1811,1812811,60427033,0.000,0.125,0.000,0,0,0,0,17,24,0,0,0,0,0
1812,1813812,60460400,0.835,1.585,0.000,0,0,35,32,20,24,44,0,0,0,0
1813,1814813,60493767,22.429,22.427,4.001,0,0,76,76,68,0,76,52,0,42,48
1814,1815814,60527133,26.651,28.483,7.820,0,0,76,76,76,0,76,76,23,73,71
1815,1816815,60560500,23.760,25.434,5.061,0,0,76,76,76,0,76,62,0,45,48
1816,1817816,60593867,1.552,4.083,0.000,0,0,51,35,59,0,53,0,0,0,0
1817,1818817,60627233,0.000,0.292,0.000,0,0,0,0,32,0,17,0,0,0,0
1818,1819818,60660600,1.542,2.445,0.000,0,0,0,56,76,0,0,27,0,0,0
1819,1820819,60693967,5.689,8.731,5.639,0,27,0,76,76,0,0,65,0,63,59
1820,1821820,60727333,8.115,11.041,9.529,0,36,0,76,76,0,0,76,21,76,76
1821,1822821,60760700,3.696,7.261,3.803,0,36,0,68,76,0,0,36,0,34,33
1822,1823822,60794067,0.299,4.813,0.000,0,36,0,0,76,0,0,0,0,0,0
1823,1824823,60827433,0.302,4.808,0.000,0,36,0,0,76,0,0,0,0,0,0
1824,1825824,60860800,2.402,7.023,0.000,0,36,42,62,76,0,49,22,0,0,0
1825,1826825,60894167,23.851,28.677,5.352,0,36,76,76,76,0,76,72,0,55,59
1826,1827826,60927533,27.579,34.040,8.680,0,36,76,76,76,0,76,76,18,73,74
1827,1828827,60960900,17.673,23.143,3.632,0,36,76,62,76,0,76,36,0,32,40
1828,1829828,60994267,1.226,6.243,0.000,0,36,38,0,76,18,38,0,0,0,0
1829,1830829,61027633,0.305,4.905,0.000,0,36,0,0,76,20,0,0,0,0,0
1830,1831830,61061000,1.085,4.050,0.000,0,0,0,64,76,24,0,21,0,0,0
1831,1832831,61094367,5.616,6.495,5.470,0,0,0,76,76,24,0,73,0,56,56
1832,1833832,61127733,7.870,7.017,9.849,0,0,0,76,26,24,0,76,21,76,76
1833,1834833,61161100,5.253,3.759,5.398,0,0,0,76,19,24,0,58,0,54,53
1834,1835834,61194467,0.122,0.129,0.000,0,0,0,19,19,25,0,0,0,0,0
1835,1836835,61227833,0.000,0.129,0.000,0,0,0,0,19,25,0,0,0,0,0
1836,1837836,61261200,0.000,0.158,0.000,0,0,0,0,20,23,0,0,0,0,0
1837,1838837,61294567,20.528,18.820,2.609,0,0,76,76,32,22,76,49,0,26,38
1838,1839838,61327933,25.908,27.023,7.195,0,0,76,76,76,0,76,76,17,75,69
1839,1840839,61361300,23.037,24.520,4.794,0,0,76,76,76,0,76,52,0,39,45
1840,1841840,61394667,1.713,3.690,0.000,0,0,48,19,47,0,52,0,0,0,0
1841,1842841,61428033,0.207,0.100,0.000,0,0,18,0,20,0,0,0,0,0,0
1842,1843842,61461400,0.214,1.508,0.000,0,0,0,26,68,0,0,0,0,0,0
1843,1844843,61494767,4.977,7.594,4.324,0,21,0,76,76,0,0,57,0,37,52
1844,1845844,61528133,7.805,10.739,8.444,0,35,0,76,76,0,0,76,0,75,76
1845,1846845,61561500,7.649,9.862,8.283,0,21,0,76,76,0,0,76,0,76,76
1846,1847846,61594867,0.736,2.560,0.000,0,0,0,34,76,0,0,0,0,0,0
1847,1848847,61628233,0.000,0.650,0.000,0,0,0,0,32,19,0,0,0,0,0
1848,1849848,61661600,4.985,3.629,0.443,0,76,45,63,23,24,55,33,0,26,23
1849,1850849,61694967,26.000,23.920,6.174,0,76,76,76,73,24,76,73,0,55,69
1850,1851850,61728333,30.911,29.632,9.593,0,76,76,76,76,19,76,76,18,76,76
1851,1852851,61761700,15.990,17.986,3.203,0,76,76,57,73,0,76,31,0,31,35
1852,1853852,61795067,1.806,1.321,0.000,0,76,24,0,32,0,37,0,0,0,0
1853,1854853,61828433,0.390,0.109,0.000,0,38,0,0,25,0,0,0,0,0,0
1854,1855854,61861800,0.205,1.848,0.000,0,0,0,31,76,0,0,0,0,0,0
1855,1856855,61895167,5.000,7.861,4.239,0,26,0,76,76,0,0,61,0,33,44
1856,1857856,61928533,7.557,10.472,7.704,0,35,0,76,76,17,0,76,19,72,74
1857,1858857,61961900,3.242,6.020,2.665,0,0,0,60,76,18,0,37,0,28,37
1858,1859858,61995267,0.000,2.146,0.000,0,0,0,0,76,21,0,0,0,0,0
1859,1860859,62028633,0.000,0.371,0.000,0,0,0,0,23,18,0,0,0,0,0
1860,1861860,62062000,0.840,0.898,0.000,0,0,33,31,23,0,35,0,0,0,0
1861,1862861,62095367,22.692,22.458,4.151,0,0,76,76,73,0,76,61,0,35,42
1862,1863862,62128733,26.469,28.392,7.923,0,0,76,76,76,0,76,76,17,72,76
1863,1864863,62162100,18.786,19.120,2.112,0,76,76,55,76,0,76,34,0,25,32
1864,1865864,62195467,4.054,1.648,0.000,0,76,34,0,36,0,36,0,0,0,0
1865,1866865,62228833,3.761,0.438,0.000,0,76,0,0,26,0,17,0,0,0,0
1866,1867866,62262200,5.528,0.890,0.098,0,76,0,69,30,0,0,31,0,0,26
1867,1868867,62295567,9.566,4.360,5.596,0,76,0,76,30,0,0,73,18,53,72
1868,1869868,62328933,11.925,6.886,10.023,0,76,0,76,29,0,0,76,19,76,76
1869,1870869,62362300,11.524,5.634,8.269,0,76,0,76,29,0,0,76,18,76,75
1870,1871870,62395667,4.851,0.322,0.236,0,76,0,26,29,0,0,20,0,21,24
1871,1872871,62429033,3.837,0.229,0.000,0,76,0,0,29,0,0,0,0,0,0
1872,1873872,62462400,16.520,12.564,1.748,0,76,76,63,29,0,76,30,0,23,28
1873,1874873,62495767,28.709,25.117,6.334,0,76,76,76,76,0,76,74,18,67,55
1874,1875874,62529133,31.362,29.954,10.337,0,76,76,76,76,0,76,76,20,75,73
1875,1876875,62562500,19.740,18.487,3.113,0,76,76,59,76,0,76,30,0,27,27
1876,1877876,62595867,2.754,1.300,0.000,0,76,40,0,26,0,39,0,0,0,0
1877,1878877,62629233,0.669,0.154,0.000,0,52,0,0,27,0,0,0,0,0,0
1878,1879878,62662600,0.412,0.676,0.000,0,23,0,29,36,0,0,0,0,0,0
1879,1880879,62695967,5.098,7.627,4.405,0,20,0,76,76,0,0,63,0,36,56
1880,1881880,62729333,7.649,10.458,7.763,0,38,0,76,76,0,0,76,0,73,76
1881,1882881,62762700,3.256,6.824,2.593,0,38,0,62,76,0,0,36,0,26,27
1882,1883882,62796067,0.313,4.909,0.000,0,38,0,0,76,0,0,0,0,0,0
1883,1884883,62829433,0.313,4.909,0.000,0,38,0,0,76,0,0,0,0,0,0
1884,1885884,62862800,1.471,6.337,0.000,0,21,44,33,76,0,51,0,0,0,0
1885,1886885,62896167,22.974,25.017,4.290,0,0,76,76,76,0,76,55,0,36,54
1886,1887886,62929533,26.747,29.084,7.877,0,0,76,76,76,0,76,76,0,69,72
1887,1888887,62962900,12.223,12.879,2.008,0,0,76,47,71,0,76,29,0,30,29
1888,1889888,62996267,0.514,0.797,0.000,0,0,26,0,21,0,27,0,0,0,0
1889,1890889,63029633,0.000,0.096,0.000,0,0,0,0,21,0,0,0,0,0,0
1890,1891890,63063000,0.213,0.105,0.000,0,0,0,38,23,0,0,0,0,0,0
1891,1892891,63096367,4.759,8.917,4.381,0,0,0,76,76,0,0,61,0,38,45
1892,1893892,63129733,7.364,13.026,8.532,0,0,0,76,76,0,0,76,24,75,76
1893,1894893,63163100,2.823,8.921,2.374,0,0,0,60,76,0,0,32,0,27,32
1894,1895894,63196467,0.000,7.148,0.000,0,0,0,0,76,0,0,0,0,0,0
1895,1896895,63229833,0.000,7.112,0.000,0,0,0,0,76,0,0,0,0,0,0
1896,1897896,63263200,0.000,6.894,0.000,0,0,0,0,76,0,0,0,0,0,0
1897,1898897,63296567,21.538,21.729,1.912,0,0,76,76,70,0,76,54,0,29,35
1898,1899898,63329933,25.882,27.963,6.953,0,0,76,76,76,0,76,76,17,71,63
1899,1900899,63363300,21.716,24.214,4.020,0,0,76,76,76,0,76,46,0,39,44
1900,1901900,63396667,1.404,3.283,0.000,0,0,50,22,66,0,55,0,0,0,0
1901,1902901,63430033,0.000,0.167,0.000,0,0,0,0,25,0,0,0,0,0,0
1902,1903902,63463400,0.706,0.137,0.000,0,44,0,43,30,0,0,0,0,0,0
1903,1904903,63496767,7.379,3.830,4.734,0,76,0,76,30,0,0,67,0,37,52
1904,1905904,63530133,10.835,5.924,7.070,0,76,0,76,30,0,0,76,0,74,75
1905,1906905,63563500,4.700,0.472,0.082,0,76,0,35,29,0,0,17,0,0,20
1906,1907906,63596867,3.384,0.355,0.000,0,76,0,0,29,0,0,0,0,0,0
1907,1908907,63630233,3.384,0.360,0.000,0,76,0,0,32,0,0,0,0,0,0
1908,1909908,63663600,5.046,3.762,0.000,0,76,51,36,29,0,64,0,0,0,0
1909,1910909,63696967,23.757,22.862,3.935,0,52,76,76,76,0,76,63,0,35,51
1910,1911910,63730333,26.613,28.777,7.667,0,0,76,76,76,0,76,76,18,76,67
1911,1912911,63763700,15.564,17.056,1.659,0,0,76,49,76,20,76,29,0,24,27
1912,1913912,63797067,0.766,1.151,0.000,0,0,33,0,26,26,35,0,0,0,0
1913,1914913,63830433,0.000,0.179,0.000,0,0,0,0,24,26,0,0,0,0,0
1914,1915914,63863800,0.088,0.513,0.000,0,0,0,18,26,26,0,0,0,0,0
1915,1916915,63897167,4.367,5.824,2.824,0,0,0,76,76,25,0,60,0,31,39
1916,1917916,63930533,6.884,9.828,6.977,0,0,0,76,76,25,0,76,17,68,76
1917,1918917,63963900,2.072,5.836,1.224,0,0,0,42,76,25,0,29,0,26,32
1918,1919918,63997267,0.000,4.387,0.000,0,0,0,0,76,25,0,0,0,0,0
1919,1920919,64030633,0.000,4.378,0.000,0,0,0,0,76,25,0,0,0,0,0
1920,1921920,64064000,11.597,13.003,0.108,0,0,76,65,76,25,76,36,0,0,27
1921,1922921,64097367,23.987,25.944,5.537,0,0,76,76,76,25,76,71,0,57,58
1922,1923922,64130733,27.388,30.096,9.348,0,0,76,76,76,18,76,76,18,76,76
1923,1924923,64164100,15.166,16.533,2.390,0,0,76,43,72,0,76,31,0,27,29
1924,1925924,64197467,0.845,1.290,0.000,0,0,32,0,25,0,32,0,0,0,0
1925,1926925,64230833,0.000,0.141,0.000,0,0,0,0,24,0,0,0,0,0,0
1926,1927926,64264200,0.000,0.094,0.000,0,0,0,0,22,0,0,0,0,0,0
1927,1928927,64297567,4.184,2.908,2.677,0,0,0,76,23,0,0,53,0,37,40
1928,1929928,64330933,6.991,5.497,7.262,0,0,0,76,24,0,0,76,18,71,69
1929,1930929,64364300,4.065,2.822,3.768,0,0,0,76,25,0,0,47,0,37,45
1930,1931930,64397667,0.000,0.138,0.000,0,0,0,0,25,0,0,0,0,0,0
1931,1932931,64431033,0.000,0.138,0.000,0,0,0,0,25,0,0,0,0,0,0
1932,1933932,64464400,10.463,7.452,0.388,0,0,68,76,25,23,76,36,0,19,28
1933,1934933,64497767,24.360,24.786,6.065,0,0,76,76,76,23,76,72,20,66,65
1934,1935934,64531133,27.654,29.860,9.533,0,0,76,76,76,18,76,76,19,76,76
1935,1936935,64564500,15.960,16.621,2.162,0,0,76,46,76,0,76,28,0,24,25
1936,1937936,64597867,0.784,1.113,0.000,0,0,34,0,24,0,34,0,0,0,0
1937,1938937,64631233,0.000,0.184,0.000,0,0,0,0,23,0,0,0,0,0,0
1938,1939938,64664600,0.332,0.812,0.000,0,0,0,42,47,0,0,0,0,0,0
1939,1940939,64697967,5.217,6.764,4.527,0,0,0,76,76,0,0,58,0,44,60
1940,1941940,64731333,7.611,9.994,7.830,0,0,0,76,76,0,0,76,21,72,76
1941,1942941,64764700,2.868,3.849,1.255,0,0,0,50,76,0,0,27,0,24,31
1942,1943942,64798067,0.000,1.048,0.000,0,0,0,0,59,0,0,0,0,0,0
1943,1944943,64831433,0.000,0.127,0.000,0,0,0,0,29,0,0,0,0,0,0
1944,1945944,64864800,14.754,14.016,0.650,0,0,76,74,26,0,76,36,0,25,30
1945,1946945,64898167,24.419,26.634,6.249,0,0,76,76,76,0,76,73,18,66,69
1946,1947946,64931533,27.288,31.623,10.520,0,0,76,76,76,0,76,76,24,76,76
1947,1948947,64964900,17.707,19.394,4.484,0,0,76,67,76,0,76,41,0,36,51
1948,1949948,64998267,0.881,1.426,0.000,0,0,33,18,36,0,34,0,0,0,0
1949,1950949,65031633,0.000,0.192,0.000,0,0,0,0,25,0,0,0,0,0,0
1950,1951950,65065000,2.899,4.085,0.607,0,0,0,71,76,0,0,35,0,21,32
1951,1952951,65098367,6.288,9.018,6.523,0,0,0,76,76,0,0,76,19,64,69
1952,1953952,65131733,8.024,10.777,10.815,0,0,0,76,76,0,0,76,21,76,76
1953,1954953,65165100,4.023,5.387,4.515,0,0,0,72,76,0,0,37,0,39,51
1954,1955954,65198467,0.000,1.102,0.000,0,0,0,0,59,0,0,0,0,0,0
1955,1956955,65231833,0.000,0.153,0.000,0,0,0,0,26,0,0,0,0,0,0
1956,1957956,65265200,0.000,0.120,0.000,0,0,0,0,26,0,0,0,0,0,0
1957,1958957,65298567,7.765,7.441,0.089,0,0,72,65,26,0,76,26,0,0,19
1958,1959958,65331933,23.784,24.181,5.058,0,0,76,76,76,0,76,67,0,51,55
1959,1960959,65365300,20.539,19.658,1.636,0,0,76,76,59,0,76,39,0,34,32
1960,1961960,65398667,1.065,1.147,0.000,0,0,42,0,22,0,41,0,0,0,0
1961,1962961,65432033,0.000,0.136,0.000,0,0,0,0,22,0,0,0,0,0,0
1962,1963962,65465400,2.552,1.658,0.382,0,0,0,76,69,0,0,31,0,20,24
1963,1964963,65498767,5.836,6.506,5.854,0,0,0,76,76,0,0,76,0,53,67
1964,1965964,65532133,7.970,8.286,9.833,0,0,0,76,76,0,0,76,20,76,76
1965,1966965,65565500,4.152,4.405,4.258,0,0,0,76,76,0,0,40,0,32,38
1966,1967966,65598867,0.125,1.726,0.000,0,0,0,18,76,18,0,0,0,0,0
1967,1968967,65632233,0.000,1.755,0.000,0,0,0,0,76,18,0,0,0,0,0
1968,1969968,65665600,9.723,9.612,0.271,0,0,65,68,76,18,72,35,0,18,24
1969,1970969,65698967,24.423,25.652,5.724,0,0,76,76,76,18,76,76,0,61,65
1970,1971970,65732333,27.808,31.053,9.293,0,0,76,76,76,0,76,76,20,76,76
1971,1972971,65765700,10.469,16.770,1.483,0,0,76,43,76,0,76,27,0,24,29
1972,1973972,65799067,0.381,2.797,0.000,0,0,25,0,76,0,32,0,0,0,0
1973,1974973,65832433,0.000,1.750,0.000,0,0,0,0,76,0,0,0,0,0,0
1974,1975974,65865800,0.472,1.041,0.000,0,0,0,41,76,0,0,0,0,0,0
1975,1976975,65899167,5.203,3.640,4.858,0,0,0,76,27,0,0,67,0,37,60
1976,1977976,65932533,7.605,6.097,8.568,0,0,0,76,27,0,0,76,0,69,76
1977,1978977,65965900,2.325,1.111,0.623,0,0,0,50,26,0,0,26,0,19,26
1978,1979978,65999267,0.000,0.101,0.000,0,0,0,0,26,0,0,0,0,0,0
1979,1980979,66032633,0.000,0.101,0.000,0,0,0,0,26,0,0,0,0,0,0
1980,1981980,66066000,15.965,14.412,0.520,0,0,76,76,27,0,76,37,0,25,32
1981,1982981,66099367,24.260,25.785,6.036,0,0,76,76,76,0,76,76,0,59,62
1982,1983982,66132733,27.231,30.248,9.967,0,0,76,76,76,0,76,76,21,76,76
1983,1984983,66166100,18.661,20.773,4.324,0,0,76,66,76,0,76,40,0,36,39
1984,1985984,66199467,1.247,2.364,0.000,0,0,43,19,30,0,39,0,0,0,0
1985,1986985,66232833,0.000,0.143,0.000,0,0,0,0,24,0,0,0,0,0,0
1986,1987986,66266200,2.932,2.653,1.024,0,0,0,75,76,0,0,33,0,31,25
1987,1988987,66299567,6.418,7.413,6.974,0,0,0,76,76,0,0,76,17,68,63
1988,1989988,66332933,8.280,9.594,10.711,0,0,0,76,76,0,0,76,17,76,76
1989,1990989,66366300,2.516,3.066,1.548,0,0,0,48,76,0,0,29,0,24,24
1990,1991990,66399667,0.000,0.419,0.000,0,0,0,0,29,0,0,0,0,0,0
1991,1992991,66433033,0.000,0.139,0.000,0,0,0,0,22,0,0,0,0,0,0
1992,1993992,66466400,6.627,4.760,0.000,0,0,65,49,32,19,62,0,0,0,0
1993,1994993,66499767,23.126,28.748,5.066,0,0,76,76,76,19,76,69,0,48,51
1994,1995994,66533133,27.154,34.391,8.999,0,0,76,76,76,20,76,76,21,76,76
1995,1996995,66566500,18.908,26.143,3.906,0,0,76,59,76,20,76,36,0,36,40
1996,1997996,66599867,0.975,3.312,0.000,0,0,40,0,54,21,39,0,0,0,0
1997,1998997,66633233,0.000,0.193,0.000,0,0,0,0,24,21,18,0,0,0,0
1998,1999998,66666600,0.849,1.432,0.000,0,0,0,52,76,21,0,0,0,0,0
1999,2000999,66699967,5.365,6.728,5.423,0,18,0,76,76,21,0,66,0,53,60
2000,2002000,66733333,7.308,8.179,7.246,0,18,0,76,76,24,0,76,0,76,66
2001,2003001,66766700,0.961,1.882,0.000,0,0,0,32,76,31,0,18,0,0,0
2002,2004002,66800067,0.000,0.578,0.000,0,0,0,0,33,38,0,0,0,0,0
2003,2005003,66833433,0.000,0.214,0.000,0,0,0,0,24,27,0,0,0,0,0
2004,2006004,66866800,17.483,16.166,2.086,0,0,76,76,24,25,76,41,0,33,34
2005,2007005,66900167,25.126,26.660,6.467,0,0,76,76,76,23,76,76,17,61,66
2006,2008006,66933533,27.568,30.537,11.009,0,0,76,76,76,23,76,76,20,76,76
2007,2009007,66966900,15.852,17.037,4.176,0,0,76,68,76,23,76,37,0,34,32
2008,2010008,67000267,0.709,1.436,0.000,0,0,31,0,29,24,32,0,0,0,0
2009,2011009,67033633,0.000,0.215,0.000,0,0,0,0,24,23,0,0,0,0,0
2010,2012010,67067000,3.295,7.040,1.564,0,0,0,69,76,23,0,40,0,25,33
2011,2013011,67100367,6.696,12.265,7.157,0,0,0,76,76,35,0,76,17,71,70
2012,2014012,67133733,8.448,13.981,10.803,0,0,0,76,76,33,0,76,21,76,76
2013,2015013,67167100,3.612,9.879,4.242,0,0,0,75,76,35,0,41,0,34,32
2014,2016014,67200467,0.000,7.164,0.000,0,0,0,0,76,28,0,0,0,0,0
2015,2017015,67233833,0.000,7.148,0.000,0,0,0,0,76,23,0,0,0,0,0
2016,2018016,67267200,13.721,19.592,2.314,0,0,76,75,76,21,76,40,0,24,37
2017,2019017,67300567,24.627,30.691,6.530,0,0,76,76,76,18,76,76,0,69,71
2018,2020018,67333933,27.647,35.176,10.779,0,0,76,76,76,18,76,76,17,76,76
2019,2021019,67367300,19.085,25.432,4.089,0,0,76,65,76,18,76,39,0,32,38
2020,2022020,67400667,0.998,8.504,0.000,0,0,40,0,76,18,38,0,0,0,0
2021,2023021,67434033,0.000,7.028,0.000,0,0,0,0,76,22,0,0,0,0,0
2022,2024022,67467400,3.388,6.687,2.245,0,0,0,75,76,22,0,39,0,29,32
2023,2025023,67500767,6.723,5.780,7.118,0,0,0,76,28,22,0,76,18,69,69
2024,2026024,67534133,7.345,5.588,8.189,0,0,0,76,23,22,0,76,18,73,72
2025,2027025,67567500,0.719,0.282,0.096,0,0,0,28,23,22,0,17,0,17,17
2026,2028026,67600867,0.000,0.247,0.000,0,0,0,0,23,22,0,0,0,0,0
2027,2029027,67634233,0.000,0.244,0.000,0,0,0,0,23,21,0,0,0,0,0
2028,2030028,67667600,9.164,9.290,0.000,0,0,76,57,23,21,76,19,0,0,0
2029,2031029,67700967,23.198,23.960,5.138,0,0,76,76,76,21,76,74,0,51,55
2030,2032030,67734333,27.345,29.103,7.936,0,0,76,76,76,20,76,76,19,70,76
2031,2033031,67767700,12.020,13.693,0.359,0,0,76,41,66,22,76,23,0,21,21
2032,2034032,67801067,0.616,1.042,0.000,0,0,30,0,25,22,28,0,0,0,0
2033,2035033,67834433,0.000,0.223,0.000,0,0,0,0,23,26,0,0,0,0,0
2034,2036034,67867800,3.099,6.784,0.934,0,0,0,70,76,25,0,38,0,28,28
2035,2037035,67901167,6.437,12.312,6.552,0,0,0,76,76,25,0,76,0,66,75
2036,2038036,67934533,8.026,13.508,10.083,0,0,0,76,76,25,0,76,0,76,76
2037,2039037,67967900,2.266,5.890,0.549,0,0,0,44,76,25,0,25,0,24,27
2038,2040038,68001267,0.000,0.552,0.000,0,0,0,0,26,25,0,0,0,0,0
2039,2041039,68034633,0.000,0.191,0.000,0,0,0,0,24,26,0,0,0,0,0
2040,2042040,68068000,20.115,13.689,1.204,0,76,76,76,24,34,76,39,0,24,36
2041,2043041,68101367,33.725,25.567,6.231,0,76,76,76,76,34,76,76,0,67,64
2042,2044042,68134733,37.603,30.363,10.370,0,76,76,76,76,34,76,76,19,76,76
2043,2045043,68168100,26.068,20.023,3.605,0,76,76,60,76,34,76,36,0,29,33
2044,2046044,68201467,2.168,1.876,0.000,0,32,43,0,40,34,39,0,0,0,0
2045,2047045,68234833,0.000,0.213,0.000,0,0,0,0,27,34,0,0,0,0,0
2046,2048046,68268200,3.073,6.577,1.157,0,0,0,72,76,29,0,42,0,25,36
2047,2049047,68301567,6.595,11.859,6.732,0,0,0,76,76,28,0,76,0,68,72
2048,2050048,68334933,6.920,12.317,7.264,0,0,0,76,76,28,0,76,0,73,69
2049,2051049,68368300,0.651,3.504,0.055,0,0,0,31,76,27,0,0,0,17,0
2050,2052050,68401667,0.000,0.315,0.000,0,0,0,0,25,27,0,0,0,0,0
2051,2053051,68435033,0.000,0.226,0.000,0,0,0,0,25,28,0,0,0,0,0
2052,2054052,68468400,16.398,14.543,0.437,0,0,76,72,29,24,76,33,0,24,25
2053,2055053,68501767,24.584,26.020,6.232,0,0,76,76,76,22,76,74,0,61,53
2054,2056054,68535133,27.235,29.167,9.099,0,0,76,76,76,24,76,76,17,75,73
2055,2057055,68568500,8.984,9.875,0.750,0,0,72,40,57,24,76,24,0,24,21
2056,2058056,68601867,0.411,0.712,0.000,0,0,23,0,22,26,22,0,0,0,0
2057,2059057,68635233,0.000,0.198,0.000,0,0,0,0,21,22,0,0,0,0,0
2058,2060058,68668600,6.612,0.521,0.000,0,76,0,59,21,19,0,24,0,0,0
2059,2061059,68701967,15.175,4.384,5.656,0,76,0,76,21,0,0,76,0,53,55
2060,2062060,68735333,16.129,4.997,6.345,0,76,0,76,22,0,0,76,0,69,60
2061,2063061,68768700,10.772,0.205,0.000,0,76,0,28,25,22,0,0,0,0,0
2062,2064062,68802067,10.191,0.205,0.000,0,76,0,0,25,22,0,0,0,0,0
2063,2065063,68835433,10.187,0.205,0.000,0,76,0,0,25,22,0,0,0,0,0
2064,2066064,68868800,29.750,18.598,3.567,0,76,76,76,44,20,76,53,0,32,37
2065,2067065,68902167,35.799,26.929,7.511,0,76,76,76,76,0,76,76,17,72,70
2066,2068066,68935533,37.690,29.979,10.655,0,76,76,76,76,0,76,76,21,76,76
2067,2069067,68968900,18.752,13.183,0.860,0,76,76,40,76,0,76,24,0,27,25
2068,2070068,69002267,0.632,1.161,0.000,0,21,27,0,28,0,29,0,0,0,0
2069,2071069,69035633,0.094,0.231,0.000,0,0,0,19,22,20,0,0,0,0,0
2070,2072070,69069000,4.283,3.348,3.944,0,0,0,76,22,20,0,57,0,34,38
2071,2073071,69102367,7.496,6.100,8.431,0,0,0,76,21,20,0,76,17,73,76
2072,2074072,69135733,7.420,5.602,7.927,0,0,0,76,20,20,0,76,0,72,72
2073,2075073,69169100,0.594,5.357,0.000,0,0,0,24,76,24,0,0,0,0,0
2074,2076074,69202467,0.000,6.947,0.000,0,0,0,0,76,27,0,0,0,0,0
2075,2077075,69235833,0.000,7.269,0.000,0,0,0,0,76,30,0,0,0,0,0
2076,2078076,69269200,17.215,23.103,0.848,0,0,76,76,76,34,76,36,0,25,34
2077,2079077,69302567,24.692,31.653,6.399,0,0,76,76,76,38,76,76,0,68,66
2078,2080078,69335933,26.426,33.600,9.208,0,0,76,76,76,27,76,76,0,76,74
2079,2081079,69369300,8.083,12.036,0.674,0,0,72,45,76,27,74,24,0,24,24
2080,2082080,69402667,0.388,0.811,0.000,0,0,20,0,26,27,19,0,0,0,0
2081,2083081,69436033,0.000,0.229,0.000,0,0,0,0,24,27,0,0,0,0,0
2082,2084082,69469400,3.414,2.239,1.456,0,0,0,76,24,27,0,39,0,25,35
2083,2085083,69502767,6.648,5.160,6.699,0,0,0,76,24,31,0,76,0,66,70
2084,2086084,69536133,8.102,6.605,9.772,0,0,0,76,24,29,0,76,17,76,76
2085,2087085,69569500,2.072,2.437,0.828,0,0,0,36,76,27,0,27,0,26,26
2086,2088086,69602867,0.000,2.619,0.000,0,0,0,0,76,27,0,0,0,0,0
2087,2089087,69636233,0.067,2.967,0.000,0,21,0,0,76,27,0,0,0,0,0
2088,2090088,69669600,7.604,8.671,0.000,0,22,67,65,76,34,70,27,0,0,0
2089,2091089,69702967,23.211,26.393,5.304,0,22,76,76,76,34,76,74,0,56,49
2090,2092090,69736333,26.920,31.621,7.508,0,22,76,76,76,34,76,76,0,75,66
2091,2093091,69769700,10.349,12.215,0.198,0,0,76,38,76,34,76,0,0,21,19
2092,2094092,69803067,0.628,1.258,0.000,0,0,31,0,42,34,27,0,0,0,0
2093,2095093,69836433,0.000,0.166,0.000,0,0,0,0,22,34,0,0,0,0,0
2094,2096094,69869800,4.242,2.920,3.774,0,0,0,76,22,31,0,49,0,32,40
2095,2097095,69903167,7.288,6.051,7.665,0,0,0,76,22,27,0,76,0,68,76
2096,2098096,69936533,8.461,7.308,12.133,0,0,0,76,22,27,0,76,20,76,76
2097,2099097,69969900,4.320,2.475,3.517,0,76,0,63,23,26,0,36,0,31,30
2098,2100098,70003267,2.763,0.175,0.000,0,76,0,0,23,25,0,0,0,0,0
2099,2101099,70036633,3.350,0.290,0.000,0,76,0,0,24,25,0,0,0,0,0
2100,2102100,70070000,4.727,3.048,0.000,0,76,45,37,24,25,56,0,0,0,0
2101,2103101,70103367,26.467,23.084,4.609,0,76,76,76,76,25,76,58,0,49,48
2102,2104102,70136733,27.319,26.603,5.191,0,76,76,76,76,25,76,58,0,49,48
2103,2105103,70170100,7.024,6.760,0.000,0,76,64,26,50,28,69,0,0,0,0
2104,2106104,70203467,0.541,0.520,0.000,0,24,19,0,24,29,18,0,0,0,0
2105,2107105,70236833,0.000,0.229,0.000,0,0,0,0,23,28,0,0,0,0,0
2106,2108106,70270200,4.166,3.857,2.438,0,0,0,76,76,76,0,58,0,32,41
2107,2109107,70303567,7.141,7.049,7.576,0,0,0,76,76,76,0,76,17,76,76
2108,2110108,70336933,6.772,7.167,7.168,0,0,0,76,76,76,0,76,0,76,76
2109,2111109,70370300,0.244,1.920,0.000,0,0,0,23,76,76,0,0,0,0,0
2110,2112110,70403667,0.000,1.900,0.000,0,0,0,0,76,76,0,0,0,0,0
2111,2113111,70437033,0.000,1.907,0.000,0,0,0,0,76,76,0,0,0,0,0
2112,2114112,70470400,18.387,17.725,1.169,0,0,76,76,76,76,76,44,0,23,27
2113,2115113,70503767,25.162,27.636,6.642,0,0,76,76,76,76,76,76,0,66,72
2114,2116114,70537133,25.116,27.566,6.656,0,0,76,76,76,39,76,76,0,70,56
2115,2117115,70570500,5.678,7.302,0.000,0,0,61,29,54,33,68,0,0,0,0
2116,2118116,70603867,0.000,0.558,0.000,0,0,0,0,25,29,18,0,0,0,0
2117,2119117,70637233,0.000,0.226,0.000,0,0,0,0,21,32,0,0,0,0,0
2118,2120118,70670600,1.183,0.559,0.000,0,0,0,63,22,36,0,28,0,0,0
2119,2121119,70703967,5.661,4.366,5.673,0,0,0,76,22,39,0,71,0,62,63
2120,2122120,70737333,8.205,6.824,9.692,0,0,0,76,22,35,0,76,24,76,76
2121,2123121,70770700,17.057,20.601,28.456,18,61,68,76,67,47,76,76,76,76,76
2122,2124122,70804067,56.944,46.157,56.104,76,76,76,76,76,76,76,76,76,76,76
2123,2125123,70837433,61.648,50.952,62.615,76,76,76,76,76,76,76,76,76,76,76
2124,2126124,70870800,62.409,51.691,63.918,76,76,76,76,76,76,76,76,76,76,76
2125,2127125,70904167,62.709,52.001,64.290,76,76,76,76,76,76,76,76,76,76,76
2126,2128126,70937533,62.704,51.656,63.545,76,76,76,76,76,76,76,76,76,76,76
2127,2129127,70970900,44.124,33.432,41.982,76,76,76,76,76,76,76,76,76,76,76
2128,2130128,71004267,10.766,10.297,11.659,48,76,24,36,76,76,21,36,76,35,31
2129,2131129,71037633,0.455,1.456,0.290,19,35,0,0,40,46,0,0,19,0,0
2130,2132130,71071000,0.000,0.127,0.000,0,0,0,0,0,46,0,0,0,0,0
2131,2133131,71104367,0.000,0.107,0.000,0,0,0,0,0,39,0,0,0,0,0
2132,2134132,71137733,0.000,0.121,0.000,0,0,0,0,19,32,0,0,0,0,0
2133,2135133,71171100,0.000,0.117,0.000,0,0,0,0,22,26,0,0,0,0,0
2134,2136134,71204467,0.000,0.136,0.000,0,0,0,0,22,22,0,0,0,0,0
2135,2137135,71237833,0.000,0.124,0.000,0,0,0,0,22,18,0,0,0,0,0
2136,2138136,71271200,0.000,7.427,0.000,0,0,0,0,22,76,0,0,0,0,0
2137,2139137,71304567,0.000,9.774,0.000,0,0,0,0,23,76,0,0,0,0,0
2138,2140138,71337933,0.000,10.191,0.000,0,0,0,0,24,76,0,0,0,0,0
2139,2141139,71371300,0.000,10.199,0.000,0,0,0,0,23,76,0,0,0,0,0
2140,2142140,71404667,0.000,10.165,0.000,0,0,0,0,23,76,0,0,0,0,0
2141,2143141,71438033,0.000,10.106,0.000,0,0,0,0,22,76,0,0,0,0,0
2142,2144142,71471400,0.000,10.754,0.000,0,0,0,0,22,76,0,0,0,0,0
2143,2145143,71504767,0.000,12.718,0.000,0,0,0,0,20,76,0,0,0,0,0
2144,2146144,71538133,0.000,13.114,0.000,0,0,0,0,20,76,0,0,0,0,0
2145,2147145,71571500,0.000,13.129,0.000,0,0,0,0,20,76,0,0,0,0,0
2146,2148146,71604867,0.000,13.112,0.000,0,0,0,0,20,76,0,0,0,0,0
2147,2149147,71638233,0.000,13.089,0.000,0,0,0,0,20,76,0,0,0,0,0
2148,2150148,71671600,0.000,8.721,0.000,0,0,0,0,20,76,0,0,0,0,0
2149,2151149,71704967,0.000,12.011,0.000,0,0,0,0,20,76,0,0,0,0,0
2150,2152150,71738333,0.000,12.663,0.000,0,0,0,0,20,76,0,0,0,0,0
2151,2153151,71771700,0.000,12.652,0.000,0,0,0,0,22,76,0,0,0,0,0
2152,2154152,71805067,0.000,12.635,0.000,0,0,0,0,22,76,0,0,0,0,0
2153,2155153,71838433,0.000,12.228,0.000,0,0,0,0,22,76,0,0,0,0,0
2154,2156154,71871800,0.000,12.273,0.000,0,0,0,0,22,76,0,0,0,0,0
2155,2157155,71905167,0.000,15.901,0.000,0,0,0,0,23,76,0,0,0,0,0
2156,2158156,71938533,0.000,16.490,0.196,0,0,0,0,23,76,0,0,0,0,17
2157,2159157,71971900,0.000,16.588,0.252,0,0,0,0,23,76,0,0,0,0,18
2158,2160158,72005267,0.000,16.664,0.249,0,0,0,0,22,76,0,0,0,0,18
2159,2161159,72038633,0.000,16.173,0.000,0,0,0,0,22,76,0,0,0,0,0
2160,2162160,72072000,0.000,8.402,0.000,0,0,0,0,22,76,0,0,0,0,0
2161,2163161,72105367,0.000,8.146,0.000,0,0,0,0,22,76,0,0,0,0,0
2162,2164162,72138733,0.000,8.287,0.000,0,0,0,0,22,76,0,0,0,0,0
2163,2165163,72172100,0.000,8.336,0.000,0,0,0,0,22,76,0,0,0,0,0
2164,2166164,72205467,0.000,8.314,0.000,0,0,0,0,22,76,0,0,0,0,0
2165,2167165,72238833,0.000,8.337,0.000,0,0,0,0,22,76,0,0,0,0,0
2166,2168166,72272200,7.383,12.511,1.495,72,76,0,0,22,76,19,0,76,0,0
2167,2169167,72305567,43.708,53.911,36.118,76,76,76,0,76,76,76,27,76,29,31
2168,2170168,72338933,50.312,62.280,44.242,76,76,76,0,76,76,76,50,76,53,41
2169,2171169,72372300,51.412,63.716,47.169,76,76,76,17,76,76,76,56,76,60,44
2170,2172170,72405667,51.464,64.227,47.197,76,76,76,17,76,76,76,56,76,60,44
2171,2173171,72439033,51.439,64.221,47.289,76,76,76,17,76,76,76,56,76,60,44
2172,2174172,72472400,44.103,45.827,30.446,76,76,76,0,76,76,76,21,76,23,0
2173,2175173,72505767,12.812,12.202,13.074,63,76,44,0,76,76,31,0,76,0,0
2174,2176174,72539133,0.942,1.848,2.403,26,42,0,0,50,25,0,0,38,0,0
2175,2177175,72572500,0.000,0.073,0.000,0,0,0,0,22,0,0,0,0,0,0
2176,2178176,72605867,0.000,0.073,0.000,0,0,0,0,22,0,0,0,0,0,0
2177,2179177,72639233,0.000,0.075,0.000,0,0,0,0,22,0,0,0,0,0,0
2178,2180178,72672600,0.000,0.078,0.000,0,0,0,0,23,0,0,0,0,0,0
2179,2181179,72705967,0.000,0.080,0.000,0,0,0,0,24,0,0,0,0,0,0
2180,2182180,72739333,0.000,0.078,0.000,0,0,0,0,23,0,0,0,0,0,0
2181,2183181,72772700,0.000,9.360,0.000,0,0,0,0,23,76,0,0,0,0,0
2182,2184182,72806067,0.000,10.165,0.000,0,0,0,0,22,76,0,0,0,0,0
2183,2185183,72839433,0.000,10.198,0.000,0,0,0,0,23,76,0,0,0,0,0
2184,2186184,72872800,0.000,10.155,0.000,0,0,0,0,23,76,0,0,0,0,0
2185,2187185,72906167,0.000,10.152,0.000,0,0,0,0,23,76,0,0,0,0,0
2186,2188186,72939533,0.000,10.141,0.000,0,0,0,0,23,76,0,0,0,0,0
2187,2189187,72972900,0.000,10.851,0.000,0,0,0,0,20,76,0,0,0,0,0
2188,2190188,73006267,0.000,12.737,0.000,0,0,0,0,19,76,0,0,0,0,0
2189,2191189,73039633,0.000,13.177,0.000,0,0,0,0,24,76,0,0,0,0,0
2190,2192190,73073000,0.000,13.156,0.000,0,0,0,0,23,76,0,0,0,0,0
2191,2193191,73106367,0.000,13.187,0.000,0,0,0,0,22,76,0,0,0,0,0
2192,2194192,73139733,0.000,13.185,0.000,0,0,0,0,22,76,0,0,0,0,0
2193,2195193,73173100,0.000,11.680,0.000,0,0,0,0,22,76,0,0,0,0,0
2194,2196194,73206467,0.000,12.269,0.000,0,0,0,0,23,76,0,0,0,0,0
2195,2197195,73239833,0.000,12.643,0.000,0,0,0,0,25,76,0,0,0,0,0
2196,2198196,73273200,0.000,12.672,0.000,0,0,0,0,23,76,0,0,0,0,0
2197,2199197,73306567,0.000,12.646,0.000,0,0,0,0,20,76,0,0,0,0,0
2198,2200198,73339933,0.000,12.209,0.000,0,0,0,0,21,76,0,0,0,0,0
2199,2201199,73373300,0.000,14.232,0.000,0,0,0,0,22,76,0,0,0,0,0
2200,2202200,73406667,0.000,15.987,0.081,0,0,0,0,22,76,0,0,0,0,17
2201,2203201,73440033,0.000,16.398,0.144,0,0,0,0,22,76,0,0,0,0,18
2202,2204202,73473400,0.000,16.593,0.256,0,0,0,0,21,76,0,0,0,0,19
2203,2205203,73506767,0.000,16.592,0.228,0,0,0,0,20,76,0,0,0,0,19
2204,2206204,73540133,0.000,16.477,0.195,0,0,0,0,20,76,0,0,0,0,18
2205,2207205,73573500,0.000,8.931,0.000,0,0,0,0,20,76,0,0,0,0,0
2206,2208206,73606867,0.000,7.832,0.000,0,0,0,0,20,76,0,0,0,0,0
2207,2209207,73640233,0.000,8.021,0.000,0,0,0,0,20,76,0,0,0,0,0
2208,2210208,73673600,0.000,8.131,0.000,0,0,0,0,20,76,0,0,0,0,0
2209,2211209,73706967,0.000,8.228,0.000,0,0,0,0,20,76,0,0,0,0,0
2210,2212210,73740333,0.000,8.276,0.000,0,0,0,0,20,76,0,0,0,0,0
2211,2213211,73773700,17.558,25.323,14.630,76,76,18,0,76,76,58,0,76,0,0
2212,2214212,73807067,46.373,57.604,38.485,76,76,76,0,76,76,76,34,76,36,35
2213,2215213,73840433,51.366,62.653,45.254,76,76,76,0,76,76,76,52,76,53,44
2214,2216214,73873800,51.723,63.851,47.192,76,76,76,0,76,76,76,56,76,57,44
2215,2217215,73907167,51.178,63.935,47.335,76,76,76,0,76,76,76,56,76,57,44
2216,2218216,73940533,51.172,63.944,47.304,76,76,76,0,76,76,76,56,76,57,44
2217,2219217,73973900,45.003,48.946,31.555,76,76,76,0,76,76,76,23,76,25,23
2218,2220218,74007267,14.587,15.895,12.022,66,76,41,0,76,76,29,0,76,0,0
2219,2221219,74040633,2.629,2.487,2.078,31,52,0,0,62,39,0,0,35,0,0
2220,2222220,74074000,0.171,0.076,0.000,0,19,0,0,18,0,0,0,0,0,0
2221,2223221,74107367,0.000,0.000,0.000,0,0,0,0,0,0,0,0,0,0,0
2222,2224222,74140733,0.000,0.000,0.000,0,0,0,0,0,0,0,0,0,0,0
2223,2225223,74174100,0.000,0.109,0.000,0,0,0,0,22,24,0,0,0,0,0
2224,2226224,74207467,0.000,0.109,0.000,0,0,0,0,22,24,0,0,0,0,0
2225,2227225,74240833,0.000,0.109,0.000,0,0,0,0,22,24,0,0,0,0,0
2226,2228226,74274200,0.000,0.109,0.000,0,0,0,0,22,24,0,0,0,0,0
2227,2229227,74307567,0.000,0.109,0.000,0,0,0,0,22,24,0,0,0,0,0
2228,2230228,74340933,0.000,0.109,0.000,0,0,0,0,22,24,0,0,0,0,0
2229,2231229,74374300,0.000,0.109,0.000,0,0,0,0,22,24,0,0,0,0,0
2230,2232230,74407667,0.000,0.109,0.000,0,0,0,0,22,24,0,0,0,0,0
2231,2233231,74441033,0.000,0.109,0.000,0,0,0,0,22,24,0,0,0,0,0
2232,2234232,74474400,15.352,15.478,14.479,75,76,19,0,76,76,47,0,76,0,0
2233,2235233,74507767,47.616,58.544,39.272,76,76,76,0,76,76,76,37,76,38,33
2234,2236234,74541133,51.542,63.346,45.128,76,76,76,0,76,76,76,53,76,56,42
2235,2237235,74574500,40.891,42.642,28.623,76,76,76,0,76,76,76,20,76,19,0
2236,2238236,74607867,11.383,11.241,10.693,65,76,38,0,76,73,27,0,76,0,0
2237,2239237,74641233,2.645,1.459,2.496,26,42,0,0,47,32,0,0,33,0,0
2238,2240238,74674600,37.284,47.337,31.842,76,76,76,0,76,76,76,24,76,24,18
2239,2241239,74707967,49.941,61.624,43.764,76,76,76,0,76,76,76,48,76,51,38
2240,2242240,74741333,51.262,63.570,46.522,76,76,76,0,76,76,76,53,76,57,45
2241,2243241,74774700,35.633,42.801,28.841,76,76,76,0,76,76,76,22,76,21,0
2242,2244242,74808067,9.666,10.737,11.200,44,76,24,0,76,76,29,0,76,0,0
2243,2245243,74841433,0.516,1.503,1.758,18,36,0,0,46,23,0,0,30,0,0
2244,2246244,74874800,0.000,0.081,0.000,0,0,0,0,19,19,0,0,0,0,0
2245,2247245,74908167,0.000,0.081,0.000,0,0,0,0,19,19,0,0,0,0,0
2246,2248246,74941533,0.000,0.075,0.000,0,0,0,0,19,17,0,0,0,0,0
2247,2249247,74974900,0.000,0.066,0.000,0,0,0,0,19,0,0,0,0,0,0
2248,2250248,75008267,0.000,0.134,0.000,0,0,0,0,19,0,0,0,0,0,0
2249,2251249,75041633,0.000,0.095,0.000,0,0,0,0,19,0,0,0,0,0,0
2250,2252250,75075000,0.000,0.135,0.000,0,0,0,0,20,0,0,0,0,0,0
2251,2253251,75108367,0.000,0.135,0.000,0,0,0,0,20,0,0,0,0,0,0
2252,2254252,75141733,0.000,0.135,0.000,0,0,0,0,20,0,0,0,0,0,0
2253,2255253,75175100,0.000,0.135,0.000,0,0,0,0,20,0,0,0,0,0,0
2254,2256254,75208467,0.000,0.137,0.000,0,0,0,0,21,0,0,0,0,0,0
2255,2257255,75241833,0.000,0.137,0.000,0,0,0,0,21,0,0,0,0,0,0
2256,2258256,75275200,21.852,25.728,22.541,76,76,38,0,76,76,73,0,76,0,0
2257,2259257,75308567,48.652,59.381,40.825,76,76,76,0,76,76,76,40,76,42,35
2258,2260258,75341933,51.710,63.365,45.071,76,76,76,0,76,76,76,50,76,55,43
2259,2261259,75375300,34.795,40.723,26.300,76,76,76,0,76,76,76,0,76,18,0
2260,2262260,75408667,9.155,10.234,8.513,44,76,22,0,76,75,26,0,76,0,0
2261,2263261,75442033,0.637,1.407,1.523,21,40,0,0,45,24,0,0,34,0,0
2262,2264262,75475400,37.145,48.329,32.030,76,76,76,0,76,76,76,24,76,25,19
2263,2265263,75508767,50.229,61.660,44.032,76,76,76,0,76,76,76,49,76,53,41
2264,2266264,75542133,51.580,61.761,44.341,76,76,76,0,76,76,76,49,76,53,41
2265,2267265,75575500,32.003,31.363,23.919,76,76,76,0,76,76,72,0,76,0,0
2266,2268266,75608867,8.120,6.233,7.961,43,76,23,0,76,68,21,0,76,0,0
2267,2269267,75642233,0.333,0.741,0.856,17,26,0,0,30,21,0,0,24,0,0
2268,2270268,75675600,0.000,0.068,0.000,0,0,0,0,0,26,0,0,0,0,0
2269,2271269,75708967,0.000,0.070,0.000,0,0,0,0,0,27,0,0,0,0,0
2270,2272270,75742333,0.000,0.072,0.000,0,0,0,0,0,27,0,0,0,0,0
2271,2273271,75775700,0.000,0.076,0.000,0,0,0,0,0,28,0,0,0,0,0
2272,2274272,75809067,0.000,0.076,0.000,0,0,0,0,0,28,0,0,0,0,0
2273,2275273,75842433,0.000,0.076,0.000,0,0,0,0,0,28,0,0,0,0,0
2274,2276274,75875800,0.000,0.076,0.000,0,0,0,0,0,28,0,0,0,0,0
2275,2277275,75909167,0.000,0.076,0.000,0,0,0,0,0,28,0,0,0,0,0
2276,2278276,75942533,0.000,0.076,0.000,0,0,0,0,0,28,0,0,0,0,0
2277,2279277,75975900,28.024,35.046,27.160,76,76,51,0,76,76,76,0,76,0,0
2278,2280278,76009267,49.099,60.287,42.156,76,76,76,0,76,76,76,44,76,45,36
2279,2281279,76042633,51.444,63.556,46.296,76,76,76,0,76,76,76,52,76,57,43
2280,2282280,76076000,35.524,39.149,27.830,76,76,76,0,76,76,76,17,76,18,0
2281,2283281,76109367,10.560,9.668,10.248,63,76,19,0,76,75,25,0,76,0,0
2282,2284282,76142733,0.529,1.125,1.518,21,35,0,0,34,25,0,0,29,0,0
2283,2285283,76176100,0.000,0.068,0.000,0,0,0,0,0,25,0,0,0,0,0
2284,2286284,76209467,0.000,0.065,0.000,0,0,0,0,0,24,0,0,0,0,0
2285,2287285,76242833,5.216,2.927,6.971,35,44,0,0,42,32,25,0,64,0,0
2286,2288286,76276200,45.200,55.999,38.232,76,76,76,0,76,76,76,34,76,35,27
2287,2289287,76309567,50.727,62.832,45.638,76,76,76,0,76,76,76,51,76,55,43
2288,2290288,76342933,51.339,62.878,45.634,76,76,76,0,76,76,76,50,76,55,43
2289,2291289,76376300,31.605,33.944,23.719,76,76,76,0,76,76,69,0,76,0,0
2290,2292290,76409667,8.136,7.454,7.759,55,76,22,0,76,64,19,0,76,0,0
2291,2293291,76443033,0.359,0.519,0.583,18,29,0,0,29,0,0,0,20,0,0
2292,2294292,76476400,0.000,0.000,0.000,0,0,0,0,0,0,0,0,0,0,0
2293,2295293,76509767,0.000,0.000,0.000,0,0,0,0,0,0,0,0,0,0,0
2294,2296294,76543133,0.000,0.000,0.000,0,0,0,0,0,0,0,0,0,0,0
2295,2297295,76576500,39.537,47.645,32.049,76,76,76,0,76,76,76,24,76,25,18
2296,2298296,76609867,50.664,61.718,43.879,76,76,76,0,76,76,76,48,76,52,38
2297,2299297,76643233,50.941,61.802,43.947,76,76,76,0,76,76,76,48,76,52,38
2298,2300298,76676600,27.679,29.636,23.442,76,76,63,0,76,76,62,0,76,0,0
2299,2301299,76709967,6.957,5.285,7.391,45,76,0,0,76,64,19,0,72,0,0
2300,2302300,76743333,3.228,0.478,0.292,0,76,0,0,28,24,0,0,21,0,0
2301,2303301,76776700,6.963,0.067,0.000,0,76,0,0,0,24,0,0,0,0,0
2302,2304302,76810067,7.372,0.067,0.000,0,76,0,0,0,24,0,0,0,0,0
2303,2305303,76843433,7.320,0.067,0.000,0,76,0,0,0,24,0,0,0,0,0
2304,2306304,76876800,40.692,50.611,33.927,76,76,76,0,76,76,76,29,76,28,22
2305,2307305,76910167,50.469,62.023,44.266,76,76,76,0,76,76,76,48,76,53,40
2306,2308306,76943533,51.676,63.525,46.398,76,76,76,0,76,76,76,51,76,55,45
2307,2309307,76976900,39.858,43.817,28.196,76,76,76,0,76,76,76,17,76,19,18
2308,2310308,77010267,10.856,13.132,9.822,56,76,28,0,76,76,26,0,76,0,0
2309,2311309,77043633,0.442,1.528,1.496,19,34,0,0,40,21,0,0,27,0,0
2310,2312310,77077000,0.000,0.121,0.000,0,0,0,0,17,21,0,0,0,0,0
2311,2313311,77110367,0.000,0.121,0.000,0,0,0,0,17,21,0,0,0,0,0
2312,2314312,77143733,12.765,2.545,3.946,76,76,31,0,17,61,0,0,76,0,0
2313,2315313,77177100,41.369,10.889,9.896,76,76,76,0,41,76,0,31,76,0,0
2314,2316314,77210467,43.962,12.740,11.184,76,76,76,0,58,76,0,42,76,19,0
2315,2317315,77243833,44.424,13.000,11.402,76,76,76,0,60,76,0,46,76,19,0
2316,2318316,77277200,44.975,13.024,11.411,76,76,76,0,60,76,0,46,76,19,0
2317,2319317,77310567,44.975,13.048,11.378,76,76,76,0,60,76,0,46,76,19,0
2318,2320318,77343933,43.874,12.314,11.507,76,76,76,0,51,76,0,38,76,0,0
2319,2321319,77377300,25.531,13.545,15.985,76,76,64,0,76,76,0,22,76,20,0
2320,2322320,77410667,13.157,19.894,16.508,52,76,19,0,76,76,23,37,76,36,22
2321,2323321,77444033,6.629,16.573,13.244,21,76,0,0,76,76,0,25,76,24,0
2322,2324322,77477400,2.757,28.337,13.968,21,76,0,0,76,76,18,23,76,23,19
2323,2325323,77510767,1.800,32.582,12.992,21,52,0,0,76,76,23,29,76,29,24
2324,2326324,77544133,1.227,31.798,10.794,21,47,0,0,76,76,22,26,76,26,21
2325,2327325,77577500,5.766,34.824,14.973,76,0,0,0,76,76,76,0,76,24,0
2326,2328326,77610867,5.719,34.890,15.604,76,0,0,0,76,76,76,19,76,44,17
2327,2329327,77644233,5.573,34.472,16.403,76,0,0,0,76,76,76,20,76,53,18
2328,2330328,77677600,5.767,34.164,16.575,76,0,0,0,76,76,76,20,76,52,18
2329,2331329,77710967,5.767,34.089,16.594,76,0,0,0,76,76,76,20,76,52,18
2330,2332330,77744333,5.712,34.374,16.425,76,0,0,0,76,76,76,19,76,43,17
2331,2333331,77777700,4.613,29.586,15.367,76,34,0,0,76,76,72,20,76,22,0
2332,2334332,77811067,3.468,25.391,13.457,45,49,0,0,76,76,25,27,76,28,18
2333,2335333,77844433,1.612,23.885,11.016,22,49,0,0,76,76,18,27,76,27,18
2334,2336334,77877800,6.157,24.565,14.872,23,76,0,0,76,76,0,25,76,25,0
2335,2337335,77911167,7.877,24.985,14.829,26,76,0,0,76,76,18,38,76,35,18
2336,2338336,77944533,11.104,19.004,13.006,52,76,0,0,76,76,0,23,76,21,0
2337,2339337,77977900,38.708,14.399,14.345,76,76,76,0,76,76,0,27,76,0,0
2338,2340338,78011267,44.076,13.209,12.417,76,76,76,0,55,76,0,42,76,0,0
2339,2341339,78044633,44.424,13.127,11.332,76,76,76,0,67,76,0,46,76,17,0
2340,2342340,78078000,44.385,13.078,11.352,76,76,76,0,67,76,0,46,76,17,0
2341,2343341,78111367,44.424,13.024,11.354,76,76,76,0,67,76,0,46,76,17,0
2342,2344342,78144733,42.689,12.367,13.206,76,76,76,0,76,76,0,25,76,0,0
2343,2345343,78178100,21.189,14.109,15.476,76,76,61,0,76,76,0,29,76,27,0
2344,2346344,78211467,11.558,20.356,16.423,47,76,0,0,76,76,24,38,76,36,23
2345,2347345,78244833,7.925,19.574,15.394,25,76,0,0,76,76,23,37,76,33,22
2346,2348346,78278200,3.210,25.259,13.784,20,76,0,0,76,76,0,23,76,23,0
2347,2349347,78311567,1.888,31.986,13.214,20,53,0,0,76,76,23,29,76,30,22
2348,2350348,78344933,1.553,28.140,8.056,25,33,0,0,76,76,19,0,76,19,17
2349,2351349,78378300,5.748,35.171,13.706,76,0,0,0,76,76,76,0,76,25,0
2350,2352350,78411667,5.643,34.986,15.382,76,0,0,0,76,76,76,17,76,43,17
2351,2353351,78445033,5.725,34.505,16.361,76,0,0,0,76,76,76,19,76,48,18
2352,2354352,78478400,5.721,34.042,16.399,76,0,0,0,76,76,76,19,76,48,18
2353,2355353,78511767,5.727,34.295,16.422,76,0,0,0,76,76,76,19,76,48,18
2354,2356354,78545133,5.669,33.704,15.465,76,0,0,0,76,76,76,19,76,46,18
2355,2357355,78578500,4.443,29.348,13.784,76,30,0,0,76,76,71,19,76,19,0
2356,2358356,78611867,3.194,24.757,12.724,45,45,0,0,76,76,25,29,76,29,18
2357,2359357,78645233,1.697,23.578,10.537,23,46,0,0,76,76,23,28,76,28,0
2358,2360358,78678600,6.255,24.864,14.528,24,76,0,0,76,76,0,27,76,24,0
2359,2361359,78711967,7.873,24.724,14.910,26,76,0,0,76,76,18,37,76,34,18
2360,2362360,78745333,7.929,23.947,14.383,26,76,0,0,76,76,18,37,76,36,18
2361,2363361,78778700,29.486,15.032,15.582,76,76,67,0,76,76,0,17,76,0,0
2362,2364362,78812067,42.451,13.247,13.166,76,76,76,0,76,76,0,35,76,0,0
2363,2365363,78845433,44.111,12.999,11.848,76,76,76,0,62,76,0,46,76,0,0
2364,2366364,78878800,44.415,12.825,11.285,76,76,76,0,62,76,0,47,76,0,0
2365,2367365,78912167,44.270,12.813,11.297,76,76,76,0,62,76,0,47,76,0,0
2366,2368366,78945533,40.331,12.883,15.880,76,76,76,0,76,76,0,26,76,0,0
2367,2369367,78978900,18.310,15.243,16.259,76,76,44,0,76,76,17,32,76,31,17
2368,2370368,79012267,11.756,20.131,16.208,45,76,0,0,76,76,22,39,76,38,24
2369,2371369,79045633,6.093,17.166,12.681,25,76,0,0,76,76,18,25,76,24,18
2370,2372370,79079000,2.471,27.091,12.948,18,76,0,0,76,76,17,20,76,20,17
2371,2373371,79112367,1.887,32.535,12.476,23,53,0,0,76,76,22,28,76,29,23
2372,2374372,79145733,1.329,29.883,8.376,20,45,0,0,76,76,19,18,76,20,19
2373,2375373,79179100,5.767,35.807,13.638,76,0,0,0,76,76,76,0,76,26,0
2374,2376374,79212467,5.549,34.874,15.400,76,0,0,0,76,76,76,0,76,46,0
2375,2377375,79245833,5.634,34.432,16.273,76,0,0,0,76,76,76,19,76,52,17
2376,2378376,79279200,5.573,34.126,16.274,76,0,0,0,76,76,76,19,76,52,17
2377,2379377,79312567,5.574,34.091,16.264,76,0,0,0,76,76,76,19,76,52,17
2378,2380378,79345933,5.552,31.737,14.485,76,0,0,0,76,76,76,0,76,28,0
2379,2381379,79379300,4.185,26.159,13.749,76,37,0,0,76,76,46,24,76,24,0
2380,2382380,79412667,2.886,25.351,12.373,36,52,0,0,76,76,24,27,76,29,18
2381,2383381,79446033,1.536,24.466,10.244,23,49,0,0,76,76,24,23,76,26,18
2382,2384382,79479400,5.371,24.737,13.708,29,76,0,0,76,76,0,19,76,19,0
2383,2385383,79512767,7.729,24.320,14.656,30,76,0,0,76,76,19,34,76,33,17
2384,2386384,79546133,7.383,22.280,13.220,28,76,0,0,76,76,19,30,76,29,0
2385,2387385,79579500,34.865,14.901,14.744,76,76,76,0,76,76,0,21,76,0,0
2386,2388386,79612867,43.175,12.927,12.269,76,76,76,0,53,76,0,36,76,0,0
2387,2389387,79646233,43.855,13.045,11.541,76,76,76,0,64,76,0,46,76,18,0
2388,2390388,79679600,43.976,12.984,11.466,76,76,76,0,64,76,0,46,76,19,0
2389,2391389,79712967,44.007,12.980,11.511,76,76,76,0,64,76,0,46,76,19,0
2390,2392390,79746333,43.927,12.934,11.902,76,76,76,0,63,76,0,45,76,18,0
2391,2393391,79779700,29.647,12.464,16.968,76,76,76,0,76,76,0,24,76,20,0
2392,2394392,79813067,13.931,19.241,16.438,56,76,24,0,76,76,21,36,76,35,21
2393,2395393,79846433,8.241,17.663,13.186,25,76,0,0,76,76,19,22,76,22,19
2394,2396394,79879800,3.293,27.122,13.109,18,76,0,0,76,76,18,20,76,20,17
2395,2397395,79913167,1.935,32.281,12.521,18,53,0,0,76,76,21,26,76,29,24
2396,2398396,79946533,1.954,27.953,7.586,34,33,0,0,76,76,19,0,76,0,0
2397,2399397,79979900,5.732,35.985,13.684,76,0,0,0,76,76,76,0,76,27,0
2398,2400398,80013267,5.655,34.959,15.614,76,0,0,0,76,76,76,18,76,51,18
2399,2401399,80046633,5.640,34.392,16.490,76,0,0,0,76,76,76,21,76,51,18
2400,2402400,80080000,5.640,33.887,16.581,76,0,0,0,76,76,76,21,76,51,18
2401,2403401,80113367,5.640,33.850,16.524,76,0,0,0,76,76,76,21,76,51,18
2402,2404402,80146733,5.647,32.734,14.972,76,0,0,0,76,76,76,0,76,27,0
2403,2405403,80180100,3.973,26.109,14.045,74,36,0,0,76,76,42,24,76,24,0
2404,2406404,80213467,2.779,25.392,12.600,33,50,0,0,76,76,25,29,76,29,18
2405,2407405,80246833,3.322,20.232,12.683,22,76,0,0,76,76,0,19,76,21,0
2406,2408406,80280200,7.358,24.705,14.830,25,76,0,0,76,76,18,33,76,32,0
2407,2409407,80313567,8.016,25.192,14.840,27,76,0,0,76,76,19,38,76,36,18
2408,2410408,80346933,8.050,21.405,12.872,25,76,0,0,76,76,17,32,76,30,0
2409,2411409,80380300,36.805,14.552,14.877,76,76,76,0,76,76,0,20,76,0,0
2410,2412410,80413667,43.340,13.133,12.687,76,76,76,0,52,76,0,38,76,0,0
2411,2413411,80447033,44.088,13.074,11.494,76,76,76,0,59,76,0,47,76,18,0
2412,2414412,80480400,44.428,13.009,11.479,76,76,76,0,59,76,0,47,76,18,0
2413,2415413,80513767,44.424,13.005,11.472,76,76,76,0,59,76,0,47,76,18,0
2414,2416414,80547133,43.517,12.367,14.282,76,76,76,0,61,76,0,34,76,18,0
2415,2417415,80580500,22.063,13.949,16.855,76,76,55,0,76,76,0,31,76,31,0
2416,2418416,80613867,12.392,20.035,16.586,44,76,0,0,76,76,23,38,76,38,22
2417,2419417,80647233,6.027,16.553,12.663,21,76,0,0,76,76,19,23,76,20,17
2418,2420418,80680600,2.486,27.605,12.835,20,70,0,0,76,76,17,20,76,21,17
2419,2421419,80713967,1.770,32.469,12.639,20,50,0,0,76,76,23,27,76,28,22
2420,2422420,80747333,1.463,32.226,11.209,20,49,0,0,76,76,23,23,76,25,22
2421,2423421,80780700,5.487,35.399,13.211,76,0,0,0,76,76,76,0,76,19,0
2422,2424422,80814067,5.664,34.882,15.014,76,0,0,0,76,76,76,0,76,42,0
2423,2425423,80847433,5.518,34.248,16.265,76,0,0,0,76,76,76,20,76,52,17
2424,2426424,80880800,5.489,33.857,16.309,76,0,0,0,76,76,76,20,76,52,17
2425,2427425,80914167,5.500,33.814,16.346,76,0,0,0,76,76,76,20,76,52,17
2426,2428426,80947533,5.446,33.681,15.700,76,0,0,0,76,76,76,0,76,26,0
2427,2429427,80980900,3.928,27.056,14.353,70,39,0,0,76,76,45,25,76,28,0
2428,2430428,81014267,3.065,25.778,12.607,32,50,0,0,76,76,22,29,76,29,19
2429,2431429,81047633,3.646,20.575,12.847,21,76,0,0,76,76,0,17,76,17,0
2430,2432430,81081000,7.488,24.792,14.954,25,76,0,0,76,76,18,32,76,27,19
2431,2433431,81114367,8.055,25.454,15.076,28,76,0,0,76,76,21,37,76,36,19
2432,2434432,81147733,10.093,19.902,11.952,35,76,0,0,76,76,0,21,76,19,0
2433,2435433,81181100,38.695,14.761,14.187,76,76,76,0,76,76,0,25,76,0,0
2434,2436434,81214467,43.816,13.154,12.001,76,76,76,0,55,76,0,38,76,0,0
2435,2437435,81247833,44.279,13.083,11.367,76,76,76,0,60,76,0,46,76,17,0
2436,2438436,81281200,44.157,13.057,11.385,76,76,76,0,60,76,0,46,76,17,0
2437,2439437,81314567,44.104,13.033,11.380,76,76,76,0,60,76,0,46,76,17,0
2438,2440438,81347933,41.470,12.623,14.463,76,76,76,0,76,76,0,22,76,0,0
2439,2441439,81381300,18.334,14.913,15.885,76,76,50,0,76,76,0,31,76,29,18
2440,2442440,81414667,11.128,20.228,16.040,34,76,0,0,76,76,24,41,76,39,22
2441,2443441,81448033,5.660,17.070,12.821,22,76,0,0,76,76,18,22,76,22,17
2442,2444442,81481400,2.279,28.569,12.981,22,71,0,0,76,76,18,24,76,26,18
2443,2445443,81514767,1.674,33.303,12.548,22,50,0,0,76,76,24,29,76,30,24
2444,2446444,81548133,0.972,31.011,9.817,22,39,0,0,76,76,23,22,76,22,21
2445,2447445,81581500,5.813,35.208,13.813,76,0,0,0,76,76,76,0,76,20,0
2446,2448446,81614867,5.553,34.682,15.050,76,0,0,0,76,76,76,19,76,43,0
2447,2449447,81648233,5.475,34.478,16.320,76,0,0,0,76,76,76,20,76,52,17
2448,2450448,81681600,5.528,34.232,16.463,76,0,0,0,76,76,76,20,76,52,17
2449,2451449,81714967,5.537,34.092,16.441,76,0,0,0,76,76,76,20,76,52,17
2450,2452450,81748333,5.473,34.583,16.499,76,0,0,0,76,76,76,18,76,50,17
2451,2453451,81781700,4.254,31.081,15.584,76,35,0,0,76,76,76,19,76,22,0
2452,2454452,81815067,3.019,25.919,13.272,39,49,0,0,76,76,29,27,76,30,17
2453,2455453,81848433,2.111,22.583,9.688,21,62,0,0,76,76,22,18,76,18,0
2454,2456454,81881800,6.953,25.575,13.892,24,76,0,0,76,76,18,26,76,24,0
2455,2457455,81915167,8.048,25.002,14.630,28,76,0,0,76,76,22,39,76,37,17
2456,2458456,81948533,14.431,36.267,25.305,64,76,0,0,76,76,58,39,76,37,17
2457,2459457,81981900,46.367,49.625,41.432,76,76,76,0,76,76,76,49,76,47,23
2458,2460458,82015267,50.456,51.499,45.341,76,76,76,0,76,76,76,57,76,55,26
2459,2461459,82048633,51.318,52.248,46.039,76,76,76,0,76,76,76,59,76,58,26
2460,2462460,82082000,51.345,52.526,46.099,76,76,76,0,76,76,76,59,76,58,26
2461,2463461,82115367,51.423,52.519,46.114,76,76,76,0,76,76,76,59,76,58,26
2462,2464462,82148733,44.023,40.714,33.312,76,76,76,0,76,76,76,29,76,29,0
2463,2465463,82182100,15.335,11.568,16.074,75,76,38,0,76,76,35,0,76,0,0
2464,2466464,82215467,4.254,2.436,3.100,34,53,0,0,58,32,0,0,43,0,0
2465,2467465,82248833,0.139,0.091,0.000,0,20,0,0,23,0,0,0,0,0,0
2466,2468466,82282200,0.000,0.099,0.000,0,0,0,0,24,0,0,0,0,0,0
2467,2469467,82315567,0.000,0.123,0.000,0,0,0,0,24,0,0,0,0,0,0
2468,2470468,82348933,0.000,0.129,0.000,0,0,0,0,25,0,0,0,0,0,0
2469,2471469,82382300,0.000,0.136,0.000,0,0,0,0,26,0,0,0,0,0,0
2470,2472470,82415667,0.000,0.136,0.000,0,0,0,0,26,0,0,0,0,0,0
2471,2473471,82449033,0.000,0.131,0.000,0,0,0,0,25,0,0,0,0,0,0
2472,2474472,82482400,0.000,0.101,0.000,0,0,0,0,24,0,0,0,0,0,0
2473,2475473,82515767,0.000,0.091,0.000,0,0,0,0,23,0,0,0,0,0,0
2474,2476474,82549133,0.000,0.095,0.000,0,0,0,0,24,0,0,0,0,0,0
2475,2477475,82582500,0.000,0.098,0.000,0,0,0,0,25,0,0,0,0,0,0
2476,2478476,82615867,0.000,0.147,0.000,0,0,0,0,27,18,0,0,0,0,0
2477,2479477,82649233,0.000,0.102,5.533,0,0,0,0,27,0,0,0,76,0,0
2478,2480478,82682600,0.000,1.051,9.421,0,0,0,0,27,0,0,31,76,0,0
2479,2481479,82715967,0.000,2.162,10.295,0,0,0,0,27,0,0,42,76,0,0
2480,2482480,82749333,0.000,2.226,10.560,0,0,0,0,26,0,0,44,76,0,0
2481,2483481,82782700,0.000,2.286,10.578,0,0,0,0,26,19,0,44,76,0,0
2482,2484482,82816067,0.000,2.254,10.519,0,0,0,0,26,25,0,44,76,0,0
2483,2485483,82849433,0.000,0.608,10.778,0,0,0,0,26,25,0,19,76,0,0
2484,2486484,82882800,0.000,0.680,12.400,0,0,0,0,27,25,0,24,76,24,0
2485,2487485,82916167,0.000,1.195,10.791,0,0,0,0,27,25,0,35,76,33,0
2486,2488486,82949533,0.000,1.255,10.190,0,0,0,0,27,25,0,35,76,34,0
2487,2489487,82982900,0.000,1.232,10.205,0,0,0,0,27,25,0,36,76,33,0
2488,2490488,83016267,0.000,1.271,10.194,0,0,0,0,27,25,0,36,76,34,0
2489,2491489,83049633,0.000,0.790,9.092,0,0,0,0,28,26,0,25,76,22,0
2490,2492490,83083000,0.000,0.207,8.387,0,0,0,0,28,28,0,0,76,0,0
2491,2493491,83116367,0.000,0.243,6.620,0,0,0,0,29,30,0,17,76,17,0
2492,2494492,83149733,0.000,0.216,6.282,0,0,0,0,29,22,0,17,76,17,0
2493,2495493,83183100,0.000,0.146,6.269,0,0,0,0,28,0,0,17,76,17,0
2494,2496494,83216467,0.000,0.221,6.351,0,0,0,0,28,0,0,19,76,19,0
2495,2497495,83249833,0.000,0.122,5.011,0,0,0,0,28,0,0,0,76,0,0
2496,2498496,83283200,0.000,0.127,6.301,0,0,0,0,28,0,0,0,76,0,0
2497,2499497,83316567,0.000,0.241,7.489,0,0,0,0,27,0,0,19,76,25,0
2498,2500498,83349933,0.000,0.262,8.114,0,0,0,0,27,0,0,21,76,31,0
2499,2501499,83383300,0.000,0.312,8.085,0,0,0,0,27,0,0,20,76,31,0
2500,2502500,83416667,0.000,0.316,8.113,0,0,0,0,27,0,0,21,76,31,0
2501,2503501,83450033,0.000,0.127,7.203,0,0,0,0,27,0,0,0,76,0,0
2502,2504502,83483400,0.000,0.127,9.874,0,0,0,0,27,0,0,0,76,27,0
2503,2505503,83516767,0.000,0.127,10.412,0,0,0,0,27,0,0,0,76,40,0
2504,2506504,83550133,0.000,0.127,10.617,0,0,0,0,27,0,0,0,76,47,0
2505,2507505,83583500,0.000,0.127,10.573,0,0,0,0,27,0,0,0,76,47,0
2506,2508506,83616867,0.000,0.127,10.670,0,0,0,0,27,0,0,0,76,47,0
2507,2509507,83650233,0.000,0.127,10.670,0,0,0,0,27,0,0,0,76,47,0
2508,2510508,83683600,0.000,0.127,10.627,0,0,0,0,27,0,0,0,76,47,0
2509,2511509,83716967,22.009,6.175,31.583,76,76,49,0,27,76,0,21,76,47,0
2510,2512510,83750333,41.319,12.161,41.024,76,76,76,0,41,76,0,44,76,52,0
2511,2513511,83783700,44.085,13.720,43.848,76,76,76,0,56,76,0,54,76,55,0
2512,2514512,83817067,45.088,13.915,44.408,76,76,76,0,57,76,0,55,76,56,0
2513,2515513,83850433,40.563,11.888,38.147,76,76,76,0,38,76,0,46,76,46,0
2514,2516514,83883800,16.907,13.648,24.536,72,76,47,0,76,76,0,41,76,41,0
2515,2517515,83917167,10.455,19.333,19.161,34,76,0,0,76,76,21,40,76,37,22
2516,2518516,83950533,5.212,13.762,15.472,19,76,0,0,76,76,0,26,76,26,0
2517,2519517,83983900,1.986,26.478,13.957,19,60,0,0,76,76,0,28,76,30,18
2518,2520518,84017267,1.618,32.452,12.899,19,53,0,0,76,76,22,30,76,31,23
2519,2521519,84050633,1.704,26.880,14.313,34,36,0,0,76,76,21,19,76,23,0
2520,2522520,84084000,5.868,33.098,16.332,76,0,0,0,76,76,76,0,76,38,0
2521,2523521,84117367,5.608,34.656,16.059,76,0,0,0,76,76,76,18,76,48,0
2522,2524522,84150733,5.621,34.587,16.609,76,0,0,0,76,76,76,19,76,50,17
2523,2525523,84184100,5.603,34.367,16.626,76,0,0,0,76,76,76,19,76,50,18
2524,2526524,84217467,5.578,34.406,16.627,76,0,0,0,76,76,76,19,76,50,18
2525,2527525,84250833,5.440,30.848,14.406,76,20,0,0,76,76,76,0,76,18,0
2526,2528526,84284200,3.760,25.176,13.231,56,45,0,0,76,76,32,28,76,28,0
2527,2529527,84317567,2.504,25.593,12.650,31,49,0,0,76,76,27,29,76,31,19
2528,2530528,84350933,2.176,21.372,11.624,17,70,0,0,76,76,0,19,76,21,0
2529,2531529,84384300,6.674,23.897,14.864,22,76,0,0,76,76,0,27,76,27,0
2530,2532530,84417667,7.841,24.277,14.896,25,76,0,0,76,76,18,38,76,36,18
2531,2533531,84451033,13.144,18.695,12.490,76,76,19,0,76,76,0,19,76,18,0
2532,2534532,84484400,40.541,14.036,13.575,76,76,76,0,76,76,0,26,76,0,0
2533,2535533,84517767,43.672,13.006,12.115,76,76,76,0,57,76,0,40,76,18,0
2534,2536534,84551133,44.155,12.980,11.563,76,76,76,0,61,76,0,46,76,18,0
2535,2537535,84584500,44.275,12.976,11.548,76,76,76,0,61,76,0,46,76,18,0
2536,2538536,84617867,44.248,13.007,11.548,76,76,76,0,61,76,0,46,76,18,0
2537,2539537,84651233,41.248,12.745,14.883,76,76,76,0,76,76,0,20,76,0,0
2538,2540538,84684600,17.966,15.295,15.254,76,76,47,0,76,76,0,32,76,30,18
2539,2541539,84717967,10.889,20.161,15.796,32,76,0,0,76,76,23,39,76,37,22
2540,2542540,84751333,4.530,21.720,13.288,18,76,0,0,76,76,0,0,76,0,0
2541,2543541,84784700,2.190,31.111,12.779,18,59,0,0,76,76,20,26,76,26,22
2542,2544542,84818067,1.796,33.079,12.406,18,54,0,0,76,76,23,29,76,29,24
2543,2545543,84851433,2.686,28.125,8.399,48,34,0,0,76,76,36,0,76,0,0
2544,2546544,84884800,5.698,36.260,14.257,76,0,0,0,76,76,76,0,76,29,0
2545,2547545,84918167,5.745,34.916,15.623,76,0,0,0,76,76,76,0,76,46,17
2546,2548546,84951533,5.828,34.303,16.326,76,0,0,0,76,76,76,0,76,53,17
2547,2549547,84984900,5.827,34.200,16.426,76,0,0,0,76,76,76,17,76,53,17
2548,2550548,85018267,5.826,34.152,16.413,76,0,0,0,76,76,76,17,76,53,17
2549,2551549,85051633,5.786,35.649,16.168,76,0,0,0,76,76,76,0,76,31,0
2550,2552550,85085000,3.871,27.916,14.726,64,39,0,0,76,76,51,24,76,28,0
2551,2553551,85118367,2.560,25.827,12.994,30,50,0,0,76,76,25,26,76,30,18
2552,2554552,85151733,2.838,20.880,11.204,21,76,0,0,76,76,0,0,76,0,0
2553,2555553,85185100,7.165,24.841,14.382,24,76,0,0,76,76,18,32,76,27,17
2554,2556554,85218467,7.872,24.682,14.601,27,76,0,0,76,76,19,37,76,35,18
2555,2557555,85251833,20.266,16.941,14.907,76,76,27,0,76,76,0,19,76,0,0
2556,2558556,85285200,41.075,13.817,13.769,76,76,76,0,76,76,0,31,76,0,0
2557,2559557,85318567,43.848,13.127,12.130,76,76,76,0,59,76,0,44,76,18,0
2558,2560558,85351933,44.344,13.096,11.495,76,76,76,0,63,76,0,48,76,20,0
2559,2561559,85385300,44.618,13.068,11.493,76,76,76,0,63,76,0,48,76,20,0
2560,2562560,85418667,44.556,13.076,11.457,76,76,76,0,63,76,0,48,76,20,0
2561,2563561,85452033,36.324,12.560,15.610,76,76,76,0,76,76,0,22,76,17,0
2562,2564562,85485400,15.521,18.832,16.069,52,76,33,0,76,76,20,34,76,31,21
2563,2565563,85518767,9.755,20.569,15.999,27,76,0,0,76,76,24,39,76,37,24
2564,2566564,85552133,5.444,18.471,12.878,24,76,0,0,76,76,0,21,76,21,0
2565,2567565,85585500,2.633,29.526,13.064,24,76,0,0,76,76,19,23,76,23,20
2566,2568566,85618867,1.808,33.016,12.632,24,53,0,0,76,76,24,29,76,29,24
2567,2569567,85652233,3.233,27.186,9.051,60,24,0,0,76,76,39,0,76,0,0
2568,2570568,85685600,5.804,35.942,14.458,76,0,0,0,76,76,76,0,76,33,0
2569,2571569,85718967,5.732,34.661,15.836,76,0,0,0,76,76,76,19,76,47,17
2570,2572570,85752333,5.628,34.181,16.605,76,0,0,0,76,76,76,20,76,53,18
2571,2573571,85785700,5.643,34.182,16.590,76,0,0,0,76,76,76,20,76,53,18
2572,2574572,85819067,5.643,34.121,16.622,76,0,0,0,76,76,76,21,76,53,18
2573,2575573,85852433,5.490,32.861,15.363,76,0,0,0,76,76,76,0,76,29,0
2574,2576574,85885800,4.032,26.334,14.111,76,39,0,0,76,76,48,23,76,25,0
2575,2577575,85919167,2.723,24.692,12.263,40,49,0,0,76,76,24,30,76,30,18
2576,2578576,85952533,4.365,23.911,13.362,24,76,0,0,76,76,17,17,76,17,0
2577,2579577,85985900,7.608,24.844,14.144,28,76,0,0,76,76,18,34,76,31,17
2578,2580578,86019267,7.875,24.178,14.312,28,76,0,0,76,76,18,38,76,37,18
2579,2581579,86052633,22.890,17.641,14.345,76,76,50,0,76,76,0,0,76,0,0
2580,2582580,86086000,42.004,14.008,12.898,76,76,76,0,76,76,0,35,76,0,0
2581,2583581,86119367,43.864,13.255,11.707,76,76,76,0,60,76,0,46,76,18,0
2582,2584582,86152733,44.304,13.017,11.388,76,76,76,0,61,76,0,48,76,18,0
2583,2585583,86186100,44.518,13.058,11.406,76,76,76,0,61,76,0,48,76,18,0
2584,2586584,86219467,44.404,13.030,11.424,76,76,76,0,61,76,0,48,76,18,0
2585,2587585,86252833,43.814,12.603,12.745,76,76,76,0,76,76,0,26,76,0,0
2586,2588586,86286200,23.307,14.323,15.427,76,76,59,0,76,76,0,29,76,28,0
2587,2589587,86319567,11.936,20.013,16.149,44,76,17,0,76,76,22,39,76,39,23
2588,2590588,86352933,5.219,18.827,13.203,18,76,0,0,76,76,0,19,76,18,0
2589,2591589,86386300,2.048,29.575,12.654,18,62,0,0,76,76,19,27,76,27,19
2590,2592590,86419667,1.679,32.929,12.518,18,52,0,0,76,76,22,28,76,29,24
2591,2593591,86453033,4.635,29.810,12.277,76,23,0,0,76,76,76,0,76,0,0
2592,2594592,86486400,5.647,35.387,14.778,76,0,0,0,76,76,76,0,76,37,0
2593,2595593,86519767,5.705,34.387,15.829,76,0,0,0,76,76,76,19,76,47,17
2594,2596594,86553133,5.714,34.219,16.243,76,0,0,0,76,76,76,20,76,51,17
2595,2597595,86586500,5.689,33.992,16.312,76,0,0,0,76,76,76,20,76,51,17
2596,2598596,86619867,5.696,33.915,16.225,76,0,0,0,76,76,76,21,76,51,17
2597,2599597,86653233,5.560,32.164,13.972,76,0,0,0,76,76,76,0,76,21,0
2598,2600598,86686600,3.580,25.437,13.077,66,41,0,0,76,76,33,25,76,25,0
2599,2601599,86719967,2.342,25.240,11.881,26,50,0,0,76,76,27,27,76,32,18
2600,2602600,86753333,4.412,22.324,13.671,18,76,0,0,76,76,0,20,76,20,0
2601,2603601,86786700,7.751,24.448,14.467,27,76,0,0,76,76,17,32,76,31,17
2602,2604602,86820067,8.083,24.441,15.408,29,76,0,0,76,76,19,37,76,36,19
2603,2605603,86853433,14.250,18.054,12.747,67,76,0,0,76,76,0,0,76,0,0
2604,2606604,86886800,40.814,14.345,13.560,76,76,76,0,76,76,0,28,76,0,0
2605,2607605,86920167,44.075,13.397,11.964,76,76,76,0,63,76,0,42,76,19,0
2606,2608606,86953533,44.356,13.234,11.366,76,76,76,0,67,76,0,45,76,19,0
2607,2609607,86986900,44.378,13.132,11.342,76,76,76,0,67,76,0,45,76,19,0
2608,2610608,87020267,44.524,13.034,11.342,76,76,76,0,67,76,0,45,76,19,0
2609,2611609,87053633,34.792,12.427,16.842,76,76,76,0,76,76,0,22,76,19,0
2610,2612610,87087000,15.057,18.657,16.424,54,76,28,0,76,76,20,36,76,34,20
2611,2613611,87120367,9.862,20.343,15.953,30,76,0,0,76,76,24,38,76,37,24
2612,2614612,87153733,5.693,17.454,13.857,21,76,0,0,76,76,0,25,76,22,0
2613,2615613,87187100,2.466,28.203,13.944,21,76,0,0,76,76,19,24,76,24,19
2614,2616614,87220467,1.611,32.112,12.036,21,52,0,0,76,76,20,24,76,27,22
2615,2617615,87253833,4.743,33.435,12.197,76,0,0,0,76,76,76,0,76,0,0
2616,2618616,87287200,5.714,35.317,14.852,76,0,0,0,76,76,76,0,76,37,17
2617,2619617,87320567,5.551,34.754,15.854,76,0,0,0,76,76,76,19,76,49,17
2618,2620618,87353933,5.578,34.077,16.307,76,0,0,0,76,76,76,19,76,52,17
2619,2621619,87387300,5.628,33.999,16.408,76,0,0,0,76,76,76,19,76,52,17
2620,2622620,87420667,5.612,34.001,16.313,76,0,0,0,76,76,76,19,76,52,17
2621,2623621,87454033,5.528,32.003,15.415,76,19,0,0,76,76,76,0,76,22,0
2622,2624622,87487400,3.987,26.668,13.706,66,43,0,0,76,76,33,27,76,28,0
2623,2625623,87520767,2.864,25.240,12.220,24,52,0,0,76,76,28,29,76,30,19
2624,2626624,87554133,3.343,21.294,12.140,20,76,0,0,76,76,0,0,76,0,0
2625,2627625,87587500,7.076,25.145,14.184,21,76,0,0,76,76,18,30,76,29,0
2626,2628626,87620867,7.773,24.473,14.533,24,76,0,0,76,76,19,36,76,36,18
2627,2629627,87654233,17.938,18.582,13.484,76,76,27,0,76,76,0,17,76,0,0
2628,2630628,87687600,41.388,13.885,13.341,76,76,76,0,76,76,0,30,76,0,0
2629,2631629,87720967,43.570,13.088,11.815,76,76,76,0,61,76,0,43,76,17,0
2630,2632630,87754333,44.444,12.953,11.243,76,76,76,0,64,76,0,46,76,17,0
2631,2633631,87787700,44.712,13.003,11.254,76,76,76,0,64,76,0,46,76,17,0
2632,2634632,87821067,44.695,12.894,11.220,76,76,76,0,64,76,0,46,76,17,0
2633,2635633,87854433,33.668,12.652,15.788,76,76,76,0,76,76,0,22,76,0,0
2634,2636634,87887800,14.212,19.332,16.133,61,76,29,0,76,76,21,36,76,34,20
2635,2637635,87921167,9.534,20.470,15.568,25,76,0,0,76,76,23,38,76,36,22
2636,2638636,87954533,4.536,22.855,13.240,20,76,0,0,76,76,0,17,76,0,0
2637,2639637,87987900,2.018,31.044,12.869,20,62,0,0,76,76,21,27,76,27,22
2638,2640638,88021267,1.667,32.981,12.420,21,53,0,0,76,76,24,29,76,29,24
2639,2641639,88054633,1.670,29.762,7.746,31,40,0,0,76,76,21,0,76,18,17
2640,2642640,88088000,5.907,35.807,13.838,76,0,0,0,76,76,76,0,76,26,0
2641,2643641,88121367,5.729,34.632,15.465,76,0,0,0,76,76,76,17,76,44,17
2642,2644642,88154733,5.698,34.229,16.333,76,0,0,0,76,76,76,19,76,49,18
2643,2645643,88188100,5.690,34.097,16.392,76,0,0,0,76,76,76,20,76,49,18
2644,2646644,88221467,5.690,34.075,16.392,76,0,0,0,76,76,76,21,76,49,18
2645,2647645,88254833,5.516,30.734,14.987,76,18,0,0,76,76,76,0,76,21,0
2646,2648646,88288200,3.784,25.855,13.108,66,44,0,0,76,76,35,27,76,27,0
2647,2649647,88321567,2.024,24.467,11.865,23,51,0,0,76,76,28,27,76,27,17
2648,2650648,88354933,3.640,22.257,12.781,22,76,0,0,76,76,0,17,76,17,0
2649,2651649,88388300,7.310,24.536,14.089,22,76,0,0,76,76,18,31,76,30,0
2650,2652650,88421667,8.022,25.279,14.873,29,76,0,0,76,76,22,38,76,36,18
2651,2653651,88455033,26.987,43.740,33.720,76,76,37,0,76,76,76,41,76,39,18
2652,2654652,88488400,48.063,50.228,43.367,76,76,76,0,76,76,76,54,76,52,24
2653,2655653,88521767,51.036,52.155,45.350,76,76,76,0,76,76,76,59,76,56,27
2654,2656654,88555133,51.223,52.277,46.201,76,76,76,0,76,76,76,60,76,56,27
2655,2657655,88588500,51.219,52.196,46.100,76,76,76,0,76,76,76,60,76,56,27
2656,2658656,88621867,51.125,52.028,45.879,76,76,76,0,76,76,76,60,76,56,27
2657,2659657,88655233,46.073,38.242,30.073,76,76,76,0,76,76,76,21,76,23,0
2658,2660658,88688600,14.302,12.123,11.842,60,76,41,0,76,76,28,0,76,0,0
2659,2661659,88721967,1.475,2.564,1.881,24,54,0,0,63,31,0,0,30,0,0
2660,2662660,88755333,0.156,0.329,0.000,0,20,0,0,24,17,0,0,0,0,0
2661,2663661,88788700,0.000,0.150,0.000,0,0,0,0,24,23,0,0,0,0,0
2662,2664662,88822067,0.000,0.199,0.000,0,0,0,0,24,28,0,0,0,0,0
2663,2665663,88855433,0.000,0.195,0.000,0,0,0,0,23,27,0,0,0,0,0
2664,2666664,88888800,0.000,0.154,0.000,0,0,0,0,22,28,0,0,0,0,0
2665,2667665,88922167,0.000,0.168,0.000,0,0,0,0,23,28,0,0,0,0,0
2666,2668666,88955533,0.000,0.198,0.000,0,0,0,0,23,28,0,0,0,0,0
2667,2669667,88988900,0.000,0.159,0.000,0,0,0,0,22,28,0,0,0,0,0
2668,2670668,89022267,0.000,0.162,0.000,0,0,0,0,22,28,0,0,0,0,0
2669,2671669,89055633,0.000,1.253,0.000,0,0,0,0,76,24,0,0,0,0,0
2670,2672670,89089000,0.000,1.717,0.000,0,0,0,0,76,21,0,0,0,0,0
2671,2673671,89122367,0.000,1.765,0.000,0,0,0,0,76,0,0,0,0,0,0
2672,2674672,89155733,0.000,1.789,0.000,0,0,0,0,76,0,0,0,0,0,0
2673,2675673,89189100,0.000,1.789,0.000,0,0,0,0,76,0,0,0,0,0,0
2674,2676674,89222467,0.000,1.738,0.000,0,0,0,0,76,0,0,0,0,0,0
2675,2677675,89255833,0.000,2.971,0.000,0,0,0,0,76,0,0,0,0,0,0
2676,2678676,89289200,0.124,4.560,0.000,0,20,0,0,76,19,0,0,0,0,0
2677,2679677,89322567,0.197,4.928,0.000,0,29,0,0,76,24,0,0,0,0,0
2678,2680678,89355933,0.194,5.072,0.000,0,29,0,0,76,27,0,0,0,0,0
2679,2681679,89389300,0.197,5.156,0.000,0,29,0,0,76,31,0,0,0,0,0
2680,2682680,89422667,0.163,4.955,0.000,0,22,0,0,76,31,0,0,0,0,0
2681,2683681,89456033,1.968,7.228,0.000,0,76,0,0,76,24,0,0,0,0,0
2682,2684682,89489400,3.394,9.318,0.000,17,76,0,0,76,19,0,0,0,0,0
2683,2685683,89522767,3.728,10.071,0.000,18,76,0,0,76,0,0,0,0,0,0
2684,2686684,89556133,3.904,10.226,0.000,20,76,0,0,76,0,0,0,0,0,0
2685,2687685,89589500,3.807,10.161,0.000,20,76,0,0,76,0,0,0,0,0,0
2686,2688686,89622867,3.673,9.912,0.000,20,76,0,0,76,0,0,0,0,0,0
2687,2689687,89656233,6.986,7.943,0.000,0,76,0,0,76,18,0,0,0,0,0
2688,2690688,89689600,10.546,11.117,0.000,0,76,0,0,76,23,0,0,0,0,0
2689,2691689,89722967,11.522,12.198,0.000,17,76,0,0,76,28,0,0,0,0,0
2690,2692690,89756333,11.665,12.413,0.000,17,76,0,0,76,29,0,0,0,0,0
2691,2693691,89789700,11.670,12.047,0.000,17,76,0,0,76,29,0,0,0,0,0
2692,2694692,89823067,11.662,12.065,0.000,17,76,0,0,76,29,0,0,0,0,0
2693,2695693,89856433,11.493,10.966,0.000,0,76,0,0,76,29,0,0,0,0,0
2694,2696694,89889800,11.604,13.801,0.000,0,76,0,0,76,28,0,0,0,0,0
2695,2697695,89923167,12.332,14.394,0.000,0,76,0,0,76,27,0,0,0,0,0
2696,2698696,89956533,12.526,14.489,0.000,0,76,0,0,76,27,0,0,0,0,0
2697,2699697,89989900,12.523,14.521,0.000,0,76,0,0,76,27,0,0,0,0,0
2698,2700698,90023267,12.511,14.512,0.000,0,76,0,0,76,26,0,0,0,0,0
2699,2701699,90056633,26.327,22.824,10.260,76,76,0,0,76,76,48,0,76,0,0
2700,2702700,90090000,46.279,56.821,37.400,76,76,76,0,76,76,76,34,76,35,31
2701,2703701,90123367,51.043,62.563,45.279,76,76,76,0,76,76,76,50,76,51,42
2702,2704702,90156733,51.900,63.996,47.240,76,76,76,0,76,76,76,57,76,61,45
2703,2705703,90190100,51.821,64.016,47.367,76,76,76,0,76,76,76,57,76,61,44
2704,2706704,90223467,51.976,63.903,47.357,76,76,76,0,76,76,76,57,76,61,44
2705,2707705,90256833,36.585,40.621,28.554,76,76,76,0,76,76,76,17,76,18,0
2706,2708706,90290200,11.380,10.707,10.857,65,76,21,0,76,76,27,0,76,0,0
2707,2709707,90323567,1.208,1.459,1.624,24,40,0,0,45,23,0,0,28,0,0
2708,2710708,90356933,0.000,0.104,0.000,0,0,0,0,18,0,0,0,0,0,0
2709,2711709,90390300,0.000,0.107,0.000,0,0,0,0,19,0,0,0,0,0,0
2710,2712710,90423667,0.000,0.107,0.000,0,0,0,0,19,0,0,0,0,0,0
2711,2713711,90457033,0.000,0.146,0.000,0,0,0,0,20,0,0,0,0,0,0
2712,2714712,90490400,0.000,0.153,0.000,0,0,0,0,21,0,0,0,0,0,0
2713,2715713,90523767,0.000,0.157,0.000,0,0,0,0,23,0,0,0,0,0,0
2714,2716714,90557133,0.000,0.161,0.000,0,0,0,0,23,0,0,0,0,0,0
2715,2717715,90590500,0.000,0.160,0.000,0,0,0,0,23,0,0,0,0,0,0
2716,2718716,90623867,0.000,0.158,0.000,0,0,0,0,23,0,0,0,0,0,0
2717,2719717,90657233,0.000,8.588,0.000,0,0,0,0,21,76,0,0,0,0,0
2718,2720718,90690600,0.000,9.921,0.000,0,0,0,0,21,76,0,0,0,0,0
2719,2721719,90723967,0.000,10.049,0.000,0,0,0,0,20,76,0,0,0,0,0
2720,2722720,90757333,0.000,10.099,0.000,0,0,0,0,22,76,0,0,0,0,0
2721,2723721,90790700,0.000,10.099,0.000,0,0,0,0,22,76,0,0,0,0,0
2722,2724722,90824067,0.000,10.080,0.000,0,0,0,0,21,76,0,0,0,0,0
2723,2725723,90857433,0.000,9.056,0.000,0,0,0,0,19,76,0,0,0,0,0
2724,2726724,90890800,0.000,12.728,0.000,0,0,0,0,18,76,0,0,0,0,0
2725,2727725,90924167,0.000,13.035,0.000,0,0,0,0,18,76,0,0,0,0,0
2726,2728726,90957533,0.000,13.076,0.000,0,0,0,0,19,76,0,0,0,0,0
2727,2729727,90990900,0.000,13.101,0.000,0,0,0,0,20,76,0,0,0,0,0
2728,2730728,91024267,0.000,12.950,0.000,0,0,0,0,20,76,0,0,0,0,0
2729,2731729,91057633,0.000,11.714,0.000,0,0,0,0,20,76,0,0,0,0,0
2730,2732730,91091000,0.000,12.596,0.000,0,0,0,0,20,76,0,0,0,0,0
2731,2733731,91124367,0.000,12.648,0.000,0,0,0,0,20,76,0,0,0,0,0
2732,2734732,91157733,0.000,12.679,0.000,0,0,0,0,20,76,0,0,0,0,0
2733,2735733,91191100,0.000,12.661,0.000,0,0,0,0,20,76,0,0,0,0,0
2734,2736734,91224467,0.000,12.411,0.000,0,0,0,0,20,76,0,0,0,0,0
2735,2737735,91257833,0.000,13.144,0.000,0,0,0,0,19,76,0,0,0,0,0
2736,2738736,91291200,0.000,15.898,0.000,0,0,0,0,19,76,0,0,0,0,0
2737,2739737,91324567,0.000,16.312,0.242,0,0,0,0,18,76,0,0,0,0,18
2738,2740738,91357933,0.000,16.491,0.275,0,0,0,0,18,76,0,0,0,0,18
2739,2741739,91391300,0.000,16.626,0.275,0,0,0,0,18,76,0,0,0,0,18
2740,2742740,91424667,0.000,16.098,0.159,0,0,0,0,19,76,0,0,0,0,18
2741,2743741,91458033,0.000,7.579,0.000,0,0,0,0,20,76,0,0,0,0,0
2742,2744742,91491400,0.000,7.353,0.000,0,0,0,0,20,76,0,0,0,0,0
2743,2745743,91524767,0.000,8.057,0.000,0,0,0,0,20,76,0,0,0,0,0
2744,2746744,91558133,0.000,8.078,0.000,0,0,0,0,20,76,0,0,0,0,0
2745,2747745,91591500,0.000,8.066,0.000,0,0,0,0,20,76,0,0,0,0,0
2746,2748746,91624867,0.000,8.062,0.000,0,0,0,0,20,76,0,0,0,0,0
2747,2749747,91658233,2.474,9.052,0.570,41,50,0,0,20,76,0,0,72,0,0
2748,2750748,91691600,41.827,51.389,34.453,76,76,76,0,76,76,76,25,76,25,28
2749,2751749,91724967,49.278,61.562,43.995,76,76,76,0,76,76,76,47,76,51,40
2750,2752750,91758333,51.486,63.997,46.810,76,76,76,0,76,76,76,56,76,59,44
2751,2753751,91791700,51.498,64.317,47.324,76,76,76,0,76,76,76,56,76,58,45
2752,2754752,91825067,51.721,64.329,47.362,76,76,76,0,76,76,76,56,76,58,45
2753,2755753,91858433,48.479,57.468,38.352,76,76,76,0,76,76,76,36,76,37,27
2754,2756754,91891800,17.396,19.981,18.721,74,76,44,0,76,76,45,0,76,0,0
2755,2757755,91925167,3.641,3.366,4.458,31,65,0,0,72,53,0,0,55,0,0
2756,2758756,91958533,0.181,0.201,0.000,0,23,0,0,20,0,0,0,0,0,0
2757,2759757,91991900,0.000,0.029,0.000,0,0,0,0,17,0,0,0,0,0,0
2758,2760758,92025267,0.000,0.095,0.000,0,0,0,0,19,22,0,0,0,0,0
2759,2761759,92058633,0.000,0.140,0.000,0,0,0,0,22,24,0,0,0,0,0
2760,2762760,92092000,0.000,0.136,0.000,0,0,0,0,20,24,0,0,0,0,0
2761,2763761,92125367,0.000,0.138,0.000,0,0,0,0,20,25,0,0,0,0,0
2762,2764762,92158733,0.000,0.064,0.000,0,0,0,0,19,0,0,0,0,0,0
2763,2765763,92192100,0.000,0.064,0.000,0,0,0,0,19,0,0,0,0,0,0
2764,2766764,92225467,0.000,0.064,0.000,0,0,0,0,19,0,0,0,0,0,0
2765,2767765,92258833,0.000,9.636,0.000,0,0,0,0,76,76,0,0,0,0,0
2766,2768766,92292200,0.000,12.040,0.026,0,0,0,0,76,76,0,0,0,0,17
2767,2769767,92325567,0.000,12.793,0.026,0,0,0,0,76,76,17,0,0,0,17
2768,2770768,92358933,0.000,12.806,0.262,0,0,0,0,76,76,18,0,0,0,18
2769,2771769,92392300,0.000,12.905,0.262,0,0,0,0,76,76,19,0,0,0,18
2770,2772770,92425667,0.000,12.805,0.155,0,0,0,0,76,76,17,0,0,0,18
2771,2773771,92459033,0.000,14.037,0.000,0,0,0,0,76,76,0,0,0,0,0
2772,2774772,92492400,0.107,17.332,0.000,0,21,0,0,76,76,0,0,0,0,0
2773,2775773,92525767,0.152,17.950,0.000,0,22,0,0,76,76,0,0,0,0,0
2774,2776774,92559133,0.152,18.061,0.000,0,22,0,0,76,76,0,0,0,0,0
2775,2777775,92592500,0.152,18.039,0.000,0,22,0,0,76,76,0,0,0,0,0
2776,2778776,92625867,0.152,18.013,0.000,0,22,0,0,76,76,0,0,0,0,0
2777,2779777,92659233,1.305,15.010,0.000,0,76,0,0,76,76,0,0,0,0,0
2778,2780778,92692600,3.105,21.244,0.000,0,76,0,0,76,76,0,0,0,0,0
2779,2781779,92725967,3.754,22.617,0.000,17,76,0,0,76,76,0,0,0,0,0
2780,2782780,92759333,3.914,22.696,0.000,20,76,0,0,76,76,0,0,0,0,0
2781,2783781,92792700,3.908,22.696,0.000,20,76,0,0,76,76,0,0,0,0,0
2782,2784782,92826067,3.568,21.871,0.000,0,76,0,0,76,76,0,0,0,0,0
2783,2785783,92859433,8.513,20.963,0.000,0,76,0,0,76,76,0,0,0,0,0
2784,2786784,92892800,10.929,27.946,0.376,18,76,0,0,76,76,17,0,0,0,19
2785,2787785,92926167,11.414,30.504,1.144,19,76,0,0,76,76,20,0,0,17,21
2786,2788786,92959533,11.550,30.752,1.150,19,76,0,0,76,76,20,0,0,17,21
2787,2789787,92992900,11.545,30.792,1.230,19,76,0,0,76,76,20,0,0,17,21
2788,2790788,93026267,11.071,28.247,0.233,0,76,0,0,76,76,17,0,0,0,18
2789,2791789,93059633,10.485,17.877,0.000,0,76,0,0,76,76,0,0,0,0,0
2790,2792790,93093000,11.688,21.611,0.000,0,76,0,0,76,76,0,0,0,0,0
2791,2793791,93126367,12.462,22.658,0.000,0,76,0,0,76,76,0,0,0,0,0
2792,2794792,93159733,25.691,23.043,0.000,76,76,0,0,76,76,0,0,0,0,0
2793,2795793,93193100,26.168,23.051,0.000,76,76,0,0,76,76,0,0,0,0,0
2794,2796794,93226467,26.159,23.095,0.000,76,76,0,0,76,76,0,0,0,0,0
2795,2797795,93259833,31.420,37.731,1.334,76,76,0,0,76,76,21,0,0,17,22
2796,2798796,93293200,33.358,45.936,4.143,76,76,0,0,76,76,39,19,0,34,40
2797,2799797,93326567,33.857,47.949,4.941,76,76,0,0,76,76,45,20,18,36,45
2798,2800798,93359933,33.494,48.197,5.117,76,76,0,0,76,76,45,20,18,37,46
2799,2801799,93393300,27.005,48.226,5.128,71,76,0,0,76,76,45,20,17,37,46
2800,2802800,93426667,23.859,48.047,5.127,48,76,0,0,76,76,45,20,17,37,45
2801,2803801,93460033,13.085,28.307,0.000,0,76,0,0,76,76,0,0,0,0,0
2802,2804802,93493400,3.672,8.362,0.000,0,76,0,0,76,76,0,0,0,0,0
2803,2805803,93526767,0.417,1.194,0.000,0,36,0,0,40,33,0,0,0,0,0
2804,2806804,93560133,12.442,0.117,0.000,76,0,0,0,17,31,0,0,0,0,0
2805,2807805,93593500,13.829,0.118,0.000,76,0,0,0,18,31,0,0,0,0,0
2806,2808806,93626867,13.627,0.113,0.000,76,0,0,0,17,29,0,0,0,0,0
2807,2809807,93660233,24.892,12.662,0.000,76,76,0,0,76,28,0,0,0,0,0
2808,2810808,93693600,26.360,14.284,0.000,76,76,0,0,76,29,0,0,0,0,0
2809,2811809,93726967,26.410,14.406,0.000,76,76,0,0,76,24,0,0,0,0,0
2810,2812810,93760333,23.915,14.421,0.000,76,76,0,0,76,21,0,0,0,0,0
2811,2813811,93793700,18.182,14.441,0.000,53,76,0,0,76,21,0,0,0,0,0
2812,2814812,93827067,11.899,13.902,0.000,0,76,0,0,76,20,0,0,0,0,0
2813,2815813,93860433,4.097,6.716,0.000,0,65,0,0,76,0,0,0,0,0,0
2814,2816814,93893800,0.000,0.960,0.000,0,0,0,0,36,0,0,0,0,0,0
2815,2817815,93927167,0.051,0.035,0.000,18,0,0,0,18,0,0,0,0,0,0
2816,2818816,93960533,13.867,0.035,0.000,76,0,0,0,18,0,0,0,0,0,0
2817,2819817,93993900,13.640,0.035,0.000,76,0,0,0,18,0,0,0,0,0,0
2818,2820818,94027267,14.007,0.088,0.000,76,50,0,0,19,17,0,0,0,0,0
2819,2821819,94060633,23.088,9.126,0.000,76,76,0,0,76,21,0,0,0,0,0
2820,2822820,94094000,25.108,11.512,0.000,76,76,0,0,76,24,0,0,0,0,0
2821,2823821,94127367,25.208,11.815,0.000,76,76,0,0,76,24,0,0,0,0,0
2822,2824822,94160733,24.031,11.925,0.000,76,76,0,0,76,24,0,0,0,0,0
2823,2825823,94194100,18.144,12.016,0.000,56,76,0,0,76,23,0,0,0,0,0
2824,2826824,94227467,11.144,11.286,0.000,28,76,0,0,76,23,0,0,0,0,0
2825,2827825,94260833,3.031,6.030,0.000,0,55,0,0,76,23,0,0,0,0,0
2826,2828826,94294200,0.000,1.239,0.000,0,0,0,0,37,23,0,0,0,0,0
2827,2829827,94327567,0.000,0.169,0.000,0,0,0,0,24,23,0,0,0,0,0
2828,2830828,94360933,13.722,0.168,0.000,76,0,0,0,24,22,0,0,0,0,0
2829,2831829,94394300,13.691,0.136,0.000,76,0,0,0,24,0,0,0,0,0,0
2830,2832830,94427667,13.755,0.136,0.000,76,0,0,0,24,0,0,0,0,0,0
2831,2833831,94461033,15.943,7.061,0.000,76,76,0,0,76,0,0,0,0,0,0
2832,2834832,94494400,17.400,9.375,0.000,76,76,0,0,76,0,0,0,0,0,0
2833,2835833,94527767,17.875,9.854,0.000,76,76,0,0,76,0,0,0,0,0,0
2834,2836834,94561133,13.517,9.989,0.000,76,76,0,0,76,0,0,0,0,0,0
2835,2837835,94594500,7.467,10.016,0.000,33,76,0,0,76,0,0,0,0,0,0
2836,2838836,94627867,3.214,9.263,0.000,0,76,0,0,76,0,0,0,0,0,0
2837,2839837,94661233,1.345,2.775,0.000,0,76,0,0,76,20,0,0,0,0,0
2838,2840838,94694600,0.130,0.381,0.000,0,22,0,0,24,20,0,0,0,0,0
2839,2841839,94727967,0.000,0.162,0.000,0,0,0,0,24,20,0,0,0,0,0
2840,2842840,94761333,14.377,0.162,0.000,76,0,0,0,24,20,0,0,0,0,0
2841,2843841,94794700,14.035,0.162,0.000,76,0,0,0,24,20,0,0,0,0,0
2842,2844842,94828067,13.995,0.162,0.000,76,0,0,0,24,20,0,0,0,0,0
2843,2845843,94861433,14.416,1.353,0.144,76,27,0,26,68,17,0,25,0,19,19
2844,2846844,94894800,20.233,9.988,8.187,76,76,0,76,76,29,0,76,64,66,60
2845,2847845,94928167,21.115,11.931,11.066,76,76,0,76,76,36,0,76,76,76,67
2846,2848846,94961533,19.523,12.086,11.567,76,76,0,76,76,36,0,76,76,76,70
2847,2849847,94994900,12.351,12.173,11.740,46,76,0,76,76,36,0,76,76,76,72
2848,2850848,95028267,4.679,9.266,7.949,21,49,0,65,76,25,0,57,50,76,61
2849,2851849,95061633,0.000,1.893,0.000,0,0,0,0,76,0,0,0,0,0,0
2850,2852850,95095000,0.000,0.321,0.000,0,0,0,0,28,0,0,0,0,0,0
2851,2853851,95128367,0.000,0.147,0.000,0,0,0,0,22,18,0,0,0,0,0
2852,2854852,95161733,13.850,0.182,0.000,76,0,0,0,22,30,0,0,0,0,0
2853,2855853,95195100,13.720,0.181,0.000,76,0,0,0,22,30,0,0,0,0,0
2854,2856854,95228467,13.923,0.186,0.000,76,0,0,0,22,32,0,0,0,0,0
2855,2857855,95261833,19.700,6.852,8.599,76,62,0,73,76,35,0,76,70,62,62
2856,2858856,95295200,21.374,9.363,11.566,76,76,0,76,76,37,0,76,76,76,76
2857,2859857,95328567,21.611,9.417,12.088,76,76,0,76,76,39,0,76,76,76,76
2858,2860858,95361933,19.900,9.571,12.044,76,76,0,76,76,39,0,76,76,76,76
2859,2861859,95395300,12.852,9.666,12.041,52,76,0,76,76,40,0,76,76,76,76
2860,2862860,95428667,4.505,6.641,7.027,0,45,0,71,76,38,0,69,51,65,56
2861,2863861,95462033,0.000,0.492,0.000,0,0,0,0,40,36,0,0,0,0,0
2862,2864862,95495400,0.000,0.210,0.000,0,0,0,0,27,34,0,0,0,0,0
2863,2865863,95528767,3.879,0.207,0.000,45,0,0,0,27,34,0,0,0,0,0
2864,2866864,95562133,12.215,0.200,0.000,76,0,0,0,26,34,0,0,0,0,0
2865,2867865,95595500,12.205,0.198,0.000,76,0,0,0,26,34,0,0,0,0,0
2866,2868866,95628867,12.440,0.468,0.000,76,0,0,0,39,34,0,0,0,0,0
2867,2869867,95662233,18.556,7.803,8.639,76,67,0,75,76,34,0,76,68,69,63
2868,2870868,95695600,19.606,9.068,11.161,76,71,0,76,76,38,0,76,76,76,76
2869,2871869,95728967,19.659,9.560,11.660,76,76,0,76,76,42,0,76,76,76,76
2870,2872870,95762333,17.019,9.221,11.621,76,76,0,76,76,42,0,76,76,76,75
2871,2873871,95795700,11.412,9.267,11.630,45,76,0,76,76,42,0,76,76,76,75
2872,2874872,95829067,4.484,6.272,6.687,17,53,0,59,76,42,0,61,57,60,48
2873,2875873,95862433,0.000,0.464,0.000,0,0,0,0,33,24,0,0,0,0,0
2874,2876874,95895800,0.000,0.136,0.000,0,0,0,0,25,0,0,0,0,0,0
2875,2877875,95929167,0.812,0.139,0.000,26,0,0,0,26,0,0,0,0,0,0
2876,2878876,95962533,8.854,0.190,0.000,76,0,0,0,27,17,0,0,0,0,0
2877,2879877,95995900,9.104,0.235,0.000,76,0,0,0,29,20,0,0,0,0,0
2878,2880878,96029267,9.162,0.519,0.000,76,0,0,0,45,19,0,0,0,0,0
2879,2881879,96062633,15.416,7.704,8.715,76,65,0,76,76,33,0,72,67,62,60
2880,2882880,96096000,16.357,9.028,11.260,76,76,0,76,76,43,0,76,76,76,76
2881,2883881,96129367,16.592,9.320,11.832,76,76,0,76,76,57,0,76,76,76,76
2882,2884882,96162733,14.973,9.172,12.019,76,76,0,76,76,45,0,76,76,76,76
2883,2885883,96196100,11.096,9.302,11.998,52,76,0,76,76,51,0,76,76,76,76
2884,2886884,96229467,3.968,6.132,6.047,22,47,0,62,76,44,0,57,44,61,51
2885,2887885,96262833,0.000,0.555,0.000,0,0,0,0,36,29,0,0,0,0,0
2886,2888886,96296200,0.000,0.272,0.000,0,0,0,0,27,28,0,0,0,0,0
2887,2889887,96329567,4.146,0.254,0.000,76,0,0,0,28,22,0,0,0,0,0
2888,2890888,96362933,5.887,0.194,0.000,76,0,0,0,29,0,0,0,0,0,0
2889,2891889,96396300,6.149,0.193,0.000,76,0,0,0,29,0,0,0,0,0,0
2890,2892890,96429667,6.159,0.193,0.000,76,0,0,0,29,0,0,0,0,0,0
2891,2893891,96463033,10.260,5.510,5.769,76,49,0,52,76,23,0,58,49,53,42
2892,2894892,96496400,13.010,9.285,10.445,76,70,0,76,76,34,0,76,76,76,69
2893,2895893,96529767,13.256,9.563,11.296,76,73,0,76,76,36,0,76,76,76,71
2894,2896894,96563133,11.425,9.514,11.430,76,76,0,76,76,39,0,76,76,76,71
2895,2897895,96596500,9.027,9.436,11.424,38,76,0,76,76,34,0,76,76,76,71
2896,2898896,96629867,0.000,1.379,0.000,0,0,0,0,76,26,0,20,0,0,0
2897,2899897,96663233,0.000,3.004,0.000,0,0,0,0,76,30,0,0,0,0,0
2898,2900898,96696600,0.000,4.460,0.000,0,0,0,0,76,31,0,0,0,0,0
2899,2901899,96729967,0.000,4.447,0.000,0,0,0,0,76,31,0,0,0,0,0
2900,2902900,96763333,5.800,12.804,8.402,37,64,0,70,76,33,0,69,68,65,65
2901,2903901,96796700,7.258,14.726,10.962,34,76,0,76,76,39,0,76,76,76,72
2902,2904902,96830067,7.596,14.422,11.981,30,76,0,76,76,39,0,76,76,76,76
2903,2905903,96863433,7.714,10.436,12.005,21,76,0,76,72,39,0,76,74,76,76
2904,2906904,96896800,7.670,7.855,12.158,21,76,0,76,76,40,0,76,76,76,76
2905,2907905,96930167,7.606,7.948,12.298,22,76,0,76,76,45,0,76,76,76,76
2906,2908906,96963533,7.589,9.494,12.240,22,76,0,76,76,42,0,76,76,76,76
2907,2909907,96996900,7.603,9.978,12.142,24,76,0,76,76,41,0,76,76,76,76
2908,2910908,97030267,7.683,9.872,12.121,24,76,0,76,76,41,0,76,76,76,76
2909,2911909,97063633,7.770,8.830,12.086,23,76,0,76,76,41,0,76,76,76,76
2910,2912910,97097000,7.822,7.709,12.280,24,76,0,76,76,43,0,76,76,76,76
2911,2913911,97130367,7.799,7.674,12.376,21,76,0,76,75,44,0,76,76,76,76
2912,2914912,97163733,9.153,9.276,12.166,24,76,0,76,76,43,0,76,75,76,76
2913,2915913,97197100,10.018,10.425,12.076,27,76,0,76,76,43,0,76,76,76,76
2914,2916914,97230467,9.900,10.610,12.204,30,76,0,76,76,43,0,76,76,76,76
2915,2917915,97263833,8.609,9.279,12.182,27,76,0,76,76,40,0,76,76,76,76
2916,2918916,97297200,7.508,7.904,12.113,24,76,0,76,76,43,0,76,74,76,76
2917,2919917,97330567,7.377,7.784,12.023,23,76,0,76,76,38,0,76,67,76,76
2918,2920918,97363933,7.420,12.555,12.096,22,76,0,76,76,39,0,76,76,76,76
2919,2921919,97397300,7.581,13.759,12.152,21,76,0,76,76,39,0,76,76,76,76
2920,2922920,97430667,7.424,13.661,11.922,20,76,0,76,76,37,0,76,76,76,76
2921,2923921,97464033,7.262,11.766,11.816,20,76,0,76,76,38,0,76,74,76,76
2922,2924922,97497400,7.188,8.818,11.795,18,76,0,76,76,38,0,76,74,76,76
2923,2925923,97530767,7.381,7.313,11.681,21,76,0,76,76,40,0,76,75,76,76
2924,2926924,97564133,7.569,8.052,11.587,19,76,0,76,76,44,0,76,73,76,76
2925,2927925,97597500,7.947,8.052,11.568,21,76,0,76,76,48,0,76,76,76,76
2926,2928926,97630867,7.446,7.780,11.508,21,76,0,76,76,50,0,76,76,76,76
2927,2929927,97664233,7.126,7.384,11.368,20,74,0,76,76,53,0,76,76,76,76
2928,2930928,97697600,6.942,7.239,11.210,20,71,0,76,76,54,0,76,76,76,76
2929,2931929,97730967,7.263,7.275,11.157,20,66,0,76,76,56,0,76,76,76,76
2930,2932930,97764333,14.040,9.031,10.981,20,76,0,76,76,58,0,76,76,76,76
2931,2933931,97797700,15.753,9.478,10.914,19,76,0,76,76,53,0,76,75,76,76
2932,2934932,97831067,13.943,8.784,10.726,18,76,0,76,76,51,0,76,70,76,76
2933,2935933,97864433,7.656,7.585,10.656,17,60,0,76,76,44,0,76,72,76,76
2934,2936934,97897800,6.517,6.801,10.474,0,66,0,76,60,44,0,76,73,76,75
2935,2937935,97931167,6.399,6.611,10.312,0,67,0,76,57,38,0,76,72,76,75
2936,2938936,97964533,6.361,11.559,10.152,0,69,0,76,76,40,0,76,73,76,74
2937,2939937,97997900,6.411,12.989,10.071,0,71,0,76,76,38,0,76,73,76,74
2938,2940938,98031267,6.227,11.469,9.854,0,67,0,76,76,36,0,76,71,76,74
2939,2941939,98064633,5.987,7.031,9.688,0,64,0,76,60,36,0,76,68,76,74
2940,2942940,98098000,5.993,6.237,9.543,0,64,0,76,62,36,0,76,66,76,74
2941,2943941,98131367,5.841,6.227,9.232,0,64,0,76,61,33,0,76,67,76,74
2942,2944942,98164733,5.656,9.238,8.830,0,64,0,75,76,33,0,76,67,76,72
2943,2945943,98198100,5.617,9.830,8.718,0,64,0,75,76,31,0,76,67,76,72
2944,2946944,98231467,5.389,9.299,8.252,0,62,0,72,76,29,0,74,65,76,67
2945,2947945,98264833,5.297,7.755,8.068,0,60,0,73,76,28,0,70,61,76,60
2946,2948946,98298200,5.142,5.769,7.862,0,59,0,73,55,26,0,60,60,76,60
2947,2949947,98331567,4.920,5.223,7.489,0,52,0,72,54,26,0,63,44,75,60
2948,2950948,98364933,8.638,4.978,7.416,0,76,0,69,54,25,0,63,57,73,59
2949,2951949,98398300,8.977,5.098,7.288,0,76,0,69,53,25,0,59,55,71,59
2950,2952950,98431667,8.352,4.729,6.869,0,76,0,66,52,25,0,62,52,69,56
2951,2953951,98465033,5.274,4.750,6.630,0,60,0,65,50,41,0,59,50,68,56
2952,2954952,98498400,3.768,4.480,6.542,0,43,0,62,49,41,0,59,47,65,56
2953,2955953,98531767,3.514,4.371,6.032,0,37,0,61,49,39,0,62,46,63,51
2954,2956954,98565133,9.234,5.080,5.746,0,76,0,59,76,76,0,55,46,62,48
2955,2957955,98598500,9.904,5.147,5.608,0,76,0,56,76,76,0,69,45,62,43
2956,2958956,98631867,9.703,4.978,5.224,0,76,0,56,76,76,0,67,44,59,39
2957,2959957,98665233,5.686,4.251,4.749,0,76,0,56,76,76,0,66,40,52,42
2958,2960958,98698600,2.651,3.487,4.521,0,45,0,56,38,71,0,64,40,52,41
2959,2961959,98731967,2.216,3.068,4.050,0,29,0,50,31,55,0,62,36,49,37
2960,2962960,98765333,1.862,6.063,3.642,0,29,0,46,76,55,0,62,34,48,35
2961,2963961,98798700,1.785,6.326,3.118,0,26,0,40,76,35,0,60,31,45,31
2962,2964962,98832067,1.529,4.949,2.796,0,27,0,37,76,35,0,59,34,41,28
2963,2965963,98865433,1.492,2.136,2.416,0,26,0,34,36,36,0,58,24,38,28
2964,2966964,98898800,1.083,1.521,1.619,0,21,0,28,32,36,0,49,22,32,24
2965,2967965,98932167,0.985,1.461,1.275,0,21,0,26,32,36,0,45,20,28,24
2966,2968966,98965533,0.723,5.355,0.871,0,18,0,24,76,36,0,43,19,27,18
2967,2969967,98998900,0.284,7.685,0.581,0,18,0,22,76,48,0,40,18,26,0
2968,2970968,99032267,0.191,7.601,0.564,0,0,0,20,76,53,0,40,17,25,0
2969,2971969,99065633,0.075,4.939,0.412,0,0,0,19,76,36,0,36,0,21,0
2970,2972970,99099000,0.039,2.024,0.130,0,0,0,18,49,33,0,35,0,17,0
2971,2973971,99132367,0.074,0.583,0.000,0,17,0,17,25,33,0,33,0,0,0
2972,2974972,99165733,1.512,1.649,0.000,0,76,0,0,76,33,0,25,0,0,0
2973,2975973,99199100,1.880,1.916,0.000,0,76,0,0,76,34,0,18,0,0,0
2974,2976974,99232467,1.472,1.536,0.000,0,76,0,0,76,35,0,0,0,0,0
2975,2977975,99265833,0.389,0.722,0.000,0,43,0,0,68,31,0,0,0,0,0
2976,2978976,99299200,0.000,0.186,0.000,0,0,0,0,25,28,0,0,0,0,0
2977,2979977,99332567,0.000,0.178,0.000,0,0,0,0,25,25,0,0,0,0,0
2978,2980978,99365933,6.424,0.235,0.000,0,76,0,0,28,20,0,0,0,0,0
2979,2981979,99399300,8.958,0.249,0.000,0,76,0,0,47,0,0,0,0,0,0
2980,2982980,99432667,8.768,0.248,0.000,0,76,0,0,46,0,0,0,0,0,0
2981,2983981,99466033,4.690,0.107,0.000,0,76,0,0,24,0,0,0,0,0,0
2982,2984982,99499400,1.010,0.108,0.000,0,44,0,0,24,0,0,0,0,0,0
2983,2985983,99532767,0.491,0.108,0.000,0,76,0,0,24,0,0,0,0,0,0
2984,2986984,99566133,2.438,0.108,0.000,0,76,0,0,24,0,0,0,0,0,0
2985,2987985,99599500,3.434,0.164,0.000,0,76,0,0,24,0,0,0,0,0,0
2986,2988986,99632867,2.966,0.076,0.000,0,76,0,0,26,0,0,0,0,0,0
2987,2989987,99666233,1.832,0.125,0.000,0,76,0,0,25,18,0,0,0,0,0
2988,2990988,99699600,0.776,0.138,0.000,0,62,0,0,26,22,0,0,0,0,0
2989,2991989,99732967,0.191,0.136,0.000,0,25,0,0,25,22,0,0,0,0,0
2990,2992990,99766333,0.000,0.133,0.000,0,0,0,0,24,22,0,0,0,0,0
2991,2993991,99799700,0.000,0.132,0.000,0,0,0,0,24,22,0,0,0,0,0
2992,2994992,99833067,0.584,0.152,0.000,35,0,0,0,24,29,0,0,0,0,0
2993,2995993,99866433,4.247,2.071,0.000,76,0,0,76,25,36,0,76,0,0,0
2994,2996994,99899800,7.300,3.544,0.379,76,0,0,76,25,29,0,76,0,19,18
2995,2997995,99933167,5.961,2.073,0.136,76,0,0,76,25,22,0,65,0,18,0
2996,2998996,99966533,2.360,0.133,0.000,71,0,0,24,25,22,0,0,0,0,0
2997,2999997,99999900,0.431,0.133,0.000,36,0,0,0,25,22,0,0,0,0,0
2998,3000998,100033267,1.011,0.677,0.000,0,0,0,63,25,28,0,26,0,0,0
2999,3001999,100066633,5.397,4.533,4.423,0,0,0,76,25,28,0,76,0,50,43
3000,3003000,100100000,8.181,6.800,8.536,0,0,0,76,25,28,0,76,25,76,76
3001,3004001,100133367,8.361,6.964,10.402,0,0,0,76,25,28,0,76,24,76,76
3002,3005002,100166733,2.244,0.963,0.400,0,0,0,41,25,28,0,26,0,21,27
3003,3006003,100200100,0.000,0.149,0.000,0,0,0,0,25,28,0,0,0,0,0
3004,3007004,100233467,0.000,0.149,0.000,0,0,0,0,25,28,0,0,0,0,0
3005,3008005,100266833,4.269,0.167,0.000,76,0,0,0,25,34,0,0,0,0,0
3006,3009006,100300200,4.760,0.167,0.000,76,0,0,0,25,34,0,0,0,0,0
3007,3010007,100333567,4.742,0.167,0.000,76,0,0,23,25,34,0,0,0,0,0
3008,3011008,100366933,7.400,2.929,1.399,74,0,0,76,25,34,0,67,0,33,33
3009,3012009,100400300,8.424,5.724,6.768,28,0,0,76,25,28,0,76,0,69,68
3010,3013010,100433667,4.443,3.066,3.500,0,0,0,76,25,26,0,49,0,33,41
3011,3014011,100467033,0.078,0.137,0.000,0,0,0,18,23,0,0,0,0,0,0
3012,3015012,100500400,0.000,0.138,0.000,0,0,0,0,24,0,0,0,0,0,0
3013,3016013,100533767,0.660,0.232,0.000,0,0,0,46,25,17,0,22,0,0,0
3014,3017014,100567133,5.444,4.151,4.996,0,0,0,76,25,19,0,69,0,46,58
3015,3018015,100600500,7.966,6.494,9.008,0,0,0,76,25,0,0,76,21,74,76
3016,3019016,100633867,4.560,3.169,4.690,0,0,0,76,25,0,0,46,0,43,42
3017,3020017,100667233,5.010,0.078,0.000,76,0,0,21,25,0,0,0,0,0,0
3018,3021018,100700600,5.173,0.080,0.000,76,0,0,0,25,0,0,0,0,0,0
3019,3022019,100733967,5.228,0.081,0.000,76,0,0,25,25,0,0,0,0,0,0
3020,3023020,100767333,7.862,3.384,4.253,62,0,0,76,25,0,0,62,0,37,43
3021,3024021,100800700,8.644,5.993,7.965,29,0,0,76,25,0,0,76,17,76,75
3022,3025022,100834067,3.878,2.940,4.268,0,0,0,76,25,0,0,42,0,37,39
3023,3026023,100867433,0.089,0.110,0.000,0,0,0,18,26,0,0,0,0,0,0
3024,3027024,100900800,0.000,0.082,0.000,0,0,0,0,25,0,0,0,0,0,0
3025,3028025,100934167,0.000,0.081,0.000,0,0,0,0,25,0,0,0,0,0,0
3026,3029026,100967533,0.000,0.082,0.000,0,0,0,0,25,0,0,0,0,0,0
3027,3030027,101000900,0.000,0.137,0.000,0,0,0,0,26,0,0,0,0,0,0
3028,3031028,101034267,0.000,0.140,0.000,0,0,0,0,26,0,0,0,0,0,0
3029,3032029,101067633,2.084,0.137,0.000,76,0,0,0,26,0,0,0,0,0,0
3030,3033030,101101000,2.655,0.082,0.000,76,0,0,0,25,0,0,0,0,0,0
3031,3034031,101134367,2.600,0.132,0.000,76,0,0,0,25,18,0,0,0,0,0
3032,3035032,101167733,1.998,0.408,0.000,76,0,0,60,25,22,0,24,0,0,0
3033,3036033,101201100,5.490,3.636,1.680,28,0,0,76,26,34,0,73,0,40,40
3034,3037034,101234467,5.112,3.688,3.370,0,0,0,76,26,34,0,57,0,41,34
3035,3038035,101267833,0.092,0.240,0.000,0,0,0,20,25,34,0,0,0,0,0
3036,3039036,101301200,0.000,0.234,0.000,0,0,0,0,24,34,0,0,0,0,0
3037,3040037,101334567,1.302,0.641,0.000,0,0,0,67,24,34,0,24,0,0,0
3038,3041038,101367933,5.893,4.873,5.570,0,0,0,76,24,34,0,76,0,60,62
3039,3042039,101401300,8.302,6.707,9.859,0,0,0,76,25,34,0,76,18,76,76
3040,3043040,101434667,6.414,3.191,4.455,76,0,0,70,26,21,0,46,0,39,44
3041,3044041,101468033,3.353,0.201,0.000,76,0,0,0,26,23,0,0,0,0,0
3042,3045042,101501400,3.365,0.187,0.000,76,0,0,0,26,18,0,0,0,0,0
3043,3046043,101534767,4.344,0.272,0.000,76,0,0,55,26,0,0,19,0,0,0
3044,3047044,101568133,7.857,4.237,5.574,76,0,0,76,26,0,0,64,0,56,50
3045,3048045,101601500,8.554,6.475,10.047,26,0,0,76,26,0,0,76,18,76,76
3046,3049046,101634867,4.299,2.759,4.397,0,0,0,72,25,0,0,36,0,45,36
3047,3050047,101668233,0.000,0.144,0.000,0,0,0,0,24,0,0,0,0,0,0
3048,3051048,101701600,0.000,0.144,0.000,0,0,0,0,24,0,0,0,0,0,0
3049,3052049,101734967,0.000,0.144,0.000,0,0,0,0,24,0,0,0,0,0,0
3050,3053050,101768333,0.000,0.144,0.000,0,0,0,0,24,0,0,0,0,0,0
3051,3054051,101801700,0.000,0.140,0.000,0,0,0,0,23,0,0,0,0,0,0
3052,3055052,101835067,2.688,0.140,0.000,72,0,0,0,23,0,0,0,0,0,0
3053,3056053,101868433,4.731,0.140,0.000,76,0,0,0,23,0,0,0,0,0,0
3054,3057054,101901800,4.647,0.145,0.000,76,0,0,0,24,0,0,0,0,0,0
3055,3058055,101935167,4.640,0.140,0.000,76,0,0,0,23,0,0,0,0,0,0
3056,3059056,101968533,4.589,0.138,0.000,76,0,0,35,23,0,0,0,0,0,0
3057,3060057,102001900,6.196,2.566,0.328,43,0,0,76,21,0,0,67,0,19,24
3058,3061058,102035267,4.203,2.878,0.957,0,0,0,76,23,0,0,57,0,32,27
3059,3062059,102068633,0.113,0.137,0.000,0,0,0,24,23,0,0,0,0,0,0
3060,3063060,102102000,0.000,0.137,0.000,0,0,0,0,23,0,0,0,0,0,0
3061,3064061,102135367,1.508,0.712,0.000,0,0,0,73,23,24,0,25,0,0,0
3062,3065062,102168733,5.801,4.708,5.770,0,0,0,76,24,27,0,76,0,59,66
3063,3066063,102202100,8.120,7.148,9.690,0,0,0,76,24,34,0,76,23,76,76
3064,3067064,102235467,6.886,4.612,6.351,25,0,0,76,25,41,0,71,0,66,62
3065,3068065,102268833,5.634,0.258,0.000,76,0,0,24,25,41,0,0,0,0,0
3066,3069066,102302200,5.168,0.259,0.000,76,0,0,0,25,41,0,0,0,0,0
3067,3070067,102335567,6.018,0.601,0.033,76,0,0,66,25,41,0,22,0,0,17
3068,3071068,102368933,7.944,4.393,5.953,57,0,0,76,25,28,0,72,0,55,55
3069,3072069,102402300,8.509,7.055,10.156,23,0,0,76,25,22,0,76,21,76,76
3070,3073070,102435667,5.862,4.450,6.467,0,0,0,76,25,0,0,72,0,66,57
3071,3074071,102469033,0.298,0.149,0.000,0,0,0,26,25,0,0,0,0,0,0
3072,3075072,102502400,0.000,0.145,0.000,0,0,0,0,24,0,0,0,0,0,0
3073,3076073,102535767,0.000,0.145,0.000,0,0,0,0,24,0,0,0,0,0,0
3074,3077074,102569133,0.000,0.145,0.000,0,0,0,0,24,0,0,0,0,0,0
3075,3078075,102602500,0.000,0.144,0.000,0,0,0,0,24,0,0,0,0,0,0
3076,3079076,102635867,0.785,0.142,0.000,49,0,0,0,24,0,0,0,0,0,0
3077,3080077,102669233,2.418,0.143,0.000,76,0,0,0,24,0,0,0,0,0,0
3078,3081078,102702600,2.550,0.143,0.000,76,0,0,0,24,0,0,0,0,0,0
3079,3082079,102735967,2.447,0.141,0.000,76,0,0,0,24,0,0,0,0,0,0
3080,3083080,102769333,2.909,0.993,0.000,64,0,0,76,24,0,0,46,0,0,0
3081,3084081,102802700,5.679,4.426,4.424,26,0,0,76,23,0,0,76,0,39,53
3082,3085082,102836067,3.184,1.881,0.570,0,0,0,76,23,0,0,41,0,25,21
3083,3086083,102869433,0.000,0.195,0.000,0,0,0,0,24,18,0,0,0,0,0
3084,3087084,102902800,0.000,0.208,0.000,0,0,0,0,24,24,0,0,0,0,0
3085,3088085,102936167,2.621,1.198,0.314,0,0,0,76,24,25,0,37,0,24,21
3086,3089086,102969533,6.163,5.101,6.151,0,0,0,76,24,28,0,76,0,61,67
3087,3090087,103002900,8.491,7.259,10.656,0,0,0,76,24,28,0,76,20,76,76
3088,3091088,103036267,6.978,4.412,6.159,37,0,0,76,24,28,0,65,0,61,66
3089,3092089,103069633,3.645,0.218,0.000,76,0,0,26,24,28,0,0,0,0,0
3090,3093090,103103000,3.444,0.222,0.000,76,0,0,0,24,28,0,0,0,0,0
3091,3094091,103136367,5.147,0.695,0.090,76,0,0,59,24,28,0,25,0,0,21
3092,3095092,103169733,7.688,4.715,5.869,72,0,0,76,24,28,0,76,0,61,67
3093,3096093,103203100,8.776,6.656,10.483,24,0,0,76,24,27,0,76,21,76,76
3094,3097094,103236467,2.226,1.510,0.925,0,0,0,48,24,28,0,26,0,27,24
3095,3098095,103269833,0.000,0.222,0.000,0,0,0,0,24,26,0,0,0,0,0
3096,3099096,103303200,0.000,0.203,0.000,0,0,0,0,24,20,0,0,0,0,0
3097,3100097,103336567,0.000,0.140,0.000,0,0,0,0,24,0,0,0,0,0,0
3098,3101098,103369933,0.000,0.137,0.000,0,0,0,0,24,0,0,0,0,0,0
3099,3102099,103403300,0.000,0.139,0.000,0,0,0,0,24,0,0,0,0,0,0
3100,3103100,103436667,2.859,0.196,0.000,66,0,0,0,24,20,0,0,0,0,0
3101,3104101,103470033,4.664,0.210,0.000,76,0,0,0,24,25,0,0,0,0,0
3102,3105102,103503400,4.694,0.210,0.000,76,0,0,0,24,25,0,0,0,0,0
3103,3106103,103536767,4.673,0.213,0.000,76,0,0,0,24,26,0,0,0,0,0
3104,3107104,103570133,4.511,1.088,0.000,64,0,0,76,24,28,0,36,0,0,0
3105,3108105,103603500,6.433,4.537,4.378,29,0,0,76,24,28,0,76,0,40,59
3106,3109106,103636867,2.887,1.496,0.296,0,0,0,76,24,28,0,34,0,22,21
3107,3110107,103670233,0.000,0.215,0.000,0,0,0,0,23,29,0,0,0,0,0
3108,3111108,103703600,0.000,0.188,0.000,0,0,0,0,22,31,0,0,0,0,0
3109,3112109,103736967,3.443,1.965,0.606,0,0,0,76,23,31,0,44,0,21,33
3110,3113110,103770333,6.771,5.729,7.148,0,0,0,76,24,31,0,76,18,71,76
3111,3114111,103803700,8.471,7.195,11.126,0,0,0,76,24,31,0,76,19,76,76
3112,3115112,103837067,6.687,2.832,3.823,70,0,0,65,24,22,0,38,0,34,44
3113,3116113,103870433,5.373,0.184,0.000,76,0,0,0,24,17,0,0,0,0,0
3114,3117114,103903800,5.268,0.136,0.000,76,0,0,0,23,0,0,0,0,0,0
3115,3118115,103937167,5.131,0.137,0.000,76,0,0,32,24,0,0,0,0,0,0
3116,3119116,103970533,7.615,3.559,4.422,63,0,0,76,24,0,0,57,0,45,59
3117,3120117,104003900,7.881,6.003,8.496,22,0,0,76,24,0,0,76,19,73,76
3118,3121118,104037267,5.533,3.768,5.509,0,0,0,76,24,0,0,58,0,56,63
3119,3122119,104070633,0.210,0.134,0.000,0,0,0,31,23,0,0,0,0,0,0
3120,3123120,104104000,0.000,0.130,0.000,0,0,0,0,22,0,0,0,0,0,0
3121,3124121,104137367,0.000,0.193,0.000,0,0,0,0,21,24,0,0,0,0,0
3122,3125122,104170733,0.000,0.193,0.000,0,0,0,0,21,24,0,0,0,0,0
3123,3126123,104204100,0.000,0.193,0.000,0,0,0,0,21,24,0,0,0,0,0
3124,3127124,104237467,1.702,0.193,0.000,76,0,0,0,21,24,0,0,0,0,0
3125,3128125,104270833,2.524,0.193,0.000,76,0,0,0,21,24,0,0,0,0,0
3126,3129126,104304200,2.631,0.193,0.000,76,0,0,0,21,24,0,0,0,0,0
3127,3130127,104337567,2.392,0.193,0.000,76,0,0,25,22,22,0,0,0,0,0
3128,3131128,104370933,4.382,1.761,0.326,58,0,0,76,24,0,0,55,0,18,25
3129,3132129,104404300,6.129,4.904,5.368,22,0,0,76,24,0,0,76,0,53,68
3130,3133130,104437667,1.007,0.383,0.103,0,0,0,52,24,0,0,20,0,0,25
3131,3134131,104471033,0.000,0.136,0.000,0,0,0,0,24,0,0,0,0,0,0
3132,3135132,104504400,0.000,0.136,0.000,0,0,0,0,24,0,0,0,0,0,0
3133,3136133,104537767,3.026,1.652,0.362,0,0,0,76,25,0,0,57,0,17,37
3134,3137134,104571133,6.554,5.376,6.473,0,0,0,76,25,0,0,76,0,61,66
3135,3138135,104604500,8.172,7.020,10.742,0,0,0,76,25,0,0,76,18,76,76
3136,3139136,104637867,6.093,2.494,3.640,76,0,0,60,25,0,0,36,0,28,39
3137,3140137,104671233,3.271,0.154,0.000,76,0,0,0,26,0,0,0,0,0,0
3138,3141138,104704600,3.348,0.154,0.000,76,0,0,0,26,0,0,0,0,0,0
3139,3142139,104737967,3.368,0.154,0.000,76,0,0,35,26,0,0,0,0,0,0
3140,3143140,104771333,7.620,3.758,5.016,76,0,0,76,26,0,0,63,0,44,55
3141,3144141,104804700,8.025,5.964,7.538,25,0,0,76,25,0,0,76,0,67,72
3142,3145142,104838067,1.617,0.691,0.258,0,0,0,36,24,0,0,24,0,18,21
3143,3146143,104871433,0.000,0.139,0.000,0,0,0,0,24,0,0,0,0,0,0
3144,3147144,104904800,0.000,0.108,0.000,0,0,0,0,23,0,0,0,0,0,0
3145,3148145,104938167,0.000,0.132,0.000,0,0,0,0,23,0,0,0,0,0,0
3146,3149146,104971533,0.000,0.132,0.000,0,0,0,0,23,0,0,0,0,0,0
3147,3150147,105004900,0.000,0.132,0.000,0,0,0,0,23,0,0,0,0,0,0
3148,3151148,105038267,2.790,0.136,0.000,76,0,0,0,23,0,0,0,0,0,0
3149,3152149,105071633,4.610,0.137,0.000,76,0,0,0,23,0,0,0,0,0,0
3150,3153150,105105000,4.630,0.195,0.000,76,0,0,0,24,19,0,0,0,0,0
3151,3154151,105138367,5.092,0.194,0.000,76,0,0,27,24,19,0,0,0,0,0
3152,3155152,105171733,6.022,1.966,0.386,60,0,0,76,24,19,0,68,0,21,34
3153,3156153,105205100,6.602,4.628,5.025,26,0,0,76,24,19,0,76,0,55,56
3154,3157154,105238467,0.809,0.435,0.000,0,0,0,46,24,19,0,18,0,0,0
3155,3158155,105271833,0.000,0.141,0.000,0,0,0,0,24,0,0,0,0,0,0
3156,3159156,105305200,0.000,0.146,0.000,0,0,0,0,23,0,0,0,0,0,0
3157,3160157,105338567,0.640,0.147,0.000,0,0,0,48,23,0,0,0,0,0,0
3158,3161158,105371933,5.311,4.096,4.674,0,0,0,76,23,0,0,76,0,44,62
3159,3162159,105405300,7.912,6.340,8.778,0,0,0,76,23,0,0,76,21,76,76
3160,3163160,105438667,6.396,3.215,4.988,44,0,0,76,23,0,0,51,0,51,55
3161,3164161,105472033,5.304,0.210,0.000,76,0,0,23,24,21,0,0,0,0,0
3162,3165162,105505400,5.170,0.228,0.000,76,0,0,0,24,27,0,0,0,0,0
3163,3166163,105538767,8.660,3.054,3.640,76,0,0,76,24,27,0,48,0,31,39
3164,3167164,105572133,9.188,5.662,7.826,48,0,0,76,24,27,0,76,18,70,76
3165,3168165,105605500,8.116,6.737,10.526,0,0,0,76,25,27,0,76,19,76,76
3166,3169166,105638867,2.329,1.208,1.005,0,0,0,39,26,27,0,29,0,27,28
3167,3170167,105672233,0.000,0.234,0.000,0,0,0,0,26,27,0,0,0,0,0
3168,3171168,105705600,0.000,0.227,0.000,0,0,0,0,24,27,0,0,0,0,0
3169,3172169,105738967,0.000,0.234,0.000,0,0,0,0,22,34,0,0,0,0,0
3170,3173170,105772333,0.000,0.234,0.000,0,0,0,0,22,34,0,0,0,0,0
3171,3174171,105805700,0.000,0.216,0.000,0,0,0,0,22,27,0,0,0,0,0
3172,3175172,105839067,1.032,0.216,0.000,55,0,0,0,22,27,0,0,0,0,0
3173,3176173,105872433,2.478,0.214,0.000,76,0,0,0,22,26,0,0,0,0,0
3174,3177174,105905800,2.667,0.211,0.000,76,0,0,0,22,25,0,0,0,0,0
3175,3178175,105939167,2.403,0.211,0.000,76,0,0,0,22,25,0,0,0,0,0
3176,3179176,105972533,3.285,1.268,0.091,66,0,0,76,22,19,0,48,0,0,19
3177,3180177,106005900,5.946,4.888,5.094,26,0,0,76,22,0,0,76,0,42,59
3178,3181178,106039267,2.399,1.165,0.284,0,0,0,61,22,0,0,34,0,21,24
3179,3182179,106072633,0.000,0.140,0.000,0,0,0,0,22,0,0,0,0,0,0
3180,3183180,106106000,0.000,0.215,0.000,0,0,0,0,22,27,0,0,0,0,0
3181,3184181,106139367,3.938,2.525,1.419,0,0,0,76,22,27,0,59,0,28,42
3182,3185182,106172733,7.161,5.900,7.174,0,0,0,76,22,27,0,76,18,70,76
3183,3186183,106206100,8.119,6.632,9.859,0,0,0,76,22,0,0,76,18,76,76
3184,3187184,106239467,5.466,0.925,0.732,76,0,0,40,22,0,0,22,0,26,27
3185,3188185,106272833,3.283,0.194,0.000,76,0,0,0,22,19,0,0,0,0,0
3186,3189186,106306200,3.282,0.213,0.000,76,0,0,0,22,26,0,0,0,0,0
3187,3190187,106339567,4.357,0.464,0.000,76,0,0,56,22,26,0,25,0,0,0
3188,3191188,106372933,11.229,7.607,9.720,67,69,0,76,54,38,0,73,61,55,63
3189,3192189,106406300,11.813,9.773,13.569,32,74,0,76,67,39,0,76,70,70,76
3190,3193190,106439667,7.901,7.666,11.625,22,76,0,76,70,44,0,76,75,76,76
3191,3194191,106473033,7.647,7.665,11.933,22,76,0,76,76,44,0,76,76,76,76
3192,3195192,106506400,7.660,7.768,11.985,22,76,0,76,76,43,0,76,76,76,75
3193,3196193,106539767,7.987,7.938,12.106,22,76,0,76,74,42,0,76,76,76,76
3194,3197194,106573133,7.972,7.956,12.092,19,76,0,76,74,45,0,76,76,76,76
3195,3198195,106606500,7.901,7.883,12.090,19,76,0,76,74,45,0,76,76,76,76
3196,3199196,106639867,11.979,7.846,11.977,76,76,0,76,76,45,0,76,76,76,76
3197,3200197,106673233,12.825,7.939,12.000,76,76,0,76,76,45,0,76,76,76,76
3198,3201198,106706600,12.651,7.782,11.728,76,76,0,76,76,45,0,76,76,76,76
3199,3202199,106739967,12.837,7.656,11.379,76,76,0,76,76,44,0,76,76,76,76
3200,3203200,106773333,12.424,7.989,11.442,57,76,0,76,76,42,0,76,74,76,74
3201,3204201,106806700,11.815,9.802,13.827,27,76,0,76,76,42,0,76,75,76,76
3202,3205202,106840067,8.794,7.485,11.338,25,76,0,76,76,43,0,76,76,76,67
3203,3206203,106873433,7.335,7.262,10.801,23,76,0,76,76,46,0,76,76,76,65
3204,3207204,106906800,6.993,7.313,10.696,20,76,0,76,76,45,0,76,74,76,69
3205,3208205,106940167,8.693,7.258,10.533,17,76,0,76,76,46,0,76,72,76,63
3206,3209206,106973533,11.129,8.915,12.626,17,76,0,76,76,46,0,76,71,73,76
3207,3210207,107006900,12.213,10.109,14.568,17,76,0,76,76,46,0,76,68,70,76
3208,3211208,107040267,11.896,6.957,9.098,76,76,0,63,76,45,0,76,60,76,65
3209,3212209,107073633,12.021,6.382,8.427,76,76,0,73,76,45,0,73,64,76,60
3210,3213210,107107000,11.887,6.288,8.285,76,76,0,73,76,45,0,73,64,76,60
3211,3214211,107140367,12.401,6.360,8.543,76,76,0,76,76,45,0,62,50,73,61
3212,3215212,107173733,12.680,8.672,10.765,47,76,0,76,76,45,0,76,59,67,76
3213,3216213,107207100,11.465,9.106,12.363,20,76,0,76,76,43,0,76,59,71,76
3214,3217214,107240467,6.037,5.796,6.144,17,76,0,48,76,46,0,56,49,56,54
3215,3218215,107273833,4.952,5.341,5.214,17,76,0,49,76,46,0,59,43,51,48
3216,3219216,107307200,4.873,5.220,4.852,17,76,0,49,76,46,0,60,37,49,47
3217,3220217,107340567,4.860,5.096,4.698,17,76,0,51,75,48,0,62,50,52,46
3218,3221218,107373933,4.915,5.022,4.427,17,76,0,51,74,48,0,63,27,52,45
3219,3222219,107407300,4.762,4.774,3.908,0,76,0,48,73,45,0,61,27,49,41
3220,3223220,107440667,6.235,4.660,3.547,76,76,0,44,73,46,0,62,24,47,38
3221,3224221,107474033,6.968,4.522,3.291,76,76,0,39,72,46,0,57,29,46,36
3222,3225222,107507400,6.759,4.128,1.923,76,76,0,38,72,44,0,50,25,33,26
3223,3226223,107540767,6.426,3.454,0.664,76,76,0,38,72,42,0,42,21,24,19
3224,3227224,107574133,7.533,4.136,0.484,67,76,0,76,71,42,0,61,0,19,25
3225,3228225,107607500,9.459,7.490,6.112,18,76,0,76,70,42,0,76,0,52,59
3226,3229226,107640867,4.608,3.290,0.234,18,76,0,50,72,42,0,30,0,0,23
3227,3230227,107674233,3.120,2.568,0.000,21,76,0,0,73,37,0,0,0,0,0
3228,3231228,107707600,3.144,2.570,0.000,24,76,0,0,73,37,0,0,0,0,0
3229,3232229,107740967,6.808,4.978,1.869,21,76,0,76,73,37,0,51,0,25,36
3230,3233230,107774333,9.455,7.795,7.356,21,76,0,76,73,37,0,76,17,68,72
3231,3234231,107807700,10.940,9.021,9.869,18,76,0,76,74,38,0,76,19,76,76
3232,3235232,107841067,8.699,4.190,1.071,76,76,0,50,75,37,0,29,0,28,29
3233,3236233,107874433,6.237,2.580,0.000,76,73,0,0,76,38,0,0,0,0,0
3234,3237234,107907800,6.333,2.505,0.000,76,76,0,0,76,49,0,0,0,0,0
3235,3238235,107941167,11.016,6.407,7.709,76,76,0,75,76,53,0,67,58,58,57
3236,3239236,107974533,12.432,9.224,13.044,55,74,0,76,76,59,0,76,73,74,76
3237,3240237,108007900,12.209,10.526,15.911,20,75,0,76,76,50,0,76,75,76,76
3238,3241238,108041267,9.932,8.206,12.642,19,75,0,76,73,42,0,76,76,76,75
3239,3242239,108074633,7.495,7.509,11.986,18,75,0,76,70,42,0,76,76,76,76
3240,3243240,108108000,7.304,7.496,12.133,18,76,0,76,68,41,0,76,76,76,76
3241,3244241,108141367,7.352,7.531,12.061,17,76,0,76,74,40,0,76,76,76,76
3242,3245242,108174733,7.278,7.741,12.118,17,76,0,76,76,41,0,76,76,76,76
3243,3246243,108208100,7.379,7.907,12.085,0,76,0,76,76,40,0,76,76,76,76
3244,3247244,108241467,12.154,7.916,12.042,76,76,0,76,76,40,0,76,76,76,76
3245,3248245,108274833,12.198,7.887,11.942,76,74,0,76,76,40,0,76,76,76,76
3246,3249246,108308200,12.148,7.676,11.745,76,75,0,76,73,40,0,76,76,76,76
3247,3250247,108341567,12.251,7.563,11.557,76,76,0,76,70,39,0,76,76,76,76
3248,3251248,108374933,11.619,7.672,11.202,60,76,0,76,70,39,0,76,74,76,76
3249,3252249,108408300,11.247,9.042,13.015,17,76,0,76,70,39,0,76,76,76,76
3250,3253250,108441667,8.060,7.194,10.738,0,76,0,76,75,39,0,74,76,76,71
3251,3254251,108475033,6.778,6.881,10.616,0,76,0,76,73,38,0,73,76,76,72
3252,3255252,108508400,6.712,6.889,10.528,0,75,0,76,72,38,0,76,54,76,76
3253,3256253,108541767,9.286,7.154,10.201,0,75,0,76,70,36,0,76,58,76,69
3254,3257254,108575133,10.884,9.643,13.064,0,72,0,76,70,39,0,76,55,76,76
3255,3258255,108608500,12.093,10.561,15.043,0,72,0,76,71,39,0,76,53,76,76
3256,3259256,108641867,12.493,6.707,8.693,76,72,0,62,72,38,0,62,46,64,63
3257,3260257,108675233,11.230,5.804,7.785,76,76,0,62,73,38,0,62,46,72,58
3258,3261258,108708600,11.133,5.787,7.891,76,72,0,62,72,38,0,62,46,73,58
3259,3262259,108741967,11.304,5.694,7.463,76,72,0,58,73,36,0,60,43,72,58
3260,3263260,108775333,12.889,7.719,8.924,73,70,0,76,73,36,0,68,32,65,66
3261,3264261,108808700,11.711,9.274,11.519,36,70,0,76,70,35,0,76,39,76,76
3262,3265262,108842067,6.363,5.320,5.404,17,70,0,48,72,35,0,47,40,56,42
3263,3266263,108875433,4.104,4.673,4.072,0,70,0,42,71,33,0,47,48,54,33
3264,3267264,108908800,3.968,4.460,3.672,0,71,0,42,66,33,0,47,42,51,31
3265,3268265,108942167,4.033,4.535,3.297,0,71,0,44,68,32,0,48,37,41,31
3266,3269266,108975533,3.902,4.553,3.123,0,71,0,42,67,35,0,48,31,45,31
3267,3270267,109008900,3.698,4.180,2.457,0,71,0,39,66,35,0,41,26,42,28
3268,3271268,109042267,4.323,3.320,1.861,69,71,0,30,65,35,0,36,21,38,23
3269,3272269,109075633,5.878,3.133,1.236,76,70,0,32,63,35,0,29,0,35,24
3270,3273270,109109000,5.837,2.718,1.053,76,70,0,31,63,38,0,26,0,29,24
3271,3274271,109142367,5.339,2.485,0.235,76,69,0,76,63,41,0,24,0,19,0
3272,3275272,109175733,8.265,5.951,2.431,41,69,0,76,64,44,0,73,0,42,51
3273,3276273,109209100,9.505,7.942,7.432,0,69,0,76,65,41,0,76,18,75,76
3274,3277274,109242467,6.640,4.969,2.920,0,70,0,76,66,44,0,41,0,44,46
3275,3278275,109275833,2.441,2.147,0.000,0,70,0,0,67,35,0,0,0,0,0
3276,3279276,109309200,2.421,2.195,0.000,0,72,0,0,63,55,0,0,0,0,0
3277,3280277,109342567,5.533,3.414,0.648,17,63,0,76,56,48,0,41,0,21,40
3278,3281278,109375933,8.594,7.310,6.610,21,60,0,76,56,55,0,76,18,61,72
3279,3282279,109409300,9.403,7.658,7.962,18,60,0,76,56,48,0,76,18,76,70
3280,3283280,109442667,9.836,6.655,9.675,76,60,0,76,56,35,0,76,61,69,64
3281,3284281,109476033,10.050,7.096,11.474,76,64,0,76,56,35,0,76,69,76,71
3282,3285282,109509400,10.038,7.033,11.666,76,63,0,76,60,35,0,76,70,76,74
3283,3286283,109542767,11.310,7.146,11.886,76,63,0,76,62,35,0,76,71,76,76
3284,3287284,109576133,12.509,8.880,13.662,74,63,0,76,60,46,0,76,74,72,76
3285,3288285,109609500,11.979,10.132,15.908,34,62,0,76,63,42,0,76,76,76,76
3286,3289286,109642867,7.659,7.324,12.144,0,63,0,76,61,39,0,76,76,76,76
3287,3290287,109676233,6.774,6.974,11.771,0,62,0,76,63,35,0,76,76,76,76
3288,3291288,109709600,6.725,6.996,11.929,0,60,0,76,61,27,0,76,76,76,76
3289,3292289,109742967,6.696,6.899,12.136,0,60,0,76,59,26,0,76,76,76,76
3290,3293290,109776333,6.563,6.752,11.983,0,60,0,76,60,27,0,76,76,76,76
3291,3294291,109809700,6.465,6.548,11.976,0,60,0,76,53,26,0,76,76,76,76
3292,3295292,109843067,10.086,6.554,12.006,76,64,0,76,49,27,0,76,76,76,76
3293,3296293,109876433,10.962,6.663,11.816,76,62,0,76,54,25,0,76,76,76,76
3294,3297294,109909800,10.891,6.652,11.672,76,60,0,76,59,25,0,76,73,76,76
3295,3298295,109943167,10.950,6.464,11.486,76,56,0,76,58,25,0,76,74,76,76
3296,3299296,109976533,11.720,7.225,11.336,56,56,0,76,57,23,0,76,75,73,76
3297,3300297,110009900,9.686,8.074,13.115,19,55,0,76,55,23,0,76,76,75,76
3298,3301298,110043267,6.275,6.046,10.536,0,54,0,76,51,24,0,76,66,76,73
3299,3302299,110076633,5.551,6.063,10.556,0,54,0,76,52,24,0,76,60,76,75
3300,3303300,110110000,5.546,5.964,10.378,0,50,0,76,49,22,0,76,60,76,73
3301,3304301,110143367,7.079,6.008,10.005,0,49,0,76,46,21,0,76,57,76,72
3302,3305302,110176733,9.439,8.161,11.557,0,49,0,76,45,21,0,76,68,72,76
3303,3306303,110210100,10.544,9.387,13.744,0,49,0,76,42,24,0,76,66,76,76
3304,3307304,110243467,10.709,6.617,9.315,75,49,0,72,42,29,0,69,55,65,60
3305,3308305,110276833,10.435,5.267,8.205,76,49,0,59,42,35,0,62,50,65,56
3306,3309306,110310200,10.063,4.993,7.788,76,49,0,59,43,35,0,58,42,72,56
3307,3310307,110343567,10.957,5.125,7.929,76,49,0,76,44,34,0,54,47,60,54
3308,3311308,110376933,11.096,7.916,10.945,45,49,0,76,43,34,0,76,45,70,76
3309,3312309,110410300,10.118,8.757,13.391,0,47,0,76,43,38,0,76,40,76,76
3310,3313310,110443667,4.858,4.545,5.705,0,44,0,48,42,36,0,54,37,46,41
3311,3314311,110477033,2.874,3.711,4.092,0,42,0,45,41,38,0,47,40,53,43
3312,3315312,110510400,2.639,3.552,3.760,0,42,0,45,40,36,0,48,29,52,35
3313,3316313,110543767,2.550,3.525,3.657,0,44,0,48,40,51,0,49,29,52,35
3314,3317314,110577133,2.628,3.423,3.603,0,45,0,45,40,50,0,50,32,51,35
3315,3318315,110610500,2.201,2.983,3.056,0,41,0,45,40,37,0,50,31,37,32
3316,3319316,110643867,4.355,2.674,2.601,76,37,0,45,38,44,0,50,31,33,29
3317,3320317,110677233,4.814,2.534,2.297,76,37,0,45,36,41,0,46,32,33,25
3318,3321318,110710600,4.461,2.396,1.882,76,36,0,32,36,39,0,34,24,33,24
3319,3322319,110743967,4.124,2.315,1.086,76,35,0,76,36,37,0,26,0,27,25
3320,3323320,110777333,6.843,5.198,3.516,45,35,0,76,36,36,0,76,0,42,47
3321,3324321,110810700,7.911,6.904,7.703,0,33,0,76,35,40,0,76,20,62,76
3322,3325322,110844067,4.457,3.667,2.816,0,37,0,57,34,46,0,39,0,35,29
3323,3326323,110877433,0.741,1.042,0.000,0,38,0,0,33,50,0,0,0,0,0
3324,3327324,110910800,0.785,0.962,0.000,0,36,0,22,33,38,0,0,0,0,0
3325,3328325,110944167,5.246,4.216,3.789,0,35,0,76,33,41,0,56,0,30,44
3326,3329326,110977533,7.940,6.565,7.659,0,32,0,76,33,38,0,76,21,76,76
3327,3330327,111010900,8.752,7.406,11.101,0,32,0,76,32,36,0,76,24,76,76
3328,3331328,111044267,7.128,4.554,5.688,48,32,0,76,31,36,0,72,0,61,62
3329,3332329,111077633,4.312,0.522,0.000,76,32,0,23,30,36,0,0,0,0,0
3330,3333330,111111000,4.048,0.517,0.000,76,29,0,0,31,34,0,0,0,0,0
3331,3334331,111144367,8.952,4.346,7.594,76,26,0,76,32,23,0,53,54,49,51
3332,3335332,111177733,10.431,7.644,13.621,71,24,0,76,33,24,0,76,76,67,76
3333,3336333,111211100,9.627,8.325,15.778,21,23,0,76,32,22,0,76,76,76,76
3334,3337334,111244467,5.538,5.666,12.352,0,23,0,76,31,20,0,76,76,76,74
3335,3338335,111277833,4.651,5.264,12.371,0,22,0,76,31,19,0,76,76,76,76
3336,3339336,111311200,4.660,5.408,12.473,0,21,0,76,31,23,0,76,76,76,76
3337,3340337,111344567,4.874,5.551,12.549,0,19,0,76,31,26,0,76,76,76,76
3338,3341338,111377933,4.838,5.687,12.326,0,19,0,76,31,25,0,76,76,76,76
3339,3342339,111411300,4.804,5.683,12.162,0,19,0,76,29,22,0,76,76,76,76
3340,3343340,111444667,9.640,5.709,12.124,76,19,0,76,28,23,0,76,76,76,76
3341,3344341,111478033,9.422,5.563,11.905,76,18,0,76,28,0,0,76,76,76,76
3342,3345342,111511400,9.368,5.385,11.667,76,0,0,76,28,0,0,76,66,76,76
3343,3346343,111544767,8.701,5.225,11.556,76,0,0,76,29,0,0,76,60,76,75
3344,3347344,111578133,8.842,6.059,11.593,42,0,0,76,29,0,0,76,73,76,73
3345,3348345,111611500,8.580,7.319,13.860,0,0,0,76,29,0,0,76,73,75,76
3346,3349346,111644867,5.063,5.039,11.292,0,0,0,76,29,0,0,76,75,76,75
3347,3350347,111678233,4.053,4.935,10.967,0,0,0,76,29,18,0,76,68,76,73
3348,3351348,111711600,4.214,5.089,10.796,0,0,0,76,29,25,0,76,59,76,74
3349,3352349,111744967,6.827,5.752,11.438,0,0,0,76,29,32,0,76,61,75,73
3350,3353350,111778333,8.718,7.457,13.749,0,0,0,76,27,30,0,76,68,72,76
3351,3354351,111811700,8.934,7.930,14.975,0,0,0,76,27,30,0,76,68,76,76
3352,3355352,111845067,9.368,4.890,9.507,76,0,0,71,28,31,0,74,70,75,64
3353,3356353,111878433,8.521,4.157,8.923,76,0,0,76,29,32,0,74,70,72,65
3354,3357354,111911800,8.775,4.150,8.736,76,0,0,76,28,28,0,74,70,72,65
3355,3358355,111945167,10.463,5.413,10.109,76,0,0,76,27,30,0,70,63,66,65
3356,3359356,111978533,10.104,7.519,13.363,36,0,0,76,27,39,0,76,65,76,76
3357,3360357,112011900,8.952,8.245,14.568,0,0,0,76,29,35,0,76,65,76,76
3358,3361358,112045267,4.679,4.552,8.649,0,0,0,62,31,30,0,59,60,62,55
3359,3362359,112078633,2.217,3.117,6.189,0,0,0,56,33,32,0,54,57,60,45
3360,3363360,112112000,2.106,3.264,6.420,0,0,0,59,31,28,0,60,57,60,45
3361,3364361,112145367,2.183,3.260,6.115,0,0,0,62,29,28,0,64,44,60,49
3362,3365362,112178733,2.143,3.257,5.861,0,0,0,62,29,35,0,58,40,60,45
3363,3366363,112212100,1.939,3.146,5.281,0,0,0,55,31,38,0,58,34,60,43
3364,3367364,112245467,4.096,3.062,4.916,76,0,0,53,33,41,0,58,34,60,41
3365,3368365,112278833,4.274,2.815,4.319,76,0,0,53,33,41,0,50,31,53,39
3366,3369366,112312200,4.160,2.579,3.807,76,0,0,48,33,41,0,44,27,48,36
3367,3370367,112345567,3.208,2.272,3.205,76,0,0,69,31,33,0,41,29,48,31
3368,3371368,112378933,5.651,4.337,3.113,41,0,0,76,29,28,0,76,18,38,44
3369,3372369,112412300,6.603,5.799,6.984,0,0,0,76,28,26,0,76,0,57,56
3370,3373370,112445667,1.280,0.900,0.487,0,0,0,43,28,28,0,25,0,19,21
3371,3374371,112479033,0.000,0.349,0.000,0,0,0,0,27,28,0,17,0,0,0
3372,3375372,112512400,0.173,0.362,0.000,0,0,0,33,27,28,0,19,0,0,0
3373,3376373,112545767,4.804,3.849,4.121,0,0,0,76,27,28,0,58,0,44,44
3374,3377374,112579133,7.110,5.835,7.921,0,0,0,76,27,28,0,76,19,74,74
3375,3378375,112612500,8.169,6.948,10.221,0,0,0,76,26,26,0,76,19,76,76
3376,3379376,112645867,6.645,2.569,3.295,76,0,0,62,26,26,0,29,0,31,31
3377,3380377,112679233,3.437,0.258,0.000,76,0,0,18,26,25,0,0,0,0,0
3378,3381378,112712600,3.501,0.258,0.000,76,0,0,29,26,25,0,0,0,0,0
3379,3382379,112745967,7.919,3.530,4.729,76,0,0,76,26,23,0,54,0,43,44
3380,3383380,112779333,9.036,5.823,8.367,55,0,0,76,26,22,0,76,22,75,76
3381,3384381,112812700,8.034,6.901,11.021,0,0,0,76,24,22,0,76,23,76,76
3382,3385382,112846067,7.224,6.079,8.092,21,54,0,68,58,31,0,61,54,55,48
3383,3386383,112879433,7.360,7.721,11.601,28,69,0,76,76,34,0,76,64,76,73
3384,3387384,112912800,7.655,7.968,11.919,30,76,0,76,76,38,0,76,72,76,76
3385,3388385,112946167,7.768,8.115,12.130,26,76,0,76,76,42,0,76,76,76,76
3386,3389386,112979533,7.717,8.135,12.380,21,76,0,76,76,44,0,76,76,76,76
3387,3390387,113012900,7.774,8.151,12.475,23,76,0,76,76,43,0,76,76,76,76
3388,3391388,113046267,12.536,8.116,12.438,76,76,0,76,76,42,0,76,68,76,76
3389,3392389,113079633,12.697,8.188,12.248,76,76,0,76,76,41,0,76,67,76,76
3390,3393390,113113000,12.671,8.257,12.119,76,76,0,76,76,48,0,76,66,76,76
3391,3394391,113146367,11.992,8.175,11.910,76,76,0,76,76,48,0,76,67,76,72
3392,3395392,113179733,9.533,8.139,11.738,42,76,0,76,76,48,0,76,69,76,72
3393,3396393,113213100,7.653,7.920,11.493,21,76,0,76,76,48,0,76,70,76,70
3394,3397394,113246467,7.978,8.026,11.560,21,76,0,76,71,48,0,76,66,76,70
3395,3398395,113279833,10.212,8.422,11.843,24,76,0,76,72,49,0,76,60,76,73
3396,3399396,113313200,11.671,9.792,14.138,22,76,0,76,72,48,0,76,71,76,76
3397,3400397,113346567,8.632,7.613,11.386,21,76,0,76,72,48,0,69,70,76,65
3398,3401398,113379933,6.818,7.544,11.085,20,74,0,76,73,47,0,73,67,76,74
3399,3402399,113413300,6.852,7.491,10.983,18,74,0,76,73,47,0,73,67,76,74
3400,3403400,113446667,14.785,7.929,11.227,76,74,0,76,72,46,0,76,64,70,70
3401,3404401,113480033,16.837,9.862,13.700,76,74,0,76,73,35,0,76,67,73,76
3402,3405402,113513400,16.270,9.224,13.094,76,74,0,76,73,34,0,76,58,72,76
3403,3406403,113546767,9.957,6.701,9.490,76,72,0,73,71,32,0,71,66,75,60
3404,3407404,113580133,7.090,6.604,9.680,28,69,0,73,67,33,0,68,67,76,62
3405,3408405,113613500,6.060,6.428,9.531,18,69,0,76,60,31,0,68,67,76,61
3406,3409406,113646867,7.702,6.294,9.315,0,63,0,76,60,31,0,60,53,75,60
3407,3410407,113680233,10.091,8.522,11.639,0,60,0,76,60,32,0,76,51,68,76
3408,3411408,113713600,9.831,8.316,11.158,0,60,0,76,60,35,0,76,51,65,68
3409,3412409,113746967,4.846,5.476,7.332,0,59,0,55,54,35,0,64,50,67,50
3410,3413410,113780333,4.459,5.501,7.192,0,56,0,66,56,33,0,65,53,64,49
3411,3414411,113813700,4.280,5.243,6.895,0,52,0,63,52,34,0,60,41,65,49
3412,3415412,113847067,6.615,5.070,6.521,76,51,0,63,52,34,0,54,41,65,49
3413,3416413,113880433,6.603,4.599,5.923,76,48,0,59,49,28,0,53,40,63,48
3414,3417414,113913800,6.020,3.962,5.295,76,45,0,56,47,29,0,63,40,61,41
3415,3418415,113947167,4.938,3.565,5.057,76,42,0,52,44,28,0,50,39,59,42
3416,3419416,113980533,3.379,3.295,4.536,30,39,0,46,43,18,0,48,40,52,39
3417,3420417,114013900,2.753,2.918,4.007,0,37,0,48,44,18,0,38,26,45,36
3418,3421418,114047267,3.508,2.763,2.913,0,32,0,76,38,0,0,37,24,36,26
3419,3422419,114080633,6.635,5.595,5.709,0,28,0,76,33,0,0,76,20,51,50
3420,3423420,114114000,7.688,6.342,7.933,0,27,0,76,28,0,0,76,20,67,65
3421,3424421,114147367,1.368,0.760,0.407,0,20,0,41,27,0,0,24,0,26,18
3422,3425422,114180733,0.042,0.562,0.092,0,0,0,17,27,0,0,33,0,17,0
3423,3426423,114214100,0.437,0.424,0.141,17,0,0,38,27,0,0,32,0,17,0
3424,3427424,114247467,8.276,3.877,4.701,76,0,0,76,26,17,0,62,0,44,39
3425,3428425,114280833,10.569,5.983,8.403,76,0,0,76,25,17,0,76,20,76,73
3426,3429426,114314200,11.224,6.315,9.502,76,0,0,76,31,22,0,76,20,76,76
3427,3430427,114347567,5.395,1.071,0.517,76,0,0,38,24,27,0,21,0,18,28
3428,3431428,114380933,1.920,0.278,0.000,61,0,0,0,24,32,0,0,0,0,0
3429,3432429,114414300,0.441,0.236,0.000,21,0,0,29,28,29,0,0,0,0,0
3430,3433430,114447667,4.812,3.584,4.762,0,0,0,76,29,26,0,53,0,39,55
3431,3434431,114481033,7.475,5.964,8.143,0,0,0,76,28,24,0,76,23,73,76
3432,3435432,114514400,7.236,5.855,8.467,0,29,0,76,28,35,0,67,19,61,68
3433,3436433,114547767,7.082,7.446,10.776,27,76,0,76,67,46,0,76,70,76,72
3434,3437434,114581133,7.372,7.909,11.414,23,76,0,76,76,58,0,76,71,76,76
3435,3438435,114614500,7.656,8.107,11.956,21,76,0,76,71,58,0,76,73,76,76
3436,3439436,114647867,12.335,8.173,12.174,76,76,0,76,74,41,0,76,75,76,76
3437,3440437,114681233,12.648,8.194,12.323,76,76,0,76,74,43,0,76,73,76,76
3438,3441438,114714600,12.635,8.142,12.418,76,76,0,76,76,45,0,76,71,76,76
3439,3442439,114747967,10.920,8.103,12.186,73,76,0,76,74,43,0,76,73,76,76
3440,3443440,114781333,8.943,8.007,12.104,30,76,0,76,73,39,0,76,74,76,76
3441,3444441,114814700,7.536,7.999,12.087,17,76,0,76,76,40,0,76,75,76,76
3442,3445442,114848067,7.864,7.896,11.860,21,76,0,76,76,39,0,76,75,76,76
3443,3446443,114881433,9.964,8.142,11.682,24,76,0,76,76,38,0,76,73,76,76
3444,3447444,114914800,9.840,7.936,11.761,21,76,0,76,76,37,0,76,76,76,76
3445,3448445,114948167,7.740,7.417,11.298,18,76,0,76,76,37,0,76,76,76,76
3446,3449446,114981533,7.424,7.403,11.462,0,76,0,76,76,36,0,76,76,76,76
3447,3450447,115014900,7.187,7.329,11.332,0,74,0,76,76,35,0,76,76,76,76
3448,3451448,115048267,12.450,7.151,10.987,76,76,0,76,76,52,0,76,76,76,76
3449,3452449,115081633,15.455,8.655,11.830,76,74,0,76,75,61,0,76,71,72,76
3450,3453450,115115000,16.543,9.101,12.953,76,73,0,76,72,61,0,76,68,66,76
3451,3454451,115148367,11.238,6.629,9.631,76,72,0,67,71,61,0,76,60,76,67
3452,3455452,115181733,8.121,6.504,9.419,49,71,0,72,67,61,0,73,60,76,61
3453,3456453,115215100,6.250,6.382,9.382,19,66,0,73,67,38,0,76,60,76,61
3454,3457454,115248467,8.910,6.922,10.109,0,66,0,76,67,38,0,70,54,66,72
3455,3458455,115281833,10.700,8.849,12.831,0,60,0,76,62,38,0,76,46,70,76
3456,3459456,115315200,7.976,6.532,8.591,0,64,0,75,57,33,0,63,43,68,62
3457,3460457,115348567,4.554,5.174,6.262,0,51,0,52,52,32,0,59,41,65,46
3458,3461458,115381933,4.016,4.932,6.018,0,51,0,50,52,30,0,63,44,53,47
3459,3462459,115415300,3.891,4.817,5.842,0,51,0,59,48,29,0,63,44,56,49
3460,3463460,115448667,5.999,4.697,5.780,76,49,0,63,43,29,0,63,43,54,52
3461,3464461,115482033,6.084,4.275,5.111,76,44,0,58,39,37,0,67,42,53,48
3462,3465462,115515400,5.204,3.590,4.604,76,39,0,47,37,34,0,59,41,50,44
3463,3466463,115548767,3.844,3.384,4.404,76,36,0,47,35,37,0,56,40,53,39
3464,3467464,115582133,2.203,2.751,3.130,40,29,0,37,32,32,0,50,27,48,31
3465,3468465,115615500,1.460,2.233,2.738,0,29,0,35,32,29,0,44,25,41,26
3466,3469466,115648867,1.631,2.105,1.389,0,25,0,76,28,29,0,38,18,29,19
3467,3470467,115682233,5.352,4.553,2.507,0,23,0,76,25,29,0,76,0,40,51
3468,3471468,115715600,5.358,4.412,3.248,0,19,0,76,25,33,0,58,0,48,53
3469,3472469,115748967,0.262,0.542,0.130,0,0,0,25,25,38,0,0,0,17,0
3470,3473470,115782333,0.000,0.520,0.000,0,0,0,0,25,36,0,0,0,0,0
3471,3474471,115815700,3.258,0.611,0.000,76,0,0,64,25,38,0,20,0,0,0
3472,3475472,115849067,9.001,4.776,5.198,76,0,0,76,25,41,0,76,0,45,58
3473,3476473,115882433,11.189,6.497,8.974,76,0,0,76,25,44,0,76,24,76,76
3474,3477474,115915800,9.501,4.744,6.418,76,0,0,76,25,46,0,73,17,63,62
3475,3478475,115949167,3.347,0.446,0.000,76,0,0,30,25,36,0,0,0,0,0
3476,3479476,115982533,1.358,0.423,0.000,44,0,0,0,25,28,0,0,0,0,0
3477,3480477,116015900,1.112,1.207,0.404,0,30,0,27,26,29,0,35,0,18,0
3478,3481478,116049267,9.326,8.132,10.376,29,68,0,76,74,39,0,69,71,65,55
3479,3482479,116082633,11.437,10.286,14.729,26,76,0,76,75,45,0,76,68,70,76
3480,3483480,116116000,11.678,10.421,14.872,24,76,0,76,76,44,0,76,70,74,76
3481,3484481,116149367,8.005,7.908,11.689,23,76,0,76,76,42,0,76,73,76,76
3482,3485482,116182733,7.478,7.705,11.726,21,76,0,76,76,44,0,76,73,76,75
3483,3486483,116216100,8.568,7.932,11.865,36,76,0,76,76,43,0,76,74,76,76
3484,3487484,116249467,12.520,8.071,11.902,76,76,0,76,76,43,0,76,75,76,76
3485,3488485,116282833,12.304,8.054,12.169,76,76,0,76,76,43,0,76,75,76,76
3486,3489486,116316200,12.428,8.030,12.269,76,76,0,76,76,43,0,76,74,76,76
3487,3490487,116349567,11.857,7.891,11.832,76,76,0,76,76,43,0,76,70,76,76
3488,3491488,116382933,9.440,7.988,11.750,43,76,0,76,76,47,0,76,74,76,74
3489,3492489,116416300,7.312,7.992,11.569,24,76,0,76,76,47,0,76,61,76,72
3490,3493490,116449667,7.840,7.981,11.453,21,76,0,76,76,44,0,76,75,76,73
3491,3494491,116483033,10.084,8.718,11.731,23,76,0,76,76,43,0,76,71,75,72
3492,3495492,116516400,10.006,8.517,11.912,21,76,0,76,76,43,0,76,70,76,74
3493,3496493,116549767,7.325,7.618,10.751,21,76,0,76,76,44,0,76,73,76,67
3494,3497494,116583133,7.023,7.615,10.723,21,76,0,76,76,44,0,76,71,76,70
3495,3498495,116616500,7.209,7.688,10.801,21,76,0,76,76,45,0,76,71,76,69
3496,3499496,116649867,14.479,7.672,10.704,76,76,0,76,76,45,0,76,67,72,67
3497,3500497,116683233,16.354,9.771,12.179,76,76,0,76,76,45,0,76,70,68,76
3498,3501498,116716600,15.506,8.574,11.672,76,76,0,76,76,47,0,71,55,70,72
3499,3502499,116749967,9.983,7.007,8.717,67,76,0,63,76,48,0,67,46,75,60
3500,3503500,116783333,7.007,6.990,8.888,27,76,0,72,76,48,0,73,50,73,61
3501,3504501,116816700,6.463,6.933,8.498,21,76,0,72,76,48,0,76,50,72,62
3502,3505502,116850067,7.695,6.833,7.964,21,76,0,76,76,48,0,66,50,70,62
3503,3506503,116883433,10.956,9.027,10.303,17,76,0,76,76,47,0,76,51,66,70
3504,3507504,116916800,11.364,9.467,11.906,17,76,0,76,76,48,0,76,50,68,72
3505,3508505,116950167,6.181,6.019,6.146,0,76,0,55,76,48,0,51,47,48,49
3506,3509506,116983533,5.391,5.689,5.513,0,76,0,52,74,47,0,54,45,53,42
3507,3510507,117016900,5.627,5.592,5.226,41,76,0,53,74,45,0,62,43,50,40
3508,3511508,117050267,7.717,5.538,5.075,76,76,0,55,73,43,0,62,40,53,38
3509,3512509,117083633,7.682,5.338,4.395,76,76,0,52,73,45,0,57,39,51,36
3510,3513510,117117000,7.404,5.226,3.800,76,76,0,48,76,48,0,53,37,46,35
3511,3514511,117150367,6.780,5.181,3.634,76,76,0,44,76,48,0,48,37,46,33
3512,3515512,117183733,4.999,4.872,2.508,54,76,0,36,76,48,0,43,27,41,25
3513,3516513,117217100,3.893,4.183,1.766,18,76,0,27,76,48,0,38,0,36,22
3514,3517514,117250467,4.921,4.037,0.739,18,76,0,76,76,45,0,35,0,30,18
3515,3518515,117283833,8.939,7.227,3.856,18,76,0,76,74,45,0,76,0,51,38
3516,3519516,117317200,8.414,6.392,3.514,18,76,0,76,74,47,0,66,0,51,33
3517,3520517,117350567,3.400,2.935,0.000,18,76,0,24,76,47,0,17,0,0,0
3518,3521518,117383933,3.252,2.866,0.000,18,76,0,0,75,47,0,0,0,0,0
3519,3522519,117417300,3.126,2.845,0.000,18,76,0,0,76,46,0,0,0,0,0
3520,3523520,117450667,10.323,4.900,0.937,76,76,0,76,76,47,0,50,0,26,29
3521,3524521,117484033,12.921,7.849,6.979,76,76,0,76,74,49,0,76,19,70,62
3522,3525522,117517400,11.592,6.464,4.928,76,76,0,76,76,51,0,57,0,55,43
3523,3526523,117550767,5.735,2.797,0.000,76,76,0,25,75,48,0,0,0,0,0
3524,3527524,117584133,4.187,2.813,0.000,34,76,0,0,76,48,0,0,0,0,0
3525,3528525,117617500,3.560,3.120,0.000,18,76,0,25,76,47,0,28,0,0,0
3526,3529526,117650867,9.554,7.945,10.290,18,76,0,76,76,46,0,72,71,66,63
3527,3530527,117684233,11.888,10.137,14.684,18,76,0,76,76,47,0,76,72,76,76
3528,3531528,117717600,11.947,10.202,15.128,18,76,0,76,76,46,0,76,75,76,76
3529,3532529,117750967,8.079,7.747,11.805,20,76,0,76,76,45,0,76,76,76,73
3530,3533530,117784333,7.750,7.570,11.564,22,76,0,76,76,44,0,76,76,76,72
3531,3534531,117817700,8.455,7.766,11.908,31,76,0,76,76,48,0,76,76,76,74
3532,3535532,117851067,12.689,7.742,11.843,76,76,0,76,76,48,0,76,76,76,75
3533,3536533,117884433,12.609,7.779,11.956,76,76,0,76,76,48,0,76,76,76,76
3534,3537534,117917800,12.582,7.832,12.024,76,76,0,76,76,48,0,76,74,76,76
3535,3538535,117951167,11.308,7.620,11.819,76,76,0,76,76,43,0,76,75,76,76
3536,3539536,117984533,9.091,7.650,11.605,35,76,0,76,75,41,0,76,76,76,73
3537,3540537,118017900,7.518,7.584,11.449,23,76,0,76,74,41,0,76,76,76,73
3538,3541538,118051267,8.201,7.505,11.171,21,73,0,76,74,40,0,76,75,76,73
3539,3542539,118084633,10.414,8.760,12.377,19,72,0,76,73,37,0,76,72,75,76
3540,3543540,118118000,9.616,7.823,12.202,17,70,0,76,72,39,0,76,72,74,76
3541,3544541,118151367,7.253,7.195,10.911,17,69,0,76,70,38,0,76,72,76,72
3542,3545542,118184733,7.025,7.148,10.865,18,69,0,76,70,39,0,76,70,76,73
3543,3546543,118218100,8.721,7.092,10.915,35,68,0,76,71,39,0,76,68,76,74
3544,3547544,118251467,15.192,7.886,11.153,76,69,0,76,69,37,0,76,70,71,70
3545,3548545,118284833,16.468,9.526,13.387,76,70,0,76,67,37,0,76,68,74,76
3546,3549546,118318200,14.957,8.198,11.353,76,70,0,76,64,49,0,76,72,72,73
3547,3550547,118351567,9.176,6.329,9.261,76,60,0,69,59,52,0,71,67,71,60
3548,3551548,118384933,6.423,6.075,9.297,20,60,0,70,54,52,0,70,67,76,59
3549,3552549,118418300,5.584,6.039,8.936,0,60,0,70,54,51,0,73,67,76,55
3550,3553550,118451667,7.885,6.632,8.269,0,59,0,76,54,49,0,62,54,61,60
3551,3554551,118485033,9.638,8.475,11.166,0,54,0,76,52,49,0,76,47,70,76
3552,3555552,118518400,6.414,5.736,7.171,0,52,0,67,49,49,0,62,55,55,52
3553,3556553,118551767,4.153,4.971,6.046,0,54,0,55,47,49,0,62,55,56,41
3554,3557554,118585133,3.658,4.567,5.786,0,50,0,55,45,48,0,62,50,55,42
3555,3558555,118618500,3.306,4.349,5.586,0,46,0,56,41,49,0,60,37,58,42
3556,3559556,118651867,5.580,4.048,5.373,76,45,0,53,39,41,0,60,40,59,43
3557,3560557,118685233,5.602,3.581,4.700,76,40,0,51,35,41,0,55,36,49,34
3558,3561558,118718600,5.105,3.402,4.104,76,40,0,47,31,41,0,50,27,49,38
3559,3562559,118751967,3.916,3.244,3.807,76,39,0,45,30,49,0,47,24,49,35
3560,3563560,118785333,2.057,2.933,2.775,24,30,0,41,30,49,0,44,19,39,26
3561,3564561,118818700,1.640,2.392,1.979,0,32,0,36,30,49,0,39,17,34,22
3562,3565562,118852067,1.976,2.115,1.374,0,26,0,76,30,36,0,35,0,26,21
3563,3566563,118885433,5.562,4.962,2.699,0,22,0,76,30,35,0,76,0,46,48
3564,3567564,118918800,4.088,3.571,1.695,0,0,0,76,30,36,0,53,0,35,30
3565,3568565,118952167,0.130,0.681,0.000,0,0,0,24,29,34,0,0,0,0,0
3566,3569566,118985533,0.000,0.656,0.000,0,0,0,0,27,32,0,0,0,0,0
3567,3570567,119018900,1.995,0.625,0.000,69,0,0,41,27,31,0,0,0,0,0
3568,3571568,119052267,8.140,4.134,4.123,76,0,0,76,27,32,0,61,0,37,53
3569,3572569,119085633,10.657,6.386,8.565,76,0,0,76,27,30,0,76,21,76,76
3570,3573570,119119000,10.222,5.683,8.209,76,0,0,76,27,30,0,76,20,76,73
3571,3574571,119152367,3.614,0.573,0.000,76,0,0,29,27,30,0,0,0,0,0
3572,3575572,119185733,1.202,0.542,0.000,45,0,0,0,26,30,0,0,0,0,0
3573,3576573,119219100,0.551,0.486,0.000,0,0,0,45,26,30,0,0,0,0,0
3574,3577574,119252467,5.050,3.813,5.052,0,0,0,76,26,32,0,55,0,46,59
3575,3578575,119285833,7.397,6.248,8.475,0,0,0,76,26,28,0,76,20,76,76
3576,3579576,119319200,4.647,3.493,4.753,0,0,0,76,26,41,0,54,0,38,51
3577,3580577,119352567,0.236,0.516,0.000,0,0,0,25,26,41,0,0,0,0,0
3578,3581578,119385933,0.000,0.516,0.000,0,0,0,0,26,41,0,0,0,0,0
3579,3582579,119419300,1.399,0.521,0.000,41,0,0,0,27,41,0,0,0,0,0
3580,3583580,119452667,4.883,0.516,0.000,76,0,0,0,26,41,0,0,0,0,0
3581,3584581,119486033,4.751,0.516,0.000,76,0,0,0,26,41,0,0,0,0,0
3582,3585582,119519400,4.795,0.516,0.000,76,0,0,0,26,41,0,0,0,0,0
3583,3586583,119552767,3.038,0.516,0.000,66,0,0,0,26,41,0,0,0,0,0
3584,3587584,119586133,0.735,0.637,0.000,26,0,0,0,26,41,0,23,0,0,0
3585,3588585,119619500,0.000,0.626,0.000,0,0,0,0,26,41,0,21,0,0,0
3586,3589586,119652867,1.082,0.733,0.000,0,0,0,76,26,41,0,24,0,0,0
3587,3590587,119686233,5.773,4.678,4.311,0,0,0,76,24,46,0,75,0,54,42
3588,3591588,119719600,6.288,4.877,6.216,0,0,0,76,25,43,0,75,25,58,51
3589,3592589,119752967,1.683,1.854,2.237,0,23,0,40,26,39,0,38,29,44,24
3590,3593590,119786333,1.253,1.772,2.389,0,29,0,39,27,35,0,33,37,46,28
3591,3594591,119819700,5.178,2.441,2.581,66,32,0,62,27,44,0,36,37,46,28
3592,3595592,119853067,12.099,5.714,7.270,76,35,0,76,30,52,0,76,47,51,60
3593,3596593,119886433,14.212,7.614,11.829,76,36,0,76,35,52,0,76,44,76,76
3594,3597594,119919800,14.106,7.176,11.308,76,36,0,76,37,51,0,76,45,70,76
3595,3598595,119953167,7.321,3.763,5.644,76,36,0,46,39,59,0,52,40,57,42
3596,3599596,119986533,4.764,3.966,5.905,38,40,0,54,45,56,0,52,46,57,51
3597,3600597,120019900,6.233,4.842,6.798,0,43,0,76,48,54,0,52,57,57,65
3598,3601598,120053267,9.176,7.958,11.298,0,47,0,76,48,54,0,76,60,70,70
3599,3602599,120086633,10.699,9.608,14.681,0,47,0,76,53,48,0,76,60,76,76
3600,3603600,120120000,9.960,9.069,12.820,0,50,0,76,57,41,0,76,48,76,73
3601,3604601,120153367,5.707,5.870,8.671,17,53,0,61,57,37,0,73,61,76,59
3602,3605602,120186733,5.761,5.966,8.632,20,61,0,74,58,37,0,73,61,76,58
3603,3606603,120220100,7.308,6.319,9.372,71,64,0,76,63,40,0,76,65,76,63
3604,3607604,120253467,8.669,6.440,9.596,76,64,0,76,67,43,0,76,68,76,63
3605,3608605,120286833,9.288,6.498,10.065,76,71,0,76,67,43,0,76,70,76,65
3606,3609606,120320200,9.458,6.623,10.304,76,76,0,76,67,51,0,76,71,76,67
3607,3610607,120353567,8.672,6.787,10.342,76,76,0,76,70,51,0,76,64,76,71
3608,3611608,120386933,7.607,6.959,10.479,42,76,0,76,72,51,0,76,64,76,75
3609,3612609,120420300,6.908,6.964,10.496,20,74,0,76,74,43,0,76,64,76,74
3610,3613610,120453667,7.507,7.125,10.456,22,76,0,76,76,40,0,76,64,76,73
3611,3614611,120487033,10.451,8.336,11.792,23,76,0,76,76,40,0,76,70,76,75
3612,3615612,120520400,9.426,7.884,11.799,24,76,0,76,76,40,0,76,72,76,76
3613,3616613,120553767,7.568,7.429,11.367,24,76,0,76,76,40,0,76,67,76,76
3614,3617614,120587133,7.479,7.476,11.537,24,76,0,76,75,42,0,76,68,76,75
3615,3618615,120620500,11.476,7.575,11.633,76,76,0,76,76,44,0,76,65,76,76
3616,3619616,120653867,14.478,8.843,13.827,76,76,0,76,76,43,0,76,72,76,76
3617,3620617,120687233,15.446,10.477,15.612,76,76,0,76,76,41,0,76,74,76,76
3618,3621618,120720600,13.866,8.296,13.136,76,76,0,76,76,40,0,76,76,76,76
3619,3622619,120753967,10.205,7.394,12.052,76,76,0,76,76,41,0,76,75,76,76
3620,3623620,120787333,8.360,7.534,12.148,41,76,0,76,76,42,0,76,75,76,76
3621,3624621,120820700,7.506,7.632,12.100,25,76,0,76,76,42,0,76,75,76,76
3622,3625622,120854067,9.436,7.749,12.289,25,76,0,76,76,42,0,76,75,76,76
3623,3626623,120887433,11.433,9.461,14.149,23,76,0,76,76,42,0,76,64,76,76
3624,3627624,120920800,10.422,8.101,12.746,21,76,0,76,75,41,0,76,71,76,75
3625,3628625,120954167,7.876,7.540,12.038,20,76,0,76,74,43,0,76,65,76,76
3626,3629626,120987533,7.597,7.710,12.141,20,76,0,76,76,45,0,76,75,76,76
3627,3630627,121020900,10.857,7.932,11.976,76,76,0,76,76,48,0,76,72,76,76
3628,3631628,121054267,12.758,8.088,11.988,76,76,0,76,76,48,0,76,69,76,76
3629,3632629,121087633,12.744,8.142,12.177,76,76,0,76,76,53,0,76,72,76,76
3630,3633630,121121000,12.811,8.110,12.171,76,76,0,76,76,56,0,76,74,76,76
3631,3634631,121154367,11.171,8.115,12.062,76,76,0,76,76,56,0,76,76,76,76
3632,3635632,121187733,9.336,8.140,12.010,31,76,0,76,76,56,0,76,71,76,76
3633,3636633,121221100,8.022,8.155,11.910,21,76,0,76,76,56,0,76,69,76,76
3634,3637634,121254467,8.892,8.168,12.024,0,76,0,76,76,46,0,76,72,76,76
3635,3638635,121287833,11.115,9.198,13.105,0,76,0,76,76,46,0,76,76,76,76
3636,3639636,121321200,9.033,7.830,11.972,0,76,0,76,76,46,0,76,70,76,76
3637,3640637,121354567,7.781,7.777,12.007,0,76,0,76,76,48,0,76,75,76,76
3638,3641638,121387933,7.925,7.829,12.212,18,76,0,76,76,59,0,76,75,76,76
3639,3642639,121421300,13.007,8.035,12.030,76,76,0,76,76,59,0,76,74,76,76
3640,3643640,121454667,16.687,8.996,13.476,76,76,0,76,76,59,0,76,75,76,76
3641,3644641,121488033,17.711,10.860,15.903,76,76,0,76,76,59,0,76,76,76,76
3642,3645642,121521400,15.832,8.417,13.005,76,76,0,76,76,45,0,76,76,76,76
3643,3646643,121554767,10.581,7.415,11.719,57,76,0,76,76,45,0,76,68,76,76
3644,3647644,121588133,7.776,7.541,11.706,24,76,0,76,76,43,0,76,68,76,76
3645,3648645,121621500,9.145,7.667,12.001,17,76,0,76,76,44,0,76,71,76,76
3646,3649646,121654867,11.307,9.150,13.932,17,76,0,76,76,44,0,76,71,76,76
3647,3650647,121688233,12.631,10.766,16.168,17,76,0,76,76,44,0,76,72,76,76
3648,3651648,121721600,10.551,8.593,12.980,17,76,0,76,76,44,0,76,76,76,75
3649,3652649,121754967,7.884,7.665,12.024,17,76,0,76,74,44,0,76,76,76,73
3650,3653650,121788333,7.844,7.925,11.809,18,76,0,76,74,45,0,76,76,76,76
3651,3654651,121821700,9.501,7.917,11.849,76,76,0,76,76,46,0,76,76,76,76
3652,3655652,121855067,10.745,8.056,11.903,76,76,0,76,76,47,0,76,76,76,76
3653,3656653,121888433,10.801,8.008,12.080,76,76,0,76,76,46,0,76,76,76,76
3654,3657654,121921800,10.234,8.066,12.153,76,76,0,76,76,45,0,76,76,76,76
3655,3658655,121955167,8.958,8.062,12.015,53,76,0,76,76,45,0,76,76,76,76
3656,3659656,121988533,7.878,8.070,12.010,24,76,0,76,74,44,0,76,76,76,76
3657,3660657,122021900,8.024,7.924,11.886,24,76,0,76,76,45,0,76,76,76,76
3658,3661658,122055267,9.733,8.149,11.632,24,76,0,76,76,45,0,76,76,76,76
3659,3662659,122088633,11.468,9.528,13.944,22,76,0,76,76,46,0,76,76,76,76
3660,3663660,122122000,11.334,9.082,13.744,18,76,0,76,76,46,0,76,75,76,76
3661,3664661,122155367,8.048,7.774,11.959,18,76,0,76,76,46,0,76,73,76,76
3662,3665662,122188733,7.837,8.008,11.873,19,76,0,76,73,45,0,76,74,76,74
3663,3666663,122222100,9.270,7.896,11.750,49,76,0,76,74,45,0,76,74,76,74
3664,3667664,122255467,14.383,8.759,12.715,76,76,0,76,73,45,0,76,73,76,76
3665,3668665,122288833,15.059,10.225,15.290,76,76,0,76,73,45,0,76,76,76,76
3666,3669666,122322200,12.175,7.958,12.215,76,76,0,76,71,45,0,76,76,76,76
3667,3670667,122355567,10.168,7.816,12.056,74,76,0,76,74,45,0,76,76,76,75
3668,3671668,122388933,8.374,7.806,12.093,27,76,0,76,72,45,0,76,76,76,76
3669,3672669,122422300,8.910,7.841,11.992,21,76,0,76,71,45,0,76,73,76,76
3670,3673670,122455667,11.236,9.347,13.801,21,76,0,76,72,43,0,76,74,76,76
3671,3674671,122489033,12.328,10.503,15.939,23,76,0,76,73,45,0,76,74,76,76
3672,3675672,122522400,10.591,8.496,13.092,22,76,0,76,74,45,0,76,73,76,76
3673,3676673,122555767,8.056,7.786,12.044,21,76,0,76,74,45,0,76,76,76,75
3674,3677674,122589133,7.869,7.775,12.300,21,76,0,76,72,43,0,76,76,76,76
3675,3678675,122622500,11.576,7.754,12.465,76,76,0,76,70,41,0,76,76,76,76
3676,3679676,122655867,12.812,7.747,12.358,76,76,0,76,68,42,0,76,76,76,76
3677,3680677,122689233,12.787,7.850,12.207,76,76,0,76,69,43,0,76,76,76,76
3678,3681678,122722600,12.651,7.839,12.243,76,76,0,76,69,46,0,76,76,76,76
3679,3682679,122755967,10.573,7.783,12.173,59,76,0,76,71,43,0,76,76,76,76
3680,3683680,122789333,8.295,7.785,12.192,23,76,0,76,69,42,0,76,76,76,76
3681,3684681,122822700,7.943,8.047,12.212,18,76,0,76,70,43,0,76,76,76,76
3682,3685682,122856067,8.912,8.125,12.042,19,76,0,76,70,43,0,76,71,76,76
3683,3686683,122889433,11.035,8.944,13.148,20,76,0,76,70,45,0,76,69,76,76
3684,3687684,122922800,10.784,8.486,13.052,20,76,0,76,71,45,0,76,69,76,76
3685,3688685,122956167,8.282,7.634,12.158,18,76,0,76,73,43,0,76,76,76,74
3686,3689686,122989533,7.778,7.552,12.004,20,76,0,76,71,45,0,76,76,76,73
3687,3690687,123022900,11.880,7.474,11.829,76,76,0,76,67,46,0,76,74,76,73
3688,3691688,123056267,16.440,8.855,13.411,76,76,0,76,71,46,0,76,76,74,76
3689,3692689,123089633,17.701,10.301,15.480,76,76,0,76,69,46,0,76,76,76,76
3690,3693690,123123000,13.738,7.684,12.480,76,76,0,76,67,46,0,76,76,76,76
3691,3694691,123156367,10.271,7.438,12.124,56,76,0,76,69,46,0,76,76,76,73
3692,3695692,123189733,7.551,7.363,12.165,20,76,0,76,67,45,0,76,76,76,76
3693,3696693,123223100,8.039,7.374,12.095,23,76,0,76,68,48,0,76,73,76,73
3694,3697694,123256467,11.019,8.469,13.063,26,76,0,76,70,48,0,76,76,76,76
3695,3698695,123289833,11.982,9.844,14.978,25,76,0,76,68,49,0,76,76,76,76
3696,3699696,123323200,8.708,7.693,12.316,24,76,0,76,67,50,0,76,76,76,76
3697,3700697,123356567,7.762,7.656,12.277,24,76,0,76,69,51,0,76,76,76,75
3698,3701698,123389933,7.681,7.734,12.252,21,76,0,76,70,56,0,76,76,76,75
3699,3702699,123423300,7.642,7.859,12.137,20,76,0,76,72,56,0,76,70,76,76
3700,3703700,123456667,10.103,7.944,12.264,76,76,0,76,74,56,0,76,74,76,76
3701,3704701,123490033,10.563,7.873,12.179,76,76,0,76,71,48,0,76,76,76,76
3702,3705702,123523400,10.092,8.074,12.258,76,76,0,76,71,54,0,76,76,76,76
3703,3706703,123556767,8.648,8.011,12.152,48,76,0,76,71,54,0,76,76,76,76
3704,3707704,123590133,7.706,7.978,12.088,22,76,0,76,70,53,0,76,76,76,76
3705,3708705,123623500,7.974,7.934,12.067,20,76,0,76,70,53,0,76,72,76,76
3706,3709706,123656867,9.942,8.273,11.938,21,76,0,76,70,53,0,76,66,76,76
3707,3710707,123690233,11.654,9.619,13.725,21,76,0,76,70,53,0,76,63,76,76
3708,3711708,123723600,9.793,8.049,12.595,23,76,0,76,71,42,0,76,73,76,75
3709,3712709,123756967,7.787,7.613,11.991,21,76,0,76,71,41,0,76,76,76,76
3710,3713710,123790333,7.668,7.562,12.008,23,76,0,76,71,43,0,76,76,76,76
3711,3714711,123823700,12.366,7.838,12.009,76,76,0,76,71,45,0,76,76,76,76
3712,3715712,123857067,14.711,9.201,14.153,76,76,0,76,72,46,0,76,75,76,76
3713,3716713,123890433,15.673,10.646,16.392,76,76,0,76,72,44,0,76,76,76,76
3714,3717714,123923800,11.997,7.884,12.285,76,76,0,76,72,43,0,76,74,76,71
3715,3718715,123957167,9.716,7.620,12.120,68,76,0,76,72,42,0,76,72,76,72
3716,3719716,123990533,7.959,7.654,12.126,27,76,0,76,72,42,0,76,72,76,72
3717,3720717,124023900,7.968,7.614,11.985,20,76,0,76,72,45,0,76,72,76,72
3718,3721718,124057267,10.808,8.435,12.729,23,76,0,76,72,46,0,76,69,76,76
3719,3722719,124090633,12.139,10.289,15.428,25,76,0,76,72,48,0,76,70,76,76
3720,3723720,124124000,11.144,9.116,13.845,25,76,0,76,72,57,0,76,64,75,76
3721,3724721,124157367,7.870,8.099,11.864,22,76,0,76,70,61,0,76,67,76,76
3722,3725722,124190733,7.670,8.021,11.976,18,76,0,76,68,65,0,76,73,76,76
3723,3726723,124224100,10.626,8.154,12.133,76,76,0,76,69,63,0,76,76,76,76
3724,3727724,124257467,12.305,8.212,12.327,76,76,0,76,70,62,0,76,76,76,76
3725,3728725,124290833,12.528,8.289,12.488,76,76,0,76,71,61,0,76,76,76,76
3726,3729726,124324200,12.635,8.184,12.397,76,76,0,76,68,49,0,76,76,76,76
3727,3730727,124357567,10.286,8.047,12.301,56,76,0,76,71,46,0,76,76,76,76
3728,3731728,124390933,8.031,8.150,12.279,21,76,0,76,71,49,0,76,76,76,76
3729,3732729,124424300,7.587,8.023,12.041,22,76,0,76,71,47,0,76,76,76,76
3730,3733730,124457667,8.456,7.914,11.944,23,76,0,76,71,48,0,76,76,76,76
3731,3734731,124491033,10.582,9.085,12.782,22,76,0,76,71,46,0,76,76,76,76
3732,3735732,124524400,9.154,8.219,12.403,20,76,0,76,71,49,0,76,76,76,76
3733,3736733,124557767,7.902,7.931,12.269,20,76,0,76,71,49,0,76,76,76,76
3734,3737734,124591133,7.788,7.602,12.264,20,76,0,76,72,49,0,76,76,76,76
3735,3738735,124624500,12.596,7.720,11.903,76,76,0,76,73,48,0,76,76,76,76
3736,3739736,124657867,16.630,9.312,13.369,76,76,0,76,75,48,0,76,76,76,76
3737,3740737,124691233,17.532,10.821,15.631,76,76,0,76,73,41,0,76,76,76,76
3738,3741738,124724600,13.528,7.863,12.059,76,76,0,76,72,41,0,76,76,76,76
3739,3742739,124757967,9.969,7.886,11.832,60,76,0,76,71,42,0,76,76,76,76
3740,3743740,124791333,7.940,7.923,11.888,19,76,0,76,71,41,0,76,76,76,76
3741,3744741,124824700,8.924,8.028,11.986,20,76,0,76,71,42,0,76,71,76,72
3742,3745742,124858067,11.281,9.606,14.103,24,76,0,76,71,48,0,76,72,76,76
3743,3746743,124891433,12.357,11.064,16.360,24,76,0,76,72,43,0,76,72,76,76
3744,3747744,124924800,11.094,9.003,14.232,24,76,0,76,68,47,0,76,74,75,76
3745,3748745,124958167,7.788,7.736,12.086,24,76,0,76,69,55,0,76,76,76,76
3746,3749746,124991533,7.608,7.606,12.114,24,76,0,76,70,55,0,76,76,76,76
3747,3750747,125024900,9.527,7.819,12.068,76,76,0,76,70,53,0,76,76,76,76
3748,3751748,125058267,10.451,7.864,12.072,76,76,0,76,71,52,0,76,76,76,76
3749,3752749,125091633,10.586,7.967,12.160,76,76,0,76,71,58,0,76,76,76,76
3750,3753750,125125000,10.032,7.961,12.168,76,76,0,76,71,58,0,76,76,76,76
3751,3754751,125158367,8.638,8.150,12.339,54,76,0,76,71,58,0,76,76,76,76
3752,3755752,125191733,7.977,8.173,12.308,23,76,0,76,73,58,0,76,76,76,76
3753,3756753,125225100,7.845,7.975,12.239,21,76,0,76,71,49,0,76,76,76,76
3754,3757754,125258467,7.824,7.980,12.294,20,76,0,76,70,45,0,76,76,76,76
3755,3758755,125291833,7.841,7.949,12.296,19,76,0,76,69,45,0,76,72,76,76
3756,3759756,125325200,7.781,8.052,12.259,19,76,0,76,69,45,0,76,75,76,76
3757,3760757,125358567,7.879,7.961,12.425,19,76,0,76,70,45,0,76,73,76,76
3758,3761758,125391933,7.786,7.999,12.580,19,76,0,76,71,45,0,76,76,76,76
3759,3762759,125425300,10.956,8.008,12.593,76,76,0,76,71,46,0,76,76,76,76
3760,3763760,125458667,10.880,7.941,12.583,76,76,0,76,71,45,0,76,73,76,76
3761,3764761,125492033,11.046,8.063,12.623,76,76,0,76,71,48,0,76,76,76,76
3762,3765762,125525400,10.975,8.042,12.548,76,76,0,76,71,48,0,76,76,76,76
3763,3766763,125558767,9.944,8.026,12.466,76,76,0,76,71,46,0,76,76,76,76
3764,3767764,125592133,8.599,7.986,12.443,48,76,0,76,71,48,0,76,76,76,76
3765,3768765,125625500,18.232,8.586,15.863,76,76,0,76,67,68,0,76,76,76,59
3766,3769766,125658867,41.475,49.301,53.735,76,76,0,76,76,76,22,76,76,76,76
3767,3770767,125692233,45.261,58.655,61.782,76,76,23,76,76,76,43,76,76,76,76
3768,3771768,125725600,47.040,60.801,63.916,76,76,24,76,76,76,49,76,76,76,76
3769,3772769,125758967,47.240,61.144,64.370,76,76,24,76,76,76,49,76,76,76,76
3770,3773770,125792333,47.194,61.134,64.353,76,76,26,76,76,76,49,76,76,76,76
3771,3774771,125825700,40.712,50.365,53.284,76,76,0,76,76,76,24,76,76,76,76
3772,3775772,125859067,18.330,18.888,22.197,76,76,0,61,76,76,0,56,76,66,60
3773,3776773,125892433,3.347,2.848,3.985,35,51,0,0,60,29,0,0,58,0,0
3774,3777774,125925800,0.045,0.096,0.000,0,18,0,0,18,23,0,0,0,0,0
3775,3778775,125959167,0.000,0.060,0.000,0,0,0,0,0,23,0,0,0,0,0
3776,3779776,125992533,0.000,0.060,0.000,0,0,0,0,0,23,0,0,0,0,0
3777,3780777,126025900,0.000,0.060,0.000,0,0,0,0,0,23,0,0,0,0,0
3778,3781778,126059267,0.000,0.141,0.000,0,0,0,0,18,27,0,0,0,0,0
3779,3782779,126092633,0.000,0.152,0.000,0,0,0,0,18,31,0,0,0,0,0
3780,3783780,126126000,0.000,0.157,0.000,0,0,0,0,19,31,0,0,0,0,0
3781,3784781,126159367,0.000,0.157,0.000,0,0,0,0,19,31,0,0,0,0,0
3782,3785782,126192733,0.000,0.165,0.000,0,0,0,0,18,36,0,0,0,0,0
3783,3786783,126226100,0.000,0.161,3.140,0,0,0,0,18,34,0,0,76,0,0
3784,3787784,126259467,0.000,1.417,9.887,0,0,0,0,18,36,0,31,76,0,0
3785,3788785,126292833,0.000,2.321,11.352,0,0,0,0,18,36,0,44,76,0,0
3786,3789786,126326200,0.000,2.392,11.367,0,0,0,0,18,31,0,46,76,0,0
3787,3790787,126359567,0.000,2.392,11.359,0,0,0,0,18,31,0,46,76,0,0
3788,3791788,126392933,0.000,2.391,11.350,0,0,0,0,18,31,0,46,76,0,0
3789,3792789,126426300,0.000,0.556,9.163,0,0,0,0,18,31,0,19,76,0,0
3790,3793790,126459667,0.000,0.148,8.602,0,0,0,0,18,31,0,0,76,0,0
3791,3794791,126493033,0.000,0.149,7.145,0,0,0,0,19,31,0,0,76,0,0
3792,3795792,126526400,0.000,0.200,7.043,0,0,0,0,20,31,0,17,76,0,0
3793,3796793,126559767,0.000,0.204,7.043,0,0,0,0,21,31,0,17,76,0,0
3794,3797794,126593133,0.000,0.235,6.756,0,0,0,0,19,31,0,17,76,0,0
3795,3798795,126626500,0.000,0.148,10.006,0,0,0,0,18,31,0,0,76,0,0
3796,3799796,126659867,0.000,0.856,9.614,0,0,0,0,18,31,0,33,76,32,0
3797,3800797,126693233,0.000,1.138,9.911,0,0,0,0,18,37,0,39,76,37,0
3798,3801798,126726600,0.000,1.170,10.117,0,0,0,0,18,36,0,39,76,37,0
3799,3802799,126759967,0.000,1.189,10.003,0,0,0,0,18,37,0,39,76,38,0
3800,3803800,126793333,0.000,1.192,10.094,0,0,0,0,18,36,0,39,76,38,0
3801,3804801,126826700,0.000,0.129,8.808,0,0,0,0,18,36,0,0,76,0,0
3802,3805802,126860067,0.000,0.111,8.377,0,0,0,0,18,30,0,0,76,21,0
3803,3806803,126893433,0.000,0.137,7.379,0,0,0,0,17,28,0,17,76,22,0
3804,3807804,126926800,0.000,0.137,6.952,0,0,0,0,17,28,0,17,76,22,0
3805,3808805,126960167,0.000,0.171,6.865,0,0,0,0,17,28,0,17,76,22,0
3806,3809806,126993533,0.000,0.167,6.865,0,0,0,0,17,27,0,17,76,22,0
3807,3810807,127026900,0.000,0.104,4.392,0,0,0,0,17,28,0,0,76,0,0
3808,3811808,127060267,0.000,0.126,5.768,0,0,0,0,17,36,0,0,76,0,0
3809,3812809,127093633,0.000,0.126,6.944,0,0,0,0,17,36,0,0,76,0,0
3810,3813810,127127000,0.000,0.126,7.227,0,0,0,0,17,36,0,0,76,0,0
3811,3814811,127160367,0.000,0.126,7.270,0,0,0,0,17,36,0,0,76,0,0
3812,3815812,127193733,0.000,0.126,7.267,0,0,0,0,17,36,0,0,76,0,0
3813,3816813,127227100,11.752,5.962,19.571,76,76,0,76,28,76,33,76,76,28,0
3814,3817814,127260467,54.956,63.196,54.483,76,76,76,76,76,76,76,76,76,76,76
3815,3818815,127293833,61.060,70.849,62.073,76,76,76,76,76,76,76,76,76,76,76
3816,3819816,127327200,63.045,72.690,63.797,76,76,76,76,76,76,76,76,76,76,76
3817,3820817,127360567,63.142,72.902,64.100,76,76,76,76,76,76,76,76,76,76,76
3818,3821818,127393933,63.116,72.915,64.173,76,76,76,76,76,76,76,76,76,76,76
3819,3822819,127427300,56.830,61.712,51.800,76,76,76,76,76,76,76,76,76,76,76
3820,3823820,127460667,18.349,20.136,19.896,74,76,48,55,76,76,35,59,76,54,49
3821,3824821,127494033,2.768,2.470,3.235,32,49,0,0,49,29,0,0,44,0,0
3822,3825822,127527400,0.000,0.052,0.000,0,0,0,0,0,21,0,0,0,0,0
3823,3826823,127560767,0.000,0.056,0.000,0,0,0,0,0,22,0,0,0,0,0
3824,3827824,127594133,0.000,0.104,0.000,0,0,0,0,18,29,0,0,0,0,0
3825,3828825,127627500,0.000,0.111,0.000,0,0,0,0,20,29,0,0,0,0,0
3826,3829826,127660867,0.000,0.111,0.000,0,0,0,0,20,29,0,0,0,0,0
3827,3830827,127694233,0.000,0.111,0.000,0,0,0,0,20,29,0,0,0,0,0
3828,3831828,127727600,0.000,0.108,0.000,0,0,0,0,20,28,0,0,0,0,0
3829,3832829,127760967,0.000,0.113,0.000,0,0,0,0,20,30,0,0,0,0,0
3830,3833830,127794333,0.000,0.120,0.000,0,0,0,0,20,32,0,0,0,0,0
3831,3834831,127827700,0.000,0.799,0.000,0,0,0,0,76,32,0,0,0,0,0
3832,3835832,127861067,0.000,1.655,0.000,0,0,0,0,76,24,0,0,0,0,0
3833,3836833,127894433,0.000,1.801,0.000,0,0,0,0,76,22,0,0,0,0,0
3834,3837834,127927800,0.000,1.728,0.000,0,0,0,0,76,0,0,0,0,0,0
3835,3838835,127961167,0.000,1.719,0.000,0,0,0,0,76,0,0,0,0,0,0
3836,3839836,127994533,0.000,1.719,0.000,0,0,0,0,76,0,0,0,0,0,0
3837,3840837,128027900,0.000,1.952,0.000,0,0,0,0,76,0,0,0,0,0,0
3838,3841838,128061267,0.000,4.184,0.000,0,0,0,0,76,0,0,0,0,0,0
3839,3842839,128094633,0.214,4.995,0.000,0,25,0,0,76,0,0,0,0,0,0
3840,3843840,128128000,0.214,5.132,0.000,0,25,0,0,76,0,0,0,0,0,0
3841,3844841,128161367,0.214,5.123,0.000,0,25,0,0,76,0,0,0,0,0,0
3842,3845842,128194733,0.214,5.117,0.000,0,25,0,0,76,0,0,0,0,0,0
3843,3846843,128228100,0.407,3.778,0.000,0,49,0,0,76,18,0,0,0,0,0
3844,3847844,128261467,2.721,8.720,0.000,0,76,0,0,76,25,0,0,0,0,0
3845,3848845,128294833,3.634,9.735,0.000,17,76,0,0,76,26,0,0,0,0,0
3846,3849846,128328200,3.885,9.946,0.000,17,76,0,0,76,27,0,0,0,0,0
3847,3850847,128361567,3.896,9.946,0.000,17,76,0,0,76,27,0,0,0,0,0
3848,3851848,128394933,3.887,9.930,0.000,17,76,0,0,76,28,0,0,0,0,0
3849,3852849,128428300,3.007,7.179,0.000,0,76,0,0,76,27,0,0,0,0,0
3850,3853850,128461667,9.547,10.212,0.000,0,76,0,0,76,26,0,0,0,0,0
3851,3854851,128495033,11.250,11.561,0.000,0,76,0,0,76,25,0,0,0,0,0
3852,3855852,128528400,11.403,11.822,0.000,0,76,0,0,76,30,0,0,0,0,0
3853,3856853,128561767,11.396,11.865,0.000,0,76,0,0,76,34,0,0,0,0,0
3854,3857854,128595133,11.420,11.914,0.000,0,76,0,0,76,34,0,0,0,0,0
3855,3858855,128628500,10.968,10.616,0.000,0,76,0,0,76,34,0,0,0,0,0
3856,3859856,128661867,11.600,13.736,0.000,0,76,0,0,76,34,0,0,0,0,0
3857,3860857,128695233,12.414,14.281,0.000,0,76,0,0,76,25,0,0,0,0,0
3858,3861858,128728600,12.496,14.270,0.000,0,76,0,0,76,25,0,0,0,0,0
3859,3862859,128761967,12.538,14.296,0.000,0,76,0,0,76,25,0,0,0,0,0
3860,3863860,128795333,12.542,14.294,0.000,0,76,0,0,76,25,0,0,0,0,0
3861,3864861,128828700,20.270,18.034,1.176,60,76,0,76,76,60,17,76,68,18,0
3862,3865862,128862067,56.056,62.694,49.093,76,76,76,76,76,76,76,76,76,76,76
3863,3866863,128895433,61.070,70.515,60.740,76,76,76,76,76,76,76,76,76,76,76
3864,3867864,128928800,63.027,72.587,63.480,76,76,76,76,76,76,76,76,76,76,76
3865,3868865,128962167,63.135,72.854,64.151,76,76,76,76,76,76,76,76,76,76,76
3866,3869866,128995533,63.135,72.813,64.241,76,76,76,76,76,76,76,76,76,76,76
3867,3870867,129028900,58.040,62.505,50.856,76,76,76,76,76,76,76,76,76,76,76
3868,3871868,129062267,19.053,21.484,18.634,74,76,47,44,76,76,32,38,76,54,42
3869,3872869,129095633,1.768,3.938,2.576,23,52,0,0,72,44,0,0,47,0,0
3870,3873870,129129000,0.190,0.104,0.000,0,23,0,0,17,24,0,0,0,0,0
3871,3874871,129162367,0.000,0.127,0.000,0,0,0,0,17,32,0,0,0,0,0
3872,3875872,129195733,0.000,0.152,0.000,0,0,0,0,18,29,0,0,0,0,0
3873,3876873,129229100,0.000,0.147,0.000,0,0,0,0,19,25,0,0,0,0,0
3874,3877874,129262467,0.000,0.152,0.000,0,0,0,0,19,28,0,0,0,0,0
3875,3878875,129295833,0.000,0.112,0.000,0,0,0,0,19,28,0,0,0,0,0
3876,3879876,129329200,0.000,0.112,0.000,0,0,0,0,19,28,0,0,0,0,0
3877,3880877,129362567,0.000,0.112,0.000,0,0,0,0,19,28,0,0,0,0,0
3878,3881878,129395933,0.000,0.107,0.000,0,0,0,0,18,28,0,0,0,0,0
3879,3882879,129429300,0.000,0.109,0.000,0,0,0,0,18,28,0,0,0,0,0
3880,3883880,129462667,0.000,0.107,0.000,0,0,0,0,18,28,0,0,0,0,0
3881,3884881,129496033,0.000,0.185,0.000,0,0,0,0,18,29,0,0,0,0,0
3882,3885882,129529400,0.050,0.194,0.223,17,0,0,0,20,29,0,0,30,0,0
3883,3886883,129562767,17.484,16.541,18.050,76,76,18,0,76,67,60,0,76,0,0
3884,3887884,129596133,4.825,1.682,5.021,45,30,0,0,33,27,20,0,55,0,0
3885,3888885,129629500,36.254,46.868,31.170,76,76,71,0,76,76,76,21,76,24,17
3886,3889886,129662867,49.936,62.917,43.650,76,76,76,0,76,76,76,48,76,53,38
3887,3890887,129696233,51.656,65.078,46.676,76,76,76,17,76,76,76,54,76,56,45
3888,3891888,129729600,44.986,55.879,36.455,76,76,76,0,76,76,76,32,76,34,24
3889,3892889,129762967,14.755,18.715,16.605,61,76,40,0,76,76,39,0,76,0,0
3890,3893890,129796333,2.058,3.688,4.178,26,56,0,0,57,38,0,0,54,0,0
3891,3894891,129829700,0.181,0.209,0.000,0,24,0,0,19,25,0,0,0,0,0
3892,3895892,129863067,0.000,0.064,0.000,0,0,0,0,0,25,0,0,0,0,0
3893,3896893,129896433,0.000,0.145,0.000,0,0,0,0,19,25,0,0,0,0,0
3894,3897894,129929800,0.000,0.144,0.000,0,0,0,0,19,25,0,0,0,0,0
3895,3898895,129963167,0.000,0.149,0.000,0,0,0,0,19,27,0,0,0,0,0
3896,3899896,129996533,0.000,0.148,0.000,0,0,0,0,19,27,0,0,0,0,0
3897,3900897,130029900,0.000,0.153,0.000,0,0,0,0,21,27,0,0,0,0,0
3898,3901898,130063267,0.000,0.190,0.000,0,0,0,0,22,27,0,0,0,0,0
3899,3902899,130096633,0.000,0.196,0.000,0,0,0,0,24,27,0,0,0,0,0
3900,3903900,130130000,0.000,0.199,0.000,0,0,0,0,24,28,0,0,0,0,0
3901,3904901,130163367,0.000,0.205,0.000,0,0,0,0,24,31,0,0,0,0,0
3902,3905902,130196733,0.000,0.210,0.000,0,0,0,0,24,32,0,0,0,0,0
3903,3906903,130230100,0.304,0.295,0.322,21,0,0,0,24,32,0,0,41,0,0
3904,3907904,130263467,42.029,53.681,35.139,76,76,76,0,76,76,76,26,76,28,23
3905,3908905,130296833,50.646,63.459,43.977,76,76,76,0,76,76,76,48,76,50,39
3906,3909906,130330200,41.799,46.552,29.424,76,76,76,0,76,76,76,21,76,22,17
3907,3910907,130363567,12.352,13.015,11.458,72,76,40,0,76,74,28,0,76,0,0
3908,3911908,130396933,2.712,2.278,3.565,35,46,0,0,53,30,0,0,43,0,0
3909,3912909,130430300,43.384,53.733,35.566,76,76,76,0,76,76,76,29,76,31,24
3910,3913910,130463667,51.108,63.848,44.627,76,76,76,0,76,76,76,50,76,55,40
3911,3914911,130497033,52.032,64.903,46.734,76,76,76,17,76,76,76,54,76,57,45
3912,3915912,130530400,48.360,55.087,35.635,76,76,76,0,76,76,76,30,76,30,24
3913,3916913,130563767,17.640,18.145,15.953,76,76,55,0,76,76,39,0,76,0,0
3914,3917914,130597133,4.382,3.503,3.485,38,57,0,0,63,41,0,0,43,0,0
3915,3918915,130630500,0.166,0.162,0.000,0,22,0,0,18,42,0,0,0,0,0
3916,3919916,130663867,0.000,0.104,0.000,0,0,0,0,0,39,0,0,0,0,0
3917,3920917,130697233,0.000,0.204,0.000,0,0,0,0,18,35,0,0,0,0,0
3918,3921918,130730600,0.000,0.207,0.000,0,0,0,0,18,35,0,0,0,0,0
3919,3922919,130763967,0.000,0.207,0.000,0,0,0,0,18,35,0,0,0,0,0
3920,3923920,130797333,0.000,0.207,0.000,0,0,0,0,18,35,0,0,0,0,0
3921,3924921,130830700,0.000,0.207,0.000,0,0,0,0,18,35,0,0,0,0,0
3922,3925922,130864067,0.000,0.207,0.000,0,0,0,0,18,35,0,0,0,0,0
3923,3926923,130897433,0.000,0.207,0.000,0,0,0,0,18,35,0,0,0,0,0
3924,3927924,130930800,24.905,30.017,25.037,76,76,40,0,76,76,76,0,76,0,0
3925,3928925,130964167,49.070,61.378,41.704,76,76,76,0,76,76,76,43,76,44,35
3926,3929926,130997533,51.625,64.992,45.975,76,76,76,0,76,76,76,52,76,56,44
3927,3930927,131030900,47.320,55.029,35.798,76,76,76,0,76,76,76,29,76,33,25
3928,3931928,131064267,16.824,18.626,15.708,73,76,52,0,76,76,38,0,76,0,0
3929,3932929,131097633,2.777,3.338,3.067,31,53,0,0,69,40,0,0,45,0,0
3930,3933930,131131000,0.098,0.184,0.000,0,18,0,0,18,26,0,0,0,0,0
3931,3934931,131164367,0.000,0.182,0.000,0,0,0,0,18,26,0,0,0,0,0
3932,3935932,131197733,0.000,0.182,0.000,0,0,0,0,18,26,0,0,0,0,0
3933,3936933,131231100,39.749,49.855,33.120,76,76,76,0,76,76,76,27,76,26,20
3934,3937934,131264467,50.547,63.299,43.844,76,76,76,0,76,76,76,49,76,51,41
3935,3938935,131297833,51.686,65.089,46.437,76,76,76,0,76,76,76,53,76,56,44
3936,3939936,131331200,44.131,49.818,31.108,76,76,76,0,76,76,76,23,76,24,23
3937,3940937,131364567,14.387,17.288,11.474,64,76,43,0,76,76,29,0,76,0,0
3938,3941938,131397933,1.856,3.225,2.049,28,50,0,0,63,40,0,0,33,0,0
3939,3942939,131431300,0.156,0.246,0.000,0,18,0,0,18,25,0,0,0,0,0
3940,3943940,131464667,0.000,0.270,0.000,0,0,0,0,22,25,0,0,0,0,0
3941,3944941,131498033,0.000,0.314,0.000,0,0,0,0,24,25,0,0,0,0,0
3942,3945942,131531400,38.765,48.645,31.596,76,76,76,0,76,76,76,23,76,24,18
3943,3946943,131564767,50.605,63.185,43.944,76,76,76,0,76,76,76,49,76,50,39
3944,3947944,131598133,52.353,64.824,46.560,76,76,76,0,76,76,76,54,76,54,44
3945,3948945,131631500,36.594,44.457,28.957,76,76,76,0,76,76,76,21,76,23,0
3946,3949946,131664867,10.016,12.368,11.360,49,76,24,0,76,76,28,0,76,0,0
3947,3950947,131698233,0.613,1.974,1.932,21,41,0,0,50,25,0,0,36,0,0
3948,3951948,131731600,5.898,0.188,0.000,0,76,0,0,23,22,0,0,0,0,0
3949,3952949,131764967,7.143,0.128,0.000,0,76,0,0,23,0,0,0,0,0,0
3950,3953950,131798333,7.239,0.128,0.000,0,76,0,0,23,0,0,0,0,0,0
3951,3954951,131831700,37.624,44.979,30.635,76,76,75,0,76,76,76,19,76,21,0
3952,3955952,131865067,50.068,62.562,43.009,76,76,76,0,76,76,76,47,76,50,38
3953,3956953,131898433,51.584,64.985,46.307,76,76,76,0,76,76,76,53,76,57,43
3954,3957954,131931800,42.039,45.695,28.951,76,76,76,0,76,76,76,19,76,21,0
3955,3958955,131965167,11.601,12.250,11.114,56,76,40,0,76,76,27,0,76,0,0
3956,3959956,131998533,1.234,1.886,1.601,25,38,0,0,45,25,0,0,24,0,0
3957,3960957,132031900,0.000,0.072,0.000,0,0,0,0,18,0,0,0,0,0,0
3958,3961958,132065267,0.000,0.073,0.000,0,0,0,0,19,0,0,0,0,0,0
3959,3962959,132098633,0.000,0.073,0.000,0,0,0,0,19,0,0,0,0,0,0
3960,3963960,132132000,47.725,19.386,14.492,76,76,76,76,76,76,0,76,76,59,48
3961,3964961,132165367,55.445,30.718,38.547,76,76,76,76,76,76,20,76,76,76,76
3962,3965962,132198733,57.000,32.521,45.395,76,76,76,76,76,76,26,76,76,76,76
3963,3966963,132232100,57.382,33.078,47.548,76,76,76,76,76,76,27,76,76,76,76
3964,3967964,132265467,57.315,33.381,47.949,76,76,76,76,76,76,29,76,76,76,76
3965,3968965,132298833,57.446,33.356,48.013,76,76,76,76,76,76,29,76,76,76,76
3966,3969966,132332200,44.298,25.056,37.000,76,76,76,76,76,76,0,76,76,76,76
3967,3970967,132365567,17.797,22.091,20.011,65,76,30,47,76,76,21,55,76,50,38
3968,3971968,132398933,9.682,20.599,16.469,31,76,0,0,76,76,22,41,76,41,30
3969,3972969,132432300,3.623,24.235,12.795,20,76,0,0,76,76,0,20,76,17,0
3970,3973970,132465667,1.675,31.194,13.044,19,50,0,0,76,76,21,27,76,27,23
3971,3974971,132499033,1.538,32.791,12.410,19,51,0,0,76,76,23,27,76,30,24
3972,3975972,132532400,13.141,39.179,27.034,76,26,0,76,76,76,69,76,76,76,76
3973,3976973,132565767,19.480,52.280,43.066,76,71,17,76,76,76,76,76,76,76,76
3974,3977974,132599133,21.793,51.305,48.247,76,62,21,76,76,76,76,76,76,76,76
3975,3978975,132632500,22.214,51.637,48.966,76,63,21,76,76,76,76,76,76,76,76
3976,3979976,132665867,22.286,51.638,49.044,76,65,21,76,76,76,76,76,76,76,76
3977,3980977,132699233,21.599,51.126,47.782,76,65,21,76,76,76,76,76,76,76,76
3978,3981978,132732600,12.787,39.729,30.632,76,27,0,76,76,76,76,76,76,76,76
3979,3982979,132765967,5.133,27.871,16.088,52,45,0,38,76,76,25,35,76,41,31
3980,3983980,132799333,1.957,24.548,13.022,24,50,0,0,76,76,23,33,76,33,26
3981,3984981,132832700,4.797,22.920,13.856,20,76,0,0,76,76,0,19,76,19,0
3982,3985982,132866067,7.823,24.515,14.569,26,76,0,0,76,76,18,34,76,33,19
3983,3986983,132899433,8.522,23.679,15.691,26,76,0,57,76,76,18,40,76,35,21
3984,3987984,132932800,44.136,30.372,40.656,76,76,76,76,76,76,17,76,76,76,76
3985,3988985,132966167,55.160,32.950,45.742,76,76,76,76,76,76,24,76,76,76,76
3986,3989986,132999533,56.856,33.354,47.817,76,76,76,76,76,76,28,76,76,76,76
3987,3990987,133032900,57.252,33.660,48.205,76,76,76,76,76,76,28,76,76,76,76
3988,3991988,133066267,57.419,33.656,48.270,76,76,76,76,76,76,28,76,76,76,76
3989,3992989,133099633,57.405,33.582,48.224,76,76,76,76,76,76,28,76,76,76,76
3990,3993990,133133000,42.620,25.152,37.518,76,76,76,76,76,76,0,76,76,76,76
3991,3994991,133166367,17.209,21.897,20.042,60,76,27,40,76,76,20,56,76,50,39
3992,3995992,133199733,9.420,19.666,16.262,29,76,0,0,76,76,20,37,76,36,36
3993,3996993,133233100,3.497,25.309,14.096,0,76,0,0,76,76,0,21,76,23,0
3994,3997994,133266467,1.828,31.529,13.461,22,52,0,0,76,76,21,28,76,29,36
3995,3998995,133299833,1.730,32.834,12.422,24,50,0,0,76,76,24,29,76,31,31
3996,3999996,133333200,13.850,40.949,28.529,76,25,0,76,76,76,76,76,76,76,76
3997,4000997,133366567,20.039,52.120,42.872,76,63,20,76,76,76,76,76,76,76,76
3998,4001998,133399933,21.901,51.694,48.093,76,63,24,76,76,76,76,76,76,76,76
3999,4002999,133433300,22.524,51.641,48.873,76,64,24,76,76,76,76,76,76,76,76
4000,4004000,133466667,22.782,51.690,48.906,76,64,24,76,76,76,76,76,76,76,76
4001,4005001,133500033,22.744,51.596,48.906,76,63,24,76,76,76,76,76,76,76,76
4002,4006002,133533400,15.592,46.497,38.360,76,0,0,76,76,76,76,76,76,76,76
4003,4007003,133566767,7.861,30.681,20.024,73,42,0,55,76,76,39,48,76,61,51
4004,4008004,133600133,2.733,25.027,13.352,27,51,0,0,76,76,30,30,76,31,24
4005,4009005,133633500,4.896,24.528,13.679,17,76,0,0,76,76,0,18,76,17,0
4006,4010006,133666867,7.698,24.520,14.371,27,76,0,0,76,76,18,34,76,33,17
4007,4011007,133700233,7.844,23.444,13.790,27,76,0,25,76,76,18,35,76,33,18
4008,4012008,133733600,43.645,31.815,38.572,76,76,76,76,76,76,0,76,76,76,76
4009,4013009,133766967,54.972,32.934,45.279,76,76,76,76,76,76,24,76,76,76,76
4010,4014010,133800333,56.823,33.415,47.440,76,76,76,76,76,76,27,76,76,76,76
4011,4015011,133833700,56.763,33.626,48.041,76,76,76,76,76,76,28,76,76,76,76
4012,4016012,133867067,56.817,33.428,48.095,76,76,76,76,76,76,28,76,76,76,76
4013,4017013,133900433,56.750,32.893,45.942,76,76,76,76,76,76,28,76,76,76,76
4014,4018014,133933800,39.734,25.171,31.854,76,76,76,76,76,76,0,76,76,76,76
4015,4019015,133967167,15.204,21.915,18.392,61,76,29,33,76,76,22,50,76,44,32
4016,4020016,134000533,7.998,19.408,14.168,27,76,0,0,76,76,22,28,76,27,22
4017,4021017,134033900,3.506,26.253,12.488,24,76,0,0,76,76,0,20,76,22,0
4018,4022018,134067267,1.822,31.768,12.468,24,56,0,0,76,76,22,27,76,28,22
4019,4023019,134100633,4.254,33.168,11.259,22,47,0,76,76,76,22,40,76,29,33
4020,4024020,134134000,18.303,49.945,39.267,76,62,0,76,76,76,76,76,76,76,76
4021,4025021,134167367,20.638,51.550,46.870,76,62,26,76,76,76,76,76,76,76,76
4022,4026022,134200733,21.925,51.329,48.727,76,66,27,76,76,76,76,76,76,76,76
4023,4027023,134234100,22.068,51.589,48.961,76,68,27,76,76,76,76,76,76,76,76
4024,4028024,134267467,22.004,51.585,49.032,76,68,27,76,76,76,76,76,76,76,76
4025,4029025,134300833,22.012,51.604,49.050,76,68,27,76,76,76,76,76,76,76,76
4026,4030026,134334200,15.080,42.647,37.268,76,18,0,76,76,76,76,76,76,76,76
4027,4031027,134367567,7.068,28.984,18.383,58,43,0,58,76,76,31,48,76,61,53
4028,4032028,134400933,1.587,24.179,12.564,24,46,0,0,76,76,21,29,76,34,23
4029,4033029,134434300,5.018,25.176,13.771,18,76,0,0,76,76,0,19,76,19,0
4030,4034030,134467667,7.804,23.915,14.520,28,76,0,0,76,76,17,34,76,33,18
4031,4035031,134501033,8.018,24.668,14.704,28,76,0,0,76,76,19,40,76,37,18
4032,4036032,134534400,23.083,25.757,25.321,76,76,27,76,76,76,0,76,76,74,76
4033,4037033,134567767,52.040,30.962,42.855,76,76,76,76,76,76,19,76,76,76,76
4034,4038034,134601133,56.202,33.166,47.024,76,76,76,76,76,76,27,76,76,76,76
4035,4039035,134634500,56.564,33.434,48.006,76,76,76,76,76,76,28,76,76,76,76
4036,4040036,134667867,57.025,33.430,48.143,76,76,76,76,76,76,28,76,76,76,76
4037,4041037,134701233,55.807,32.920,45.769,76,76,76,76,76,76,25,76,76,76,76
4038,4042038,134734600,34.140,24.819,30.976,76,76,71,76,76,76,0,76,76,76,76
4039,4043039,134767967,13.985,22.019,18.167,42,76,19,26,76,76,23,44,76,43,35
4040,4044040,134801333,8.751,20.873,16.564,27,76,0,0,76,76,23,41,76,39,26
4041,4045041,134834700,4.050,23.445,14.026,18,76,0,0,76,76,0,23,76,23,0
4042,4046042,134868067,1.833,31.385,13.828,18,57,0,0,76,76,21,28,76,29,24
4043,4047043,134901433,2.422,31.313,12.085,22,45,0,67,76,76,21,37,76,30,28
4044,4048044,134934800,18.146,49.358,39.182,76,50,0,76,76,76,76,76,76,76,76
4045,4049045,134968167,21.288,51.240,46.266,76,67,24,76,76,76,76,76,76,76,76
4046,4050046,135001533,22.470,51.356,48.494,76,69,27,76,76,76,76,76,76,76,76
4047,4051047,135034900,22.780,51.339,48.831,76,69,27,76,76,76,76,76,76,76,76
4048,4052048,135068267,22.757,51.489,48.872,76,69,27,76,76,76,76,76,76,76,76
4049,4053049,135101633,22.569,50.792,48.580,76,66,27,76,76,76,76,76,76,76,76
4050,4054050,135135000,13.501,39.543,32.370,76,30,0,76,76,76,72,76,76,76,76
4051,4055051,135168367,5.513,26.946,16.257,48,48,0,37,76,76,24,41,76,42,36
4052,4056052,135201733,1.313,21.885,9.763,23,48,0,0,76,76,17,21,76,21,17
4053,4057053,135235100,6.232,24.319,14.199,24,76,0,0,76,76,0,26,76,26,17
4054,4058054,135268467,7.806,24.566,14.831,29,76,0,0,76,76,18,39,76,36,20
4055,4059055,135301833,7.866,24.414,14.780,28,76,0,0,76,76,18,41,76,39,19
4056,4060056,135335200,31.755,30.581,33.711,76,76,48,76,76,76,0,76,76,76,76
4057,4061057,135368567,53.889,32.973,43.721,76,76,76,76,76,76,22,76,76,76,76
4058,4062058,135401933,56.414,33.441,47.010,76,76,76,76,76,76,28,76,76,76,76
4059,4063059,135435300,56.399,33.494,47.877,76,76,76,76,76,76,28,76,76,76,76
4060,4064060,135468667,56.843,33.414,47.963,76,76,76,76,76,76,28,76,76,76,76
4061,4065061,135502033,56.205,32.194,45.363,76,76,76,76,76,76,25,76,76,76,76
4062,4066062,135535400,38.702,24.184,31.715,76,76,76,76,76,76,0,76,76,76,76
4063,4067063,135568767,14.489,21.592,18.424,54,76,23,29,76,76,22,48,76,44,29
4064,4068064,135602133,8.904,20.372,16.136,26,76,0,0,76,76,22,39,76,38,24
4065,4069065,135635500,4.040,24.228,13.644,19,76,0,0,76,76,0,17,76,17,0
4066,4070066,135668867,1.807,31.401,12.769,19,54,0,0,76,76,20,28,76,31,22
4067,4071067,135702233,1.558,32.686,12.304,19,53,0,0,76,76,22,29,76,32,24
4068,4072068,135735600,11.976,34.743,21.394,76,20,0,76,76,76,70,76,76,75,76
4069,4073069,135768967,19.499,52.030,42.103,76,64,20,76,76,76,76,76,76,76,76
4070,4074070,135802333,21.428,51.468,47.740,76,66,23,76,76,76,76,76,76,76,76
4071,4075071,135835700,22.259,51.609,48.883,76,67,24,76,76,76,76,76,76,76,76
4072,4076072,135869067,22.415,51.758,48.912,76,67,25,76,76,76,76,76,76,76,76
4073,4077073,135902433,18.889,50.870,45.738,76,47,20,76,76,76,76,76,76,76,76
4074,4078074,135935800,11.806,37.409,28.854,76,32,0,76,76,76,71,76,76,76,76
4075,4079075,135969167,4.400,27.137,15.566,43,48,0,27,76,76,24,35,76,37,27
4076,4080076,136002533,1.912,25.193,13.024,24,48,0,0,76,76,24,31,76,34,22
4077,4081077,136035900,4.281,23.095,13.233,23,76,0,0,76,76,0,0,76,0,0
4078,4082078,136069267,7.424,24.534,14.371,24,76,0,0,76,76,17,33,76,29,20
4079,4083079,136102633,7.627,23.016,13.920,24,76,0,33,76,76,17,33,76,29,19
4080,4084080,136136000,44.410,30.632,38.860,76,76,76,76,76,76,0,76,76,76,76
4081,4085081,136169367,55.299,32.838,44.950,76,76,76,76,76,76,24,76,76,76,76
4082,4086082,136202733,56.721,33.462,47.343,76,76,76,76,76,76,28,76,76,76,76
4083,4087083,136236100,56.940,33.427,47.946,76,76,76,76,76,76,29,76,76,76,76
4084,4088084,136269467,57.037,33.412,47.982,76,76,76,76,76,76,29,76,76,76,76
4085,4089085,136302833,57.257,33.280,47.926,76,76,76,76,76,76,29,76,76,76,76
4086,4090086,136336200,43.502,25.208,35.048,76,76,76,76,76,76,0,76,76,76,76
4087,4091087,136369567,16.773,21.389,19.021,58,76,39,34,76,76,21,48,76,45,35
4088,4092088,136402933,8.015,19.821,15.572,29,76,0,0,76,76,22,39,76,37,26
4089,4093089,136436300,2.984,25.510,13.154,17,76,0,0,76,76,0,23,76,23,0
4090,4094090,136469667,1.664,31.637,12.801,20,53,0,0,76,76,21,26,76,27,22
4091,4095091,136503033,1.574,32.727,12.206,20,52,0,0,76,76,22,27,76,29,24
4092,4096092,136536400,13.895,39.816,29.128,76,18,0,76,76,76,76,76,76,76,76
4093,4097093,136569767,20.145,51.679,43.266,76,62,22,76,76,76,76,76,76,76,76
4094,4098094,136603133,21.644,51.360,48.016,76,63,24,76,76,76,76,76,76,76,76
4095,4099095,136636500,22.152,51.889,48.781,76,63,27,76,76,76,76,76,76,76,76
4096,4100096,136669867,22.126,51.839,48.929,76,69,26,76,76,76,76,76,76,76,76
4097,4101097,136703233,21.867,51.839,48.916,76,70,26,76,76,76,76,76,76,76,76
4098,4102098,136736600,13.032,41.467,32.616,76,29,0,76,76,76,76,76,76,76,76
4099,4103099,136769967,5.191,27.269,16.823,49,47,0,36,76,76,29,35,76,38,39
4100,4104100,136803333,1.257,23.927,11.241,19,48,0,0,76,76,18,24,76,27,20
4101,4105101,136836700,5.272,24.678,13.936,19,76,0,0,76,76,0,22,76,20,0
4102,4106102,136870067,7.764,24.551,14.766,27,76,0,0,76,76,18,36,76,34,21
4103,4107103,136903433,10.615,25.508,21.230,50,76,0,45,76,76,31,41,76,36,21
4104,4108104,136936800,52.755,56.600,57.229,76,76,76,76,76,76,76,76,76,76,76
4105,4109105,136970167,60.111,59.987,62.959,76,76,76,76,76,76,76,76,76,76,76
4106,4110106,137003533,62.062,60.705,64.170,76,76,76,76,76,76,76,76,76,76,76
4107,4111107,137036900,62.296,61.318,64.545,76,76,76,76,76,76,76,76,76,76,76
4108,4112108,137070267,62.568,61.324,64.596,76,76,76,76,76,76,76,76,76,76,76
4109,4113109,137103633,62.661,61.269,64.501,76,76,76,76,76,76,76,76,76,76,76
4110,4114110,137137000,42.970,38.601,43.467,76,76,76,76,76,76,76,76,76,76,76
4111,4115111,137170367,10.738,9.617,13.269,52,76,20,37,76,76,24,36,76,35,28
4112,4116112,137203733,0.936,1.059,1.594,23,31,0,0,37,26,0,0,34,0,0
4113,4117113,137237100,0.000,0.067,0.000,0,0,0,0,0,26,0,0,0,0,0
4114,4118114,137270467,0.000,0.091,0.000,0,0,0,0,17,24,0,0,0,0,0
4115,4119115,137303833,0.000,0.093,0.000,0,0,0,0,17,24,0,0,0,0,0
4116,4120116,137337200,0.000,0.097,0.000,0,0,0,0,19,0,0,0,0,0,0
4117,4121117,137370567,0.000,0.104,0.000,0,0,0,0,21,0,0,0,0,0,0
4118,4122118,137403933,0.000,0.105,0.000,0,0,0,0,21,0,0,0,0,0,0
4119,4123119,137437300,0.000,0.073,0.000,0,0,0,0,20,0,0,0,0,0,0
4120,4124120,137470667,0.000,0.073,0.000,0,0,0,0,21,0,0,0,0,0,0
4121,4125121,137504033,0.000,0.071,5.011,0,0,0,0,20,0,0,0,76,0,0
4122,4126122,137537400,0.000,1.312,9.815,0,0,0,0,20,0,0,32,76,0,0
4123,4127123,137570767,0.000,2.164,11.186,0,0,0,0,20,0,0,43,76,0,0
4124,4128124,137604133,0.000,2.209,11.344,0,0,0,0,20,0,0,45,76,0,0
4125,4129125,137637500,0.000,2.238,11.284,0,0,0,0,20,0,0,45,76,0,0
4126,4130126,137670867,0.000,2.232,11.284,0,0,0,0,20,0,0,45,76,0,0
4127,4131127,137704233,0.000,0.618,9.960,0,0,0,0,20,0,0,22,76,0,0
4128,4132128,137737600,0.000,0.071,9.086,0,0,0,0,20,0,0,0,76,0,0
4129,4133129,137770967,0.000,0.071,7.156,0,0,0,0,20,0,0,0,76,0,0
4130,4134130,137804333,0.000,0.071,6.934,0,0,0,0,20,0,0,0,76,0,0
4131,4135131,137837700,0.000,0.225,6.952,0,0,0,0,20,0,0,17,76,0,0
4132,4136132,137871067,0.000,0.217,6.947,0,0,0,0,20,0,0,17,76,0,0
4133,4137133,137904433,0.000,0.069,6.210,0,0,0,0,20,0,0,0,76,0,0
4134,4138134,137937800,0.000,0.344,10.673,0,0,0,0,21,0,0,23,76,21,0
4135,4139135,137971167,0.000,0.921,9.955,0,0,0,0,21,0,0,36,76,34,0
4136,4140136,138004533,0.000,1.090,10.133,0,0,0,0,20,0,0,39,76,37,0
4137,4141137,138037900,0.000,1.119,10.162,0,0,0,0,19,0,0,40,76,40,0
4138,4142138,138071267,0.000,1.198,10.171,0,0,0,0,19,23,0,40,76,40,0
4139,4143139,138104633,0.000,0.831,9.051,0,0,0,0,19,23,0,33,76,31,0
4140,4144140,138138000,0.000,0.125,8.195,0,0,0,0,20,22,0,0,76,0,0
4141,4145141,138171367,0.000,0.128,7.363,0,0,0,0,21,22,0,0,76,18,0
4142,4146142,138204733,0.000,0.204,6.757,0,0,0,0,21,26,0,17,76,23,0
4143,4147143,138238100,0.000,0.215,6.813,0,0,0,0,21,29,0,17,76,23,0
4144,4148144,138271467,0.000,0.215,6.813,0,0,0,0,21,29,0,17,76,23,0
4145,4149145,138304833,0.000,0.148,5.554,0,0,0,0,21,29,0,0,76,17,0
4146,4150146,138338200,0.000,0.148,6.004,0,0,0,0,21,29,0,0,76,0,0
4147,4151147,138371567,0.000,0.102,6.818,0,0,0,0,22,0,0,0,76,0,0
4148,4152148,138404933,0.000,0.106,7.202,0,0,0,0,22,0,0,0,76,0,0
4149,4153149,138438300,0.000,0.106,7.263,0,0,0,0,22,0,0,0,76,0,0
4150,4154150,138471667,0.000,0.106,7.347,0,0,0,0,22,0,0,0,76,0,0
4151,4155151,138505033,0.000,0.106,10.499,0,0,0,0,22,0,0,0,76,0,0
4152,4156152,138538400,0.000,1.785,36.320,0,0,0,0,22,0,0,33,76,33,0
4153,4157153,138571767,0.000,3.066,42.275,0,0,0,0,22,0,0,50,76,50,0
4154,4158154,138605133,0.000,3.562,43.480,0,0,0,0,22,0,0,55,76,53,0
4155,4159155,138638500,0.000,3.629,43.578,0,0,0,0,22,0,0,55,76,54,0
4156,4160156,138671867,0.123,3.643,43.591,0,0,0,23,22,0,0,55,76,53,0
4157,4161157,138705233,37.304,15.783,44.760,76,76,72,76,61,76,0,76,76,76,76
4158,4162158,138738600,53.802,28.383,47.879,76,76,76,76,76,76,18,76,76,76,76
4159,4163159,138771967,56.890,32.507,46.970,76,76,76,76,76,76,25,76,76,76,76
4160,4164160,138805333,57.363,32.794,47.565,76,76,76,76,76,76,27,76,76,76,76
4161,4165161,138838700,43.838,23.456,38.651,76,76,76,76,76,76,0,76,76,76,76
4162,4166162,138872067,16.629,18.364,20.136,56,76,33,44,76,76,17,53,76,47,46
4163,4167163,138905433,8.201,18.422,16.051,25,76,0,0,76,76,21,30,76,30,23
4164,4168164,138938800,3.596,22.722,13.736,21,76,0,0,76,76,0,20,76,20,18
4165,4169165,138972167,1.624,30.836,12.634,21,51,0,0,76,76,21,29,76,30,23
4166,4170166,139005533,2.844,31.672,12.232,21,38,0,70,76,76,21,35,76,27,28
4167,4171167,139038900,18.216,46.083,39.394,76,49,0,76,76,76,76,76,76,76,76
4168,4172168,139072267,20.806,50.535,46.747,76,60,21,76,76,76,76,76,76,76,76
4169,4173169,139105633,21.984,51.293,48.654,76,63,24,76,76,76,76,76,76,76,76
4170,4174170,139139000,22.191,51.566,49.046,76,64,24,76,76,76,76,76,76,76,76
4171,4175171,139172367,22.560,51.775,49.056,76,64,24,76,76,76,76,76,76,76,76
4172,4176172,139205733,17.427,50.913,43.219,76,35,0,76,76,76,76,76,76,76,76
4173,4177173,139239100,9.992,34.746,26.116,64,39,0,76,76,76,58,76,76,76,72
4174,4178174,139272467,3.629,27.000,15.063,33,49,0,23,76,76,27,33,76,35,27
4175,4179175,139305833,2.481,22.540,10.757,22,76,0,0,76,76,18,17,76,18,17
4176,4180176,139339200,6.753,24.864,13.946,24,76,0,0,76,76,18,28,76,27,17
4177,4181177,139372567,7.912,24.630,14.851,28,76,0,0,76,76,19,39,76,37,19
4178,4182178,139405933,8.031,23.806,14.376,28,76,0,26,76,76,19,39,76,37,19
4179,4183179,139439300,43.470,29.608,38.872,76,76,76,76,76,76,0,76,76,76,76
4180,4184180,139472667,54.703,32.760,44.983,76,76,76,76,76,76,24,76,76,76,76
4181,4185181,139506033,56.516,33.581,47.285,76,76,76,76,76,76,28,76,76,76,76
4182,4186182,139539400,56.920,33.788,47.972,76,76,76,76,76,76,28,76,76,76,76
4183,4187183,139572767,56.924,33.704,47.996,76,76,76,76,76,76,28,76,76,76,76
4184,4188184,139606133,56.684,32.955,46.574,76,76,76,76,76,76,28,76,76,76,76
4185,4189185,139639500,41.422,24.629,33.721,76,76,76,76,76,76,0,76,76,76,76
4186,4190186,139672867,15.642,21.460,18.762,54,76,28,35,76,76,22,46,76,43,32
4187,4191187,139706233,6.667,15.401,14.203,24,76,0,0,76,76,17,30,76,27,18
4188,4192188,139739600,2.784,26.065,13.374,22,76,0,0,76,76,17,20,76,20,0
4189,4193189,139772967,1.754,31.727,12.824,22,52,0,0,76,76,22,27,76,29,23
4190,4194190,139806333,1.671,32.160,12.394,22,52,0,0,76,76,22,27,76,29,24
4191,4195191,139839700,15.482,43.330,33.618,76,19,0,76,76,76,76,76,76,76,76
4192,4196192,139873067,20.059,51.452,44.297,76,62,21,76,76,76,76,76,76,76,76
4193,4197193,139906433,22.519,51.586,48.211,76,67,24,76,76,76,76,76,76,76,76
4194,4198194,139939800,23.074,51.682,48.827,76,64,25,76,76,76,76,76,76,76,76
4195,4199195,139973167,23.206,51.755,48.880,76,67,25,76,76,76,76,76,76,76,76
4196,4200196,140006533,16.816,50.789,42.889,76,35,0,76,76,76,76,76,76,76,76
4197,4201197,140039900,10.025,35.224,25.463,73,38,0,74,76,76,51,76,76,76,71
4198,4202198,140073267,3.582,27.123,14.919,30,50,0,23,76,76,25,36,76,36,27
4199,4203199,140106633,1.465,24.390,11.420,22,50,0,0,76,76,21,28,76,31,18
4200,4204200,140140000,5.607,24.254,14.744,20,76,0,0,76,76,0,22,76,20,0
4201,4205201,140173367,7.721,25.027,15.117,24,76,0,0,76,76,21,37,76,36,18
4202,4206202,140206733,10.004,24.385,14.891,24,76,0,76,76,76,21,40,76,32,26
4203,4207203,140240100,45.380,30.678,39.598,76,76,76,76,76,76,0,76,76,76,76
4204,4208204,140273467,54.903,33.257,45.532,76,76,76,76,76,76,25,76,76,76,76
4205,4209205,140306833,56.829,33.512,47.515,76,76,76,76,76,76,28,76,76,76,76
4206,4210206,140340200,56.840,33.638,48.071,76,76,76,76,76,76,29,76,76,76,76
4207,4211207,140373567,56.727,33.589,48.088,76,76,76,76,76,76,29,76,76,76,76
4208,4212208,140406933,56.306,32.600,46.298,76,76,76,76,76,76,25,76,76,76,76
4209,4213209,140440300,40.995,24.558,33.098,76,76,76,76,76,76,0,76,76,76,76
4210,4214210,140473667,15.265,21.666,18.713,52,76,24,36,76,76,23,48,76,44,31
4211,4215211,140507033,6.817,16.617,14.005,24,76,0,0,76,76,17,29,76,28,17
4212,4216212,140540400,2.811,27.483,13.917,21,76,0,0,76,76,17,23,76,24,19
4213,4217213,140573767,1.741,32.476,12.824,21,53,0,0,76,76,22,29,76,30,26
4214,4218214,140607133,3.837,33.304,11.284,21,47,0,76,76,76,22,34,76,29,31
4215,4219215,140640500,18.472,49.610,39.070,76,52,0,76,76,76,76,76,76,76,76
4216,4220216,140673867,20.880,51.471,46.384,76,61,23,76,76,76,76,76,76,76,76
4217,4221217,140707233,21.896,51.553,48.548,76,72,26,76,76,76,76,76,76,76,76
4218,4222218,140740600,22.250,51.728,48.836,76,71,26,76,76,76,76,76,76,76,76
4219,4223219,140773967,22.210,51.672,48.799,76,71,26,76,76,76,76,76,76,76,76
4220,4224220,140807333,21.121,50.986,46.738,76,64,21,76,76,76,76,76,76,76,76
4221,4225221,140840700,11.986,38.565,29.650,76,28,0,76,76,76,75,76,76,76,76
4222,4226222,140874067,4.904,27.012,15.661,43,47,0,33,76,76,26,34,76,36,29
4223,4227223,140907433,1.319,22.895,9.292,24,47,0,0,76,76,18,21,76,21,18
4224,4228224,140940800,6.001,25.116,13.993,19,76,0,0,76,76,0,29,76,24,17
4225,4229225,140974167,7.868,24.626,14.906,24,76,0,0,76,76,18,36,76,36,18
4226,4230226,141007533,11.535,23.651,15.200,36,76,0,76,76,76,17,49,76,33,36
4227,4231227,141040900,48.223,30.992,40.385,76,76,76,76,76,76,0,76,76,76,76
4228,4232228,141074267,55.549,32.915,45.940,76,76,76,76,76,76,27,76,76,76,76
4229,4233229,141107633,56.791,33.281,47.674,76,76,76,76,76,76,30,76,76,76,76
4230,4234230,141141000,56.914,33.303,47.856,76,76,76,76,76,76,30,76,76,76,76
4231,4235231,141174367,56.897,33.320,47.951,76,76,76,76,76,76,30,76,76,76,76
4232,4236232,141207733,56.047,32.278,46.221,76,76,76,76,76,76,27,76,76,76,76
4233,4237233,141241100,35.697,24.794,32.872,76,76,73,76,76,76,0,76,76,76,76
4234,4238234,141274467,14.579,21.864,18.356,58,76,18,31,76,76,22,51,76,43,31
4235,4239235,141307833,8.340,19.852,15.821,27,76,0,0,76,76,21,39,76,37,24
4236,4240236,141341200,3.398,24.773,13.240,21,76,0,0,76,76,0,18,76,18,0
4237,4241237,141374567,1.691,31.971,13.208,21,51,0,0,76,76,21,28,76,28,23
4238,4242238,141407933,1.480,32.231,11.806,21,47,0,28,76,76,21,28,76,28,24
4239,4243239,141441300,17.437,48.452,36.859,76,49,0,76,76,76,76,76,76,76,76
4240,4244240,141474667,20.735,51.240,45.612,76,71,21,76,76,76,76,76,76,76,76
4241,4245241,141508033,21.775,51.383,48.409,76,70,24,76,76,76,76,76,76,76,76
4242,4246242,141541400,21.858,51.491,48.981,76,71,24,76,76,76,76,76,76,76,76
4243,4247243,141574767,21.834,51.389,48.887,76,70,23,76,76,76,76,76,76,76,76
4244,4248244,141608133,15.601,46.263,37.642,76,18,0,76,76,76,76,76,76,76,76
4245,4249245,141641500,7.177,29.455,19.397,70,42,0,57,76,76,37,49,76,60,50
4246,4250246,141674867,2.557,25.932,13.861,32,49,0,0,76,76,27,33,76,33,25
4247,4251247,141708233,1.199,21.560,8.905,18,47,0,0,76,76,0,20,76,20,0
4248,4252248,141741600,6.248,24.653,14.379,23,76,0,0,76,76,0,26,76,26,0
4249,4253249,141774967,7.797,24.538,14.424,28,76,0,0,76,76,18,37,76,36,17
4250,4254250,141808333,20.382,27.464,21.808,76,76,18,76,76,76,0,76,76,71,75
4251,4255251,141841700,51.652,31.592,42.264,76,76,76,76,76,76,19,76,76,76,76
4252,4256252,141875067,55.402,33.179,46.614,76,76,76,76,76,76,28,76,76,76,76
4253,4257253,141908433,56.432,33.544,47.945,76,76,76,76,76,76,30,76,76,76,76
4254,4258254,141941800,56.423,33.550,48.122,76,76,76,76,76,76,30,76,76,76,76
4255,4259255,141975167,56.393,33.462,48.146,76,76,76,76,76,76,30,76,76,76,76
4256,4260256,142008533,53.211,29.633,40.457,76,76,76,76,76,76,20,76,76,76,76
4257,4261257,142041900,28.928,22.696,25.625,76,76,66,75,76,76,0,76,76,76,69
4258,4262258,142075267,12.155,21.572,17.490,43,76,17,22,76,76,22,44,76,39,27
4259,4263259,142108633,7.813,20.046,15.324,24,76,0,0,76,76,22,37,76,34,24
4260,4264260,142142000,3.078,24.934,13.356,18,76,0,0,76,76,0,23,76,23,0
4261,4265261,142175367,1.662,31.567,13.045,19,50,0,0,76,76,21,27,76,28,21
4262,4266262,142208733,4.435,32.470,11.187,19,44,0,76,76,76,20,42,76,29,32
4263,4267263,142242100,18.429,50.099,39.060,76,54,0,76,76,76,76,76,76,76,76
4264,4268264,142275467,20.876,52.004,46.665,76,70,23,76,76,76,76,76,76,76,76
4265,4269265,142308833,21.787,51.475,48.377,76,64,26,76,76,76,76,76,76,76,76
4266,4270266,142342200,22.280,51.954,48.641,76,69,26,76,76,76,76,76,76,76,76
4267,4271267,142375567,22.499,51.917,48.681,76,69,26,76,76,76,76,76,76,76,76
4268,4272268,142408933,18.888,50.062,45.810,76,47,21,76,76,76,76,76,76,76,76
4269,4273269,142442300,11.823,38.345,28.961,76,32,0,76,76,76,73,76,76,76,76
4270,4274270,142475667,4.466,26.181,15.519,42,47,0,27,76,76,24,36,76,38,27
4271,4275271,142509033,2.744,21.432,12.029,17,76,0,0,76,76,0,0,76,20,20
4272,4276272,142542400,6.848,25.362,14.332,26,76,0,0,76,76,17,31,76,30,18
4273,4277273,142575767,7.832,24.364,14.808,28,76,0,0,76,76,20,38,76,36,22
4274,4278274,142609133,21.553,28.046,24.060,76,76,24,76,76,76,0,76,76,72,76
4275,4279275,142642500,51.860,31.911,42.394,76,76,76,76,76,76,19,76,76,76,76
4276,4280276,142675867,55.928,33.210,46.605,76,76,76,76,76,76,27,76,76,76,76
4277,4281277,142709233,56.782,33.472,47.864,76,76,76,76,76,76,28,76,76,76,76
4278,4282278,142742600,56.698,33.479,48.030,76,76,76,76,76,76,28,76,76,76,76
4279,4283279,142775967,56.764,33.482,48.057,76,76,76,76,76,76,28,76,76,76,76
4280,4284280,142809333,56.633,33.394,47.546,76,76,76,76,76,76,28,76,76,76,76
4281,4285281,142842700,39.525,25.792,34.944,76,76,76,76,76,76,0,76,76,76,76
4282,4286282,142876067,15.576,22.100,18.800,48,76,22,32,76,76,21,52,76,47,36
4283,4287283,142909433,6.262,16.369,14.327,21,76,0,0,76,76,0,25,76,24,18
4284,4288284,142942800,2.650,28.111,13.918,21,76,0,0,76,76,18,26,76,26,19
4285,4289285,142976167,1.752,32.608,12.611,21,54,0,0,76,76,21,27,76,30,24
4286,4290286,143009533,8.861,31.094,16.254,49,32,0,76,76,76,36,76,76,65,75
4287,4291287,143042900,19.090,51.093,41.256,76,57,17,76,76,76,76,76,76,76,76
4288,4292288,143076267,21.341,51.321,47.391,76,67,23,76,76,76,76,76,76,76,76
4289,4293289,143109633,21.835,51.579,48.761,76,66,26,76,76,76,76,76,76,76,76
4290,4294290,143143000,22.149,51.660,48.725,76,66,26,76,76,76,76,76,76,76,76
4291,4295291,143176367,22.126,51.860,48.743,76,64,26,76,76,76,76,76,76,76,76
4292,4296292,143209733,15.732,48.366,40.089,76,0,0,76,76,76,76,76,76,76,76
4293,4297293,143243100,9.327,32.299,22.547,76,40,0,64,76,76,47,65,76,73,62
4294,4298294,143276467,3.245,26.350,14.480,30,51,0,21,76,76,23,33,76,34,24
4295,4299295,143309833,3.120,21.133,11.586,21,76,0,0,76,76,0,0,76,0,0
4296,4300296,143343200,7.145,25.205,13.824,26,76,0,0,76,76,17,31,76,30,0
4297,4301297,143376567,7.832,25.223,14.970,30,76,0,0,76,76,21,40,76,37,19
4298,4302298,143409933,25.415,44.982,36.216,76,76,0,76,76,76,76,76,76,69,74
4299,4303299,143443300,56.650,58.690,59.954,76,76,76,76,76,76,76,76,76,76,76
4300,4304300,143476667,61.558,60.741,63.497,76,76,76,76,76,76,76,76,76,76,76
4301,4305301,143510033,62.770,61.247,64.211,76,76,76,76,76,76,76,76,76,76,76
4302,4306302,143543400,62.674,61.175,64.282,76,76,76,76,76,76,76,76,76,76,76
4303,4307303,143576767,62.650,61.180,64.297,76,76,76,76,76,76,76,76,76,76,76
4304,4308304,143610133,57.326,54.044,56.156,76,76,76,76,76,76,76,76,76,76,76
4305,4309305,143643500,24.737,21.297,28.399,76,76,50,64,76,76,41,65,76,72,61
4306,4310306,143676867,8.513,4.032,9.576,76,76,0,17,68,43,0,17,76,30,0
4307,4311307,143710233,6.082,0.339,4.849,76,76,0,0,29,35,0,0,76,25,0
4308,4312308,143743600,4.622,0.272,4.822,48,76,0,0,29,37,0,0,76,25,0
4309,4313309,143776967,3.947,0.289,4.672,17,76,0,0,29,39,0,0,76,24,0
4310,4314310,143810333,14.154,0.249,5.714,76,76,0,0,20,34,0,0,76,17,0
4311,4315311,143843700,18.296,0.465,7.491,76,76,0,0,43,30,0,0,76,34,0
4312,4316312,143877067,18.123,0.550,7.924,76,76,0,0,50,28,0,0,76,41,0
4313,4317313,143910433,17.296,0.556,5.127,76,76,0,0,50,28,0,0,76,17,0
4314,4318314,143943800,14.999,0.552,5.802,46,76,0,0,50,27,0,0,76,0,0
4315,4319315,143977167,12.865,0.544,4.366,20,76,0,0,50,24,0,0,76,0,0
4316,4320316,144010533,15.665,1.173,4.067,73,76,0,0,76,19,0,0,76,0,0
4317,4321317,144043900,17.926,1.812,4.109,76,76,0,0,76,0,0,0,76,0,0
4318,4322318,144077267,17.934,2.000,4.472,76,76,0,0,76,0,0,0,76,0,0
4319,4323319,144110633,17.915,1.965,3.543,76,76,0,0,76,0,0,0,76,0,0
4320,4324320,144144000,16.275,1.968,4.214,69,76,0,0,76,0,0,0,76,17,0
4321,4325321,144177367,14.166,2.028,5.200,28,76,0,0,76,0,0,18,76,22,0
4322,4326322,144210733,11.591,3.795,3.013,76,76,0,0,76,0,0,0,76,0,0
4323,4327323,144244100,7.442,8.383,3.529,76,76,0,0,76,0,0,0,76,0,0
4324,4328324,144277467,8.394,9.846,3.119,76,76,0,0,76,0,0,0,76,0,0
4325,4329325,144310833,8.296,10.068,2.960,76,76,0,0,76,0,0,0,76,0,0
4326,4330326,144344200,6.806,10.204,4.221,55,76,0,0,76,0,0,17,76,17,0
4327,4331327,144377567,5.189,10.167,4.524,22,76,0,0,76,0,0,17,76,17,0
4328,4332328,144410933,3.737,11.108,5.983,76,76,0,0,76,0,0,0,76,0,0
4329,4333329,144444300,3.485,15.077,6.889,76,47,0,0,76,23,0,28,76,27,0
4330,4334330,144477667,3.480,15.825,7.093,76,39,0,0,76,23,0,34,76,33,0
4331,4335331,144511033,2.596,15.103,6.456,76,36,0,0,76,23,0,0,76,0,0
4332,4336332,144544400,1.328,15.208,5.985,47,36,0,0,76,26,0,0,76,0,0
4333,4337333,144577767,0.711,15.205,3.976,20,36,0,0,76,28,0,0,76,0,0
4334,4338334,144611133,4.160,12.643,3.978,76,0,0,0,76,76,0,0,76,0,0
4335,4339335,144644500,4.887,14.398,4.103,76,0,0,0,76,76,0,0,76,0,0
4336,4340336,144677867,4.923,15.400,4.202,76,0,0,0,76,76,0,17,76,0,0
4337,4341337,144711233,4.818,15.404,3.734,76,0,0,0,76,76,0,0,76,0,0
4338,4342338,144744600,2.891,16.074,5.359,67,0,0,0,76,76,0,22,76,0,0
4339,4343339,144777967,0.717,17.102,5.935,20,0,0,0,76,76,0,33,76,0,0
4340,4344340,144811333,4.235,15.608,4.378,76,0,0,0,76,76,0,0,76,0,0
4341,4345341,144844700,4.564,15.600,4.440,76,0,0,0,76,76,0,0,76,0,0
4342,4346342,144878067,4.581,15.558,3.792,76,0,0,0,76,76,0,0,76,0,0
4343,4347343,144911433,4.576,15.586,3.335,76,0,0,0,76,76,0,0,76,0,0
4344,4348344,144944800,2.485,15.560,3.653,56,0,0,0,76,76,0,0,76,0,0
4345,4349345,144978167,0.841,15.795,3.995,25,0,0,0,76,76,0,20,76,0,0
4346,4350346,145011533,13.115,18.445,18.014,76,70,0,76,76,76,0,76,76,22,0
4347,4351347,145044900,40.510,30.308,53.699,76,76,0,76,76,76,22,76,76,76,76
4348,4352348,145078267,44.610,33.612,62.360,76,76,21,76,76,76,28,76,76,76,76
4349,4353349,145111633,45.880,34.743,64.102,76,76,23,76,76,76,33,76,76,76,76
4350,4354350,145145000,46.505,35.011,64.603,76,76,24,76,76,76,33,76,76,76,76
4351,4355351,145178367,46.422,35.019,64.585,76,76,24,76,76,76,33,76,76,76,76
4352,4356352,145211733,43.068,33.094,57.603,76,76,0,76,76,76,25,76,76,76,76
4353,4357353,145245100,25.399,18.699,31.181,76,76,0,76,76,76,0,76,76,76,70
4354,4358354,145278467,7.339,6.484,9.796,76,63,0,23,76,76,0,23,76,31,20
4355,4359355,145311833,1.978,5.532,4.838,76,26,0,0,76,76,0,0,76,23,0
4356,4360356,145345200,0.540,5.650,4.791,35,0,0,0,76,72,0,0,76,23,0
4357,4361357,145378567,0.000,5.607,4.766,0,0,0,0,76,27,0,0,76,23,0
4358,4362358,145411933,3.220,5.645,5.449,68,0,0,0,76,25,0,0,76,18,0
4359,4363359,145445300,5.042,5.667,7.427,76,0,0,0,76,24,0,0,76,36,0
4360,4364360,145478667,5.012,5.653,8.179,76,0,0,0,76,23,0,0,76,44,0
4361,4365361,145512033,4.948,10.640,6.119,76,0,0,0,76,21,0,0,76,19,0
4362,4366362,145545400,2.668,13.913,6.144,56,23,0,0,76,21,0,0,76,0,0
4363,4367363,145578767,0.658,14.050,4.616,19,31,0,0,76,21,0,0,76,0,0
4364,4368364,145612133,4.720,14.099,4.861,76,32,0,0,76,22,0,0,76,0,0
4365,4369365,145645500,4.904,14.128,4.319,76,33,0,0,76,22,0,0,76,0,0
4366,4370366,145678867,4.812,14.122,4.419,76,33,0,0,76,24,0,0,76,0,0
4367,4371367,145712233,5.292,12.422,3.857,76,74,0,0,76,32,0,0,76,0,0
4368,4372368,145745600,4.408,14.007,4.387,56,76,0,0,76,31,0,0,76,18,0
4369,4373369,145778967,2.696,14.008,4.886,20,76,0,0,76,22,0,0,76,22,0
4370,4374370,145812333,5.622,14.061,3.182,76,76,0,0,76,22,0,0,76,0,0
4371,4375371,145845700,5.643,14.079,3.238,76,76,0,0,76,22,0,0,76,0,0
4372,4376372,145879067,5.659,14.077,2.844,76,76,0,0,76,24,0,0,76,0,0
4373,4377373,145912433,5.125,12.174,2.205,76,76,0,0,76,25,0,0,76,0,0
4374,4378374,145945800,12.344,6.546,3.568,76,76,0,0,76,27,0,0,76,0,0
4375,4379375,145979167,13.225,7.217,4.215,38,76,0,0,76,27,0,17,76,17,0
4376,4380376,146012533,14.080,7.390,5.412,76,76,0,0,76,27,0,0,76,0,0
4377,4381377,146045900,15.223,7.987,6.558,76,76,0,0,76,30,0,25,76,24,0
4378,4382378,146079267,15.366,8.358,7.122,76,76,0,0,76,30,0,36,76,34,0
4379,4383379,146112633,13.836,5.651,5.593,76,76,0,0,76,30,0,0,76,0,0
4380,4384380,146146000,17.308,2.518,6.215,52,76,0,0,76,30,0,0,76,0,0
4381,4385381,146179367,18.414,2.312,4.256,26,76,0,0,76,30,0,0,76,0,0
4382,4386382,146212733,22.721,2.397,3.422,76,76,0,0,76,30,0,0,76,0,0
4383,4387383,146246100,23.644,2.434,3.880,76,76,0,0,76,35,0,0,76,0,0
4384,4388384,146279467,23.620,2.485,4.072,76,76,0,0,76,38,0,0,76,0,0
4385,4389385,146312833,22.642,2.489,4.760,76,76,0,0,76,38,0,0,76,0,0
4386,4390386,146346200,20.397,3.689,5.674,36,76,0,0,76,38,0,31,76,0,0
4387,4391387,146379567,18.798,4.127,6.075,30,76,0,0,76,38,0,35,76,0,0
4388,4392388,146412933,23.506,2.499,4.813,76,76,0,0,76,35,0,0,76,0,0
4389,4393389,146446300,23.791,2.474,4.518,76,76,0,0,76,30,0,0,76,0,0
4390,4394390,146479667,23.828,2.414,3.689,76,76,0,0,76,29,0,0,76,0,0
4391,4395391,146513033,27.701,4.117,8.669,76,76,0,76,76,56,0,76,76,0,0
4392,4396392,146546400,54.227,58.040,48.363,76,76,76,76,76,76,76,76,76,76,76
4393,4397393,146579767,60.940,69.161,61.010,76,76,76,76,76,76,76,76,76,76,76
4394,4398394,146613133,62.507,71.403,63.668,76,76,76,76,76,76,76,76,76,76,76
4395,4399395,146646500,62.673,72.433,64.088,76,76,76,76,76,76,76,76,76,76,76
4396,4400396,146679867,62.624,72.598,64.054,76,76,76,76,76,76,76,76,76,76,76
4397,4401397,146713233,55.688,58.772,48.696,76,76,76,76,76,76,76,76,76,76,76
4398,4402398,146746600,20.298,23.018,19.096,76,76,30,48,76,76,29,37,76,45,39
4399,4403399,146779967,7.652,9.332,6.742,27,76,0,0,76,35,0,0,76,26,0
4400,4404400,146813333,12.462,5.098,4.598,0,76,0,0,76,26,0,0,76,22,0
4401,4405401,146846700,13.135,2.239,4.597,0,76,0,0,76,26,0,0,76,22,0
4402,4406402,146880067,12.834,0.820,4.597,0,76,0,0,54,26,0,0,76,22,0
4403,4407403,146913433,15.034,1.304,5.875,0,76,0,0,76,34,0,0,76,20,0
4404,4408404,146946800,13.833,1.825,7.602,0,76,0,0,76,38,0,0,76,36,0
4405,4409405,146980167,13.421,1.890,8.084,0,76,0,0,76,34,0,0,76,41,0
4406,4410406,147013533,8.015,6.848,5.538,0,76,0,0,76,26,0,0,76,0,0
4407,4411407,147046900,4.568,9.160,5.598,18,76,0,0,76,26,0,0,76,0,0
4408,4412408,147080267,4.707,10.073,4.193,18,76,0,0,76,38,0,0,76,0,0
4409,4413409,147113633,1.991,13.048,4.979,0,76,0,0,76,38,0,0,76,0,0
4410,4414410,147147000,0.819,14.730,4.377,18,42,0,0,76,37,0,0,76,0,0
4411,4415411,147180367,0.619,14.877,4.613,18,40,0,0,76,27,0,0,76,17,0
4412,4416412,147213733,0.000,12.918,3.914,0,0,0,0,76,76,0,0,76,0,0
4413,4417413,147247100,0.000,14.476,4.804,0,0,0,0,76,76,0,0,76,20,0
4414,4418414,147280467,0.000,14.861,4.986,0,0,0,0,76,76,0,18,76,20,0
4415,4419415,147313833,0.000,8.099,3.324,0,0,0,0,76,76,0,0,76,0,0
4416,4420416,147347200,0.000,3.036,3.185,0,0,0,0,76,73,0,0,76,0,0
4417,4421417,147380567,0.000,1.765,2.947,0,0,0,0,76,34,0,0,76,0,0
4418,4422418,147413933,18.159,17.627,18.260,76,76,0,76,76,76,49,76,76,17,17
4419,4423419,147447300,56.842,66.452,55.193,76,76,76,76,76,76,76,76,76,76,76
4420,4424420,147480667,60.904,71.564,62.580,76,76,76,76,76,76,76,76,76,76,76
4421,4425421,147514033,62.474,72.584,63.871,76,76,76,76,76,76,76,76,76,76,76
4422,4426422,147547400,62.954,72.863,64.321,76,76,76,76,76,76,76,76,76,76,76
4423,4427423,147580767,62.875,72.859,64.296,76,76,76,76,76,76,76,76,76,76,76
4424,4428424,147614133,52.693,60.807,53.055,76,76,76,76,76,76,76,76,76,76,76
4425,4429425,147647500,16.345,20.216,24.077,58,76,31,57,76,76,35,64,76,60,56
4426,4430426,147680867,1.423,4.497,7.850,25,49,0,0,76,76,0,25,76,24,0
4427,4431427,147714233,0.158,1.939,5.098,0,21,0,0,76,76,0,19,76,19,0
4428,4432428,147747600,0.000,1.905,4.960,0,0,0,0,76,76,0,19,76,19,0
4429,4433429,147780967,0.000,1.896,4.950,0,0,0,0,76,76,0,19,76,19,0
4430,4434430,147814333,0.000,1.804,4.745,0,0,0,0,76,76,0,0,76,0,0
4431,4435431,147847700,0.000,9.320,7.515,0,0,0,0,76,76,0,0,76,0,0
4432,4436432,147881067,0.086,13.703,4.953,0,23,0,0,76,67,0,0,76,0,0
4433,4437433,147914433,0.484,12.884,4.103,0,59,0,0,76,25,0,0,76,0,0
4434,4438434,147947800,1.873,13.829,4.074,0,76,0,0,76,22,0,0,76,0,0
4435,4439435,147981167,2.351,13.923,4.270,0,76,0,0,76,21,0,0,76,0,0
4436,4440436,148014533,7.897,9.120,5.167,0,76,0,0,76,21,0,0,76,0,0
4437,4441437,148047900,11.640,8.039,6.185,0,76,0,0,76,21,0,32,76,0,0
4438,4442438,148081267,11.606,7.597,5.987,0,76,0,0,76,23,0,32,76,0,0
4439,4443439,148114633,15.902,2.752,5.187,0,76,0,0,76,24,0,0,76,0,0
4440,4444440,148148000,17.957,2.262,4.673,24,76,0,0,76,28,0,0,76,0,0
4441,4445441,148181367,18.666,2.353,3.872,27,76,0,0,76,29,0,0,76,0,0
4442,4446442,148214733,18.729,2.360,3.996,29,76,0,0,76,29,0,0,76,0,0
4443,4447443,148248100,18.667,2.402,3.835,29,76,0,0,76,29,0,17,76,0,0
4444,4448444,148281467,18.660,2.758,4.148,28,76,0,0,76,29,0,23,76,0,0
4445,4449445,148314833,29.658,11.845,19.174,76,76,0,76,76,67,45,76,76,0,0
4446,4450446,148348200,59.123,65.814,54.804,76,76,76,76,76,76,76,76,76,76,76
4447,4451447,148381567,62.116,71.602,62.476,76,76,76,76,76,76,76,76,76,76,76
4448,4452448,148414933,63.103,72.734,63.870,76,76,76,76,76,76,76,76,76,76,76
4449,4453449,148448300,63.097,72.798,64.116,76,76,76,76,76,76,76,76,76,76,76
4450,4454450,148481667,63.048,72.783,64.105,76,76,76,76,76,76,76,76,76,76,76
4451,4455451,148515033,55.624,59.799,55.758,76,76,76,76,76,76,76,76,76,76,76
4452,4456452,148548400,17.869,18.445,32.954,68,76,47,53,76,76,34,52,76,69,48
4453,4457453,148581767,1.281,2.824,24.346,23,49,0,0,53,35,0,31,76,49,0
4454,4458454,148615133,0.000,1.785,28.813,0,0,0,0,21,24,0,33,76,31,0
4455,4459455,148648500,0.000,3.029,25.382,0,0,0,0,21,24,0,48,76,42,0
4456,4460456,148681867,0.000,3.243,22.855,0,0,0,0,21,24,0,51,76,43,0
4457,4461457,148715233,11.820,10.447,32.151,63,38,0,76,49,38,41,55,76,43,26
4458,4462458,148748600,56.795,66.653,58.532,76,76,76,76,76,76,76,76,76,76,76
4459,4463459,148781967,61.420,71.619,62.696,76,76,76,76,76,76,76,76,76,76,76
4460,4464460,148815333,62.907,72.560,63.720,76,76,76,76,76,76,76,76,76,76,76
4461,4465461,148848700,62.397,72.582,63.843,76,76,76,76,76,76,76,76,76,76,76
4462,4466462,148882067,62.400,72.613,63.842,76,76,76,76,76,76,76,76,76,76,76
4463,4467463,148915433,51.615,59.641,54.083,76,76,76,76,76,76,76,76,76,76,76
4464,4468464,148948800,14.992,18.110,30.946,58,76,28,51,76,76,32,51,76,66,53
4465,4469465,148982167,0.937,2.609,24.789,22,45,0,0,49,33,0,29,76,56,0
4466,4470466,149015533,0.000,1.459,29.928,0,0,0,0,0,37,0,33,76,28,0
4467,4471467,149048900,0.000,3.030,26.396,0,0,0,0,19,37,0,48,76,40,0
4468,4472468,149082267,0.000,3.174,23.266,0,0,0,0,19,37,0,50,76,42,0
4469,4473469,149115633,41.172,50.031,50.874,76,76,59,76,76,76,76,76,76,76,76
4470,4474470,149149000,59.742,69.521,60.918,76,76,76,76,76,76,76,76,76,76,76
4471,4475471,149182367,62.302,72.293,63.267,76,76,76,76,76,76,76,76,76,76,76
4472,4476472,149215733,62.818,72.574,63.730,76,76,76,76,76,76,76,76,76,76,76
4473,4477473,149249100,62.780,72.524,63.747,76,76,76,76,76,76,76,76,76,76,76
4474,4478474,149282467,62.747,72.533,63.677,76,76,76,76,76,76,76,76,76,76,76
4475,4479475,149315833,51.540,55.108,53.236,76,76,76,76,76,76,76,76,76,76,76
4476,4480476,149349200,14.529,17.437,30.020,54,76,29,51,76,76,27,52,76,65,51
4477,4481477,149382567,0.616,2.789,25.033,18,41,0,0,55,29,0,30,76,55,0
4478,4482478,149415933,0.000,1.685,29.776,0,0,0,0,0,29,0,33,76,30,0
4479,4483479,149449300,0.000,2.904,26.248,0,0,0,0,0,29,0,48,76,43,0
4480,4484480,149482667,0.000,3.134,23.430,0,0,0,0,0,29,0,52,76,43,0
4481,4485481,149516033,22.114,22.888,39.229,76,76,28,76,76,72,70,76,76,60,61
4482,4486482,149549400,58.680,68.066,59.395,76,76,76,76,76,76,76,76,76,76,76
4483,4487483,149582767,61.784,71.399,62.645,76,76,76,76,76,76,76,76,76,76,76
4484,4488484,149616133,62.828,72.280,63.418,76,76,76,76,76,76,76,76,76,76,76
4485,4489485,149649500,62.732,72.347,63.534,76,76,76,76,76,76,76,76,76,76,76
4486,4490486,149682867,62.705,72.350,63.541,76,76,76,76,76,76,76,76,76,76,76
4487,4491487,149716233,59.256,65.524,55.631,76,76,76,76,76,76,76,76,76,76,76
4488,4492488,149749600,26.712,25.384,26.801,76,76,59,70,76,76,43,70,76,64,68
4489,4493489,149782967,3.608,3.987,5.256,35,64,17,0,73,48,0,0,57,22,0
4490,4494490,149816333,0.152,0.246,0.114,0,20,0,0,20,32,0,0,19,0,0
4491,4495491,149849700,0.000,0.124,0.000,0,0,0,0,20,32,0,0,0,0,0
4492,4496492,149883067,0.150,0.124,0.213,0,0,0,23,20,32,0,0,20,0,0
4493,4497493,149916433,48.764,24.096,33.826,76,76,76,76,76,76,0,76,76,76,76
4494,4498494,149949800,55.239,32.078,44.413,76,76,76,76,76,76,25,76,76,76,76
4495,4499495,149983167,56.264,33.172,47.311,76,76,76,76,76,76,28,76,76,76,76
4496,4500496,150016533,56.601,33.324,47.863,76,76,76,76,76,76,28,76,76,76,76
4497,4501497,150049900,56.722,33.356,47.951,76,76,76,76,76,76,28,76,76,76,76
4498,4502498,150083267,56.745,33.341,47.894,76,76,76,76,76,76,28,76,76,76,76
4499,4503499,150116633,40.692,24.619,35.012,76,76,76,76,76,76,0,76,76,76,76
4500,4504500,150150000,16.393,21.739,19.104,61,76,21,32,76,76,21,45,76,42,36
4501,4505501,150183367,9.207,20.820,16.616,26,76,0,0,76,76,22,43,76,41,28
4502,4506502,150216733,4.165,22.419,13.036,17,76,0,0,76,76,0,20,76,20,0
4503,4507503,150250100,1.838,31.011,12.213,17,59,0,0,76,76,19,26,76,26,22
4504,4508504,150283467,1.459,32.521,12.282,17,52,0,0,76,76,21,27,76,29,24
4505,4509505,150316833,15.304,44.274,32.047,76,26,0,76,76,76,76,76,76,76,76
4506,4510506,150350200,19.648,50.904,43.621,76,64,21,76,76,76,76,76,76,76,76
4507,4511507,150383567,22.015,51.310,48.037,76,66,24,76,76,76,76,76,76,76,76
4508,4512508,150416933,22.836,51.586,48.885,76,67,24,76,76,76,76,76,76,76,76
4509,4513509,150450300,22.809,51.484,48.997,76,67,24,76,76,76,76,76,76,76,76
4510,4514510,150483667,22.749,51.464,48.979,76,63,24,76,76,76,76,76,76,76,76
4511,4515511,150517033,14.360,41.263,35.985,76,20,0,76,76,76,76,76,76,76,76
4512,4516512,150550400,6.735,28.916,18.136,56,47,0,53,76,76,29,49,76,52,55
4513,4517513,150583767,2.024,24.504,13.028,24,50,0,0,76,76,25,29,76,34,24
4514,4518514,150617133,4.634,21.624,14.015,22,76,0,0,76,76,0,18,76,18,0
4515,4519515,150650500,7.560,24.418,14.328,25,76,0,0,76,76,17,34,76,34,0
4516,4520516,150683867,7.866,24.877,14.663,27,76,0,0,76,76,18,36,76,36,17
4517,4521517,150717233,20.755,26.640,21.368,73,76,0,76,76,76,0,76,76,75,76
4518,4522518,150750600,50.992,31.551,42.392,76,76,76,76,76,76,18,76,76,76,76
4519,4523519,150783967,55.239,33.286,46.649,76,76,76,76,76,76,27,76,76,76,76
4520,4524520,150817333,56.328,33.469,47.664,76,76,76,76,76,76,28,76,76,76,76
4521,4525521,150850700,56.362,33.504,47.899,76,76,76,76,76,76,30,76,76,76,76
4522,4526522,150884067,56.427,33.401,47.816,76,76,76,76,76,76,30,76,76,76,76
4523,4527523,150917433,40.138,24.509,35.314,76,76,76,76,76,76,0,76,76,76,76
4524,4528524,150950800,16.323,21.584,19.141,59,76,24,37,76,76,22,50,76,47,36
4525,4529525,150984167,9.862,20.891,16.863,31,76,0,0,76,76,24,46,76,41,27
4526,4530526,151017533,4.537,19.217,14.441,19,76,0,0,76,76,0,21,76,19,0
4527,4531527,151050900,1.941,29.395,13.068,19,57,0,0,76,76,21,25,76,26,21
4528,4532528,151084267,1.511,32.133,12.199,19,55,0,0,76,76,22,27,76,29,24
4529,4533529,151117633,15.350,45.115,32.507,76,35,0,76,76,76,76,76,76,76,76
4530,4534530,151151000,20.107,51.423,43.871,76,62,21,76,76,76,76,76,76,76,76
4531,4535531,151184367,22.363,51.383,48.199,76,66,24,76,76,76,76,76,76,76,76
4532,4536532,151217733,22.954,51.663,48.678,76,67,24,76,76,76,76,76,76,76,76
4533,4537533,151251100,22.929,51.553,48.689,76,67,24,76,76,76,76,76,76,76,76
4534,4538534,151284467,22.828,51.565,48.708,76,64,24,76,76,76,76,76,76,76,76
4535,4539535,151317833,15.152,43.502,36.264,76,0,0,76,76,76,76,76,76,76,76
4536,4540536,151351200,6.633,28.801,18.789,62,43,0,53,76,76,35,46,76,57,55
4537,4541537,151384567,2.178,24.121,13.001,32,46,0,0,76,76,21,27,76,36,21
4538,4542538,151417933,5.390,24.815,13.978,21,76,0,0,76,76,0,22,76,22,0
4539,4543539,151451300,7.688,24.457,14.685,28,76,0,0,76,76,18,37,76,36,18
4540,4544540,151484667,7.797,24.346,14.428,28,76,0,0,76,76,19,40,76,38,18
4541,4545541,151518033,23.306,28.074,25.371,76,76,26,76,76,76,0,76,76,76,76
4542,4546542,151551400,51.800,31.678,42.474,76,76,76,76,76,76,20,76,76,76,76
4543,4547543,151584767,55.547,33.307,46.722,76,76,76,76,76,76,27,76,76,76,76
4544,4548544,151618133,56.600,33.435,47.801,76,76,76,76,76,76,28,76,76,76,76
4545,4549545,151651500,56.715,33.454,47.787,76,76,76,76,76,76,28,76,76,76,76
4546,4550546,151684867,56.574,33.144,47.559,76,76,76,76,76,76,28,76,76,76,76
4547,4551547,151718233,39.584,24.824,35.184,76,76,76,76,76,76,0,76,76,76,76
4548,4552548,151751600,16.426,21.840,19.244,59,76,21,44,76,76,22,50,76,44,36
4549,4553549,151784967,9.672,21.061,16.518,30,76,0,0,76,76,22,40,76,39,27
4550,4554550,151818333,4.584,21.802,13.555,18,76,0,0,76,76,0,18,76,0,0
4551,4555551,151851700,1.961,30.630,12.841,18,61,0,0,76,76,19,26,76,26,22
4552,4556552,151885067,1.771,32.002,11.976,18,51,0,35,76,76,22,26,76,28,25
4553,4557553,151918433,17.526,47.540,37.021,76,44,0,76,76,76,76,76,76,76,76
4554,4558554,151951800,20.869,51.342,45.839,76,66,22,76,76,76,76,76,76,76,76
4555,4559555,151985167,22.371,51.337,48.353,76,62,24,76,76,76,76,76,76,76,76
4556,4560556,152018533,22.648,51.473,48.844,76,63,25,76,76,76,76,76,76,76,76
4557,4561557,152051900,22.612,51.607,48.889,76,62,25,76,76,76,76,76,76,76,76
4558,4562558,152085267,22.636,51.551,48.678,76,64,26,76,76,76,76,76,76,76,76
4559,4563559,152118633,13.310,40.118,31.570,76,23,0,76,76,76,76,76,76,76,76
4560,4564560,152152000,5.525,27.218,16.021,53,45,0,38,76,76,31,36,76,37,30
4561,4565561,152185367,1.553,24.149,13.033,25,48,0,0,76,76,25,33,76,34,23
4562,4566562,152218733,3.457,20.938,12.531,20,76,0,0,76,76,0,0,76,0,0
4563,4567563,152252100,7.171,24.034,14.280,26,76,0,0,76,76,0,31,76,30,23
4564,4568564,152285467,7.415,23.244,14.193,27,76,0,0,76,76,17,36,76,36,23
4565,4569565,152318833,41.526,29.105,37.658,76,76,74,76,76,76,0,76,76,76,76
4566,4570566,152352200,54.143,32.706,44.558,76,76,76,76,76,76,23,76,76,76,76
4567,4571567,152385567,56.838,33.382,47.156,76,76,76,76,76,76,28,76,76,76,76
4568,4572568,152418933,56.706,33.507,47.797,76,76,76,76,76,76,28,76,76,76,76
4569,4573569,152452300,56.726,33.592,47.793,76,76,76,76,76,76,28,76,76,76,76
4570,4574570,152485667,56.792,33.550,47.840,76,76,76,76,76,76,28,76,76,76,76
4571,4575571,152519033,47.960,26.528,37.696,76,76,76,76,76,76,0,76,76,76,76
4572,4576572,152552400,18.920,22.269,20.576,71,76,43,47,76,76,19,53,76,47,50
4573,4577573,152585767,10.271,20.994,16.829,35,76,0,0,76,76,22,41,76,39,27
4574,4578574,152619133,3.668,23.206,13.530,18,76,0,0,76,76,0,23,76,23,0
4575,4579575,152652500,1.716,30.530,13.088,20,52,0,0,76,76,19,27,76,27,26
4576,4580576,152685867,1.583,31.604,11.853,21,48,0,0,76,76,22,27,76,27,22
4577,4581577,152719233,17.008,45.941,36.471,76,38,0,76,76,76,76,76,76,76,76
4578,4582578,152752600,20.615,51.299,45.314,76,64,23,76,76,76,76,76,76,76,76
4579,4583579,152785967,22.175,51.365,48.248,76,63,26,76,76,76,76,76,76,76,76
4580,4584580,152819333,22.776,51.358,48.701,76,62,26,76,76,76,76,76,76,76,76
4581,4585581,152852700,22.777,51.435,48.819,76,69,26,76,76,76,76,76,76,76,76
4582,4586582,152886067,22.296,51.324,48.260,76,69,26,76,76,76,76,76,76,76,76
4583,4587583,152919433,13.238,40.324,31.315,76,25,0,76,76,76,76,76,76,76,76
4584,4588584,152952800,5.113,27.085,15.975,53,46,0,36,76,76,30,36,76,37,32
4585,4589585,152986167,1.475,24.259,12.136,25,48,0,0,76,76,25,31,76,33,21
4586,4590586,153019533,4.491,24.365,13.791,24,76,0,0,76,76,0,17,76,17,0
4587,4591587,153052900,7.565,24.280,14.433,28,76,0,0,76,76,17,35,76,33,19
4588,4592588,153086267,7.612,23.467,14.245,27,76,0,0,76,76,17,37,76,36,18
4589,4593589,153119633,42.340,31.165,37.067,76,76,76,76,76,76,0,76,76,76,76
4590,4594590,153153000,54.088,32.857,44.344,76,76,76,76,76,76,23,76,76,76,76
4591,4595591,153186367,56.291,33.468,47.096,76,76,76,76,76,76,27,76,76,76,76
4592,4596592,153219733,57.095,33.670,47.851,76,76,76,76,76,76,28,76,76,76,76
4593,4597593,153253100,57.108,33.575,47.867,76,76,76,76,76,76,28,76,76,76,76
4594,4598594,153286467,57.226,33.364,47.745,76,76,76,76,76,76,28,76,76,76,76
4595,4599595,153319833,47.826,24.952,37.510,76,76,76,76,76,76,0,76,76,76,76
4596,4600596,153353200,18.202,21.031,20.209,71,76,37,49,76,76,19,52,76,51,45
4597,4601597,153386567,8.680,19.769,16.140,26,76,0,0,76,76,22,41,76,41,27
4598,4602598,153419933,3.520,24.875,14.111,18,76,0,0,76,76,0,24,76,24,0
4599,4603599,153453300,1.646,31.210,13.148,18,50,0,0,76,76,19,28,76,28,23
4600,4604600,153486667,1.559,32.900,12.488,19,50,0,0,76,76,22,28,76,30,24
4601,4605601,153520033,13.825,41.032,28.082,76,19,0,76,76,76,76,76,76,76,76
4602,4606602,153553400,19.632,50.746,43.007,76,70,18,76,76,76,76,76,76,76,76
4603,4607603,153586767,21.682,51.261,47.852,76,67,23,76,76,76,76,76,76,76,76
4604,4608604,153620133,22.577,51.523,48.589,76,69,27,76,76,76,76,76,76,76,76
4605,4609605,153653500,22.509,51.486,48.695,76,65,27,76,76,76,76,76,76,76,76
4606,4610606,153686867,20.824,51.254,47.452,76,55,22,76,76,76,76,76,76,76,76
4607,4611607,153720233,12.422,40.378,31.323,76,31,0,76,76,76,76,76,76,76,76
4608,4612608,153753600,4.853,26.838,16.413,39,49,0,36,76,76,28,36,76,39,31
4609,4613609,153786967,1.469,24.785,13.113,24,52,0,0,76,76,24,30,76,31,24
4610,4614610,153820333,4.787,23.478,13.672,22,76,0,0,76,76,0,0,76,0,17
4611,4615611,153853700,7.483,24.104,14.578,29,76,0,0,76,76,17,33,76,31,18
4612,4616612,153887067,7.569,22.853,13.733,29,76,0,19,76,76,17,36,76,35,18
4613,4617613,153920433,42.237,30.477,37.763,76,76,76,76,76,76,0,76,76,76,76
4614,4618614,153953800,54.499,32.928,44.764,76,76,76,76,76,76,24,76,76,76,76
4615,4619615,153987167,56.632,33.273,47.127,76,76,76,76,76,76,28,76,76,76,76
4616,4620616,154020533,57.082,33.483,47.952,76,76,76,76,76,76,28,76,76,76,76
4617,4621617,154053900,57.009,33.544,47.915,76,76,76,76,76,76,28,76,76,76,76
4618,4622618,154087267,56.711,32.868,45.958,76,76,76,76,76,76,28,76,76,76,76
4619,4623619,154120633,36.287,24.597,32.201,76,76,76,76,76,76,0,76,76,76,76
4620,4624620,154154000,14.480,21.877,18.201,51,76,20,30,76,76,21,47,76,46,31
4621,4625621,154187367,8.322,19.640,14.679,30,76,0,0,76,76,21,31,76,29,24
4622,4626622,154220733,3.458,25.510,13.086,20,76,0,0,76,76,0,18,76,18,0
4623,4627623,154254100,1.759,31.787,12.465,20,53,0,0,76,76,21,27,76,28,24
4624,4628624,154287467,1.469,32.114,11.864,22,49,0,20,76,76,21,27,76,28,24
4625,4629625,154320833,17.016,47.253,35.964,76,36,0,76,76,76,76,76,76,76,76
4626,4630626,154354200,20.352,50.925,45.032,76,67,23,76,76,76,76,76,76,76,76
4627,4631627,154387567,22.136,51.518,48.193,76,60,24,76,76,76,76,76,76,76,76
4628,4632628,154420933,22.760,51.748,48.723,76,60,25,76,76,76,76,76,76,76,76
4629,4633629,154454300,22.839,51.736,48.792,76,60,26,76,76,76,76,76,76,76,76
4630,4634630,154487667,22.648,51.517,48.735,76,60,26,76,76,76,76,76,76,76,76
4631,4635631,154521033,13.722,40.392,34.045,76,27,0,76,76,76,76,76,76,76,76
4632,4636632,154554400,5.564,27.785,16.790,49,43,0,39,76,76,27,40,76,43,42
4633,4637633,154587767,1.340,23.810,12.201,23,46,0,0,76,76,20,28,76,33,20
4634,4638634,154621133,5.349,23.947,14.605,24,76,0,0,76,76,0,21,76,20,18
4635,4639635,154654500,7.712,24.553,15.149,28,76,0,0,76,76,18,36,76,34,20
4636,4640636,154687867,9.804,23.341,15.222,27,76,0,69,76,76,17,39,76,30,23
4637,4641637,154721233,44.804,30.568,39.871,76,76,76,76,76,76,0,76,76,76,76
4638,4642638,154754600,55.120,32.622,45.160,76,76,76,76,76,76,24,76,76,76,76
4639,4643639,154787967,56.616,33.261,47.231,76,76,76,76,76,76,28,76,76,76,76
4640,4644640,154821333,57.128,33.371,47.840,76,76,76,76,76,76,29,76,76,76,76
4641,4645641,154854700,57.270,33.299,47.928,76,76,76,76,76,76,29,76,76,76,76
4642,4646642,154888067,57.306,33.213,47.935,76,76,76,76,76,76,29,76,76,76,76
4643,4647643,154921433,49.028,26.720,39.760,76,76,76,76,76,76,0,76,76,76,76
4644,4648644,154954800,19.790,22.356,21.644,65,76,38,64,76,76,18,66,76,64,58
4645,4649645,154988167,10.140,20.910,16.880,32,76,0,0,76,76,22,41,76,40,27
4646,4650646,155021533,4.419,20.967,13.988,20,76,0,0,76,76,0,23,76,23,0
4647,4651647,155054900,1.796,29.790,12.808,20,55,0,0,76,76,18,26,76,26,21
4648,4652648,155088267,1.576,32.652,12.342,21,54,0,0,76,76,24,27,76,29,24
4649,4653649,155121633,15.906,45.163,35.844,76,30,0,76,76,76,76,76,76,76,76
4650,4654650,155155000,20.118,50.801,45.068,76,68,23,76,76,76,76,76,76,76,76
4651,4655651,155188367,22.018,51.304,48.131,76,63,26,76,76,76,76,76,76,76,76
4652,4656652,155221733,22.744,51.694,48.654,76,60,26,76,76,76,76,76,76,76,76
4653,4657653,155255100,22.687,51.592,48.698,76,60,26,76,76,76,76,76,76,76,76
4654,4658654,155288467,21.409,50.732,47.195,76,56,24,76,76,76,76,76,76,76,76
4655,4659655,155321833,12.508,38.982,29.731,76,28,0,76,76,76,76,76,76,76,76
4656,4660656,155355200,4.952,26.253,15.875,49,47,0,35,76,76,27,37,76,37,29
4657,4661657,155388567,1.343,21.432,11.013,18,48,0,0,76,76,17,21,76,23,18
4658,4662658,155421933,6.132,24.273,14.549,19,76,0,0,76,76,0,24,76,24,18
4659,4663659,155455300,7.910,24.531,14.751,25,76,0,0,76,76,18,38,76,36,21
4660,4664660,155488667,7.929,24.109,14.313,25,76,0,0,76,76,18,37,76,36,21
4661,4665661,155522033,38.972,30.548,37.022,76,76,59,76,76,76,0,76,76,76,76
4662,4666662,155555400,54.264,32.954,44.244,76,76,76,76,76,76,23,76,76,76,76
4663,4667663,155588767,56.152,33.374,47.018,76,76,76,76,76,76,28,76,76,76,76
4664,4668664,155622133,56.680,33.533,47.680,76,76,76,76,76,76,29,76,76,76,76
4665,4669665,155655500,56.734,33.533,47.699,76,76,76,76,76,76,29,76,76,76,76
4666,4670666,155688867,56.745,33.428,47.703,76,76,76,76,76,76,29,76,76,76,76
4667,4671667,155722233,48.115,26.361,39.213,76,76,76,76,76,76,0,76,76,76,76
4668,4672668,155755600,19.846,22.550,21.261,60,76,35,57,76,76,20,65,76,61,46
4669,4673669,155788967,8.846,19.241,16.316,27,76,0,17,76,76,20,38,76,35,24
4670,4674670,155822333,3.498,25.806,13.825,18,76,0,0,76,76,0,23,76,23,0
4671,4675671,155855700,1.777,31.379,13.051,18,53,0,0,76,76,21,27,76,27,26
4672,4676672,155889067,1.569,32.514,12.077,20,50,0,18,76,76,22,27,76,28,24
4673,4677673,155922433,17.453,48.331,35.875,76,46,0,76,76,76,76,76,76,76,76
4674,4678674,155955800,20.146,51.424,45.527,76,64,22,76,76,76,76,76,76,76,76
4675,4679675,155989167,22.280,51.359,48.310,76,60,24,76,76,76,76,76,76,76,76
4676,4680676,156022533,22.671,51.684,48.844,76,60,24,76,76,76,76,76,76,76,76
4677,4681677,156055900,22.777,51.755,48.922,76,60,24,76,76,76,76,76,76,76,76
4678,4682678,156089267,20.246,50.472,46.412,76,54,24,76,76,76,76,76,76,76,76
4679,4683679,156122633,12.316,38.608,29.724,76,32,0,76,76,76,76,76,76,76,76
4680,4684680,156156000,4.575,26.687,15.647,49,46,0,27,76,76,25,36,76,37,29
4681,4685681,156189367,1.625,20.731,11.683,18,53,0,0,76,76,0,23,76,23,20
4682,4686682,156222733,6.568,24.612,14.643,23,76,0,0,76,76,17,27,76,27,0
4683,4687683,156256100,7.912,24.884,15.010,26,76,0,0,76,76,21,39,76,37,17
4684,4688684,156289467,7.868,24.399,14.361,26,76,0,0,76,76,20,39,76,37,18
4685,4689685,156322833,43.160,31.632,37.601,76,76,76,76,76,76,0,76,76,76,76
4686,4690686,156356200,54.559,33.210,44.509,76,76,76,76,76,76,24,76,76,76,76
4687,4691687,156389567,56.340,33.428,47.351,76,76,76,76,76,76,27,76,76,76,76
4688,4692688,156422933,56.858,33.544,48.191,76,76,76,76,76,76,28,76,76,76,76
4689,4693689,156456300,56.920,33.640,48.204,76,76,76,76,76,76,29,76,76,76,76
4690,4694690,156489667,56.995,33.528,48.130,76,76,76,76,76,76,29,76,76,76,76
4691,4695691,156523033,45.407,24.356,35.997,76,76,76,76,76,76,0,76,76,76,76
4692,4696692,156556400,17.355,21.479,19.668,74,76,36,38,76,76,20,51,76,45,39
4693,4697693,156589767,8.363,19.310,15.868,23,76,0,0,76,76,21,40,76,38,22
4694,4698694,156623133,3.314,25.566,13.984,0,76,0,0,76,76,0,24,76,24,0
4695,4699695,156656500,1.751,31.671,13.309,22,52,0,0,76,76,22,29,76,30,24
4696,4700696,156689867,1.979,31.664,12.097,22,44,0,56,76,76,22,30,76,30,25
4697,4701697,156723233,17.903,47.619,38.322,76,43,0,76,76,76,76,76,76,76,76
4698,4702698,156756600,20.899,51.446,46.273,76,64,21,76,76,76,76,76,76,76,76
4699,4703699,156789967,22.452,51.421,48.354,76,68,24,76,76,76,76,76,76,76,76
4700,4704700,156823333,23.057,51.264,48.904,76,68,26,76,76,76,76,76,76,76,76
4701,4705701,156856700,23.153,51.245,48.924,76,69,26,76,76,76,76,76,76,76,76
4702,4706702,156890067,23.192,51.261,48.949,76,70,26,76,76,76,76,76,76,76,76
4703,4707703,156923433,23.170,51.269,48.965,76,70,26,76,76,76,76,76,76,76,76
4704,4708704,156956800,23.145,51.272,48.977,76,70,26,76,76,76,76,76,76,76,76
4705,4709705,156990167,20.729,49.724,46.089,76,66,23,76,76,76,76,76,76,76,76
4706,4710706,157023533,16.470,39.955,33.832,76,76,0,76,76,76,69,76,76,76,76
4707,4711707,157056900,10.961,26.353,19.675,42,76,0,33,76,76,24,42,76,40,29
4708,4712708,157090267,10.872,25.655,17.110,30,76,0,49,76,76,22,42,76,40,29
4709,4713709,157123633,40.980,31.404,40.289,76,76,72,76,76,76,0,76,76,76,76
4710,4714710,157157000,54.947,32.926,45.673,76,76,76,76,76,76,25,76,76,76,76
4711,4715711,157190367,56.897,33.362,47.328,76,76,76,76,76,76,28,76,76,76,76
4712,4716712,157223733,56.518,33.374,47.896,76,76,76,76,76,76,29,76,76,76,76
4713,4717713,157257100,56.548,33.365,47.918,76,76,76,76,76,76,29,76,76,76,76
4714,4718714,157290467,56.227,32.718,44.703,76,76,76,76,76,76,27,76,76,76,76
4715,4719715,157323833,37.433,24.602,30.843,76,76,76,76,76,76,0,76,76,76,76
4716,4720716,157357200,14.424,21.832,18.341,60,76,24,26,76,76,22,44,76,41,29
4717,4721717,157390567,6.104,15.742,12.568,20,76,0,0,76,76,18,24,76,24,19
4718,4722718,157423933,2.513,26.640,12.337,17,76,0,0,76,76,0,23,76,23,0
4719,4723719,157457300,1.616,32.143,12.373,20,52,0,0,76,76,22,27,76,28,23
4720,4724720,157490667,1.510,32.884,12.212,20,52,0,0,76,76,22,27,76,30,24
4721,4725721,157524033,16.197,45.561,35.019,76,35,0,76,76,76,76,76,76,76,76
4722,4726722,157557400,20.464,51.807,44.797,76,63,21,76,76,76,76,76,76,76,76
4723,4727723,157590767,21.612,51.262,48.179,76,58,24,76,76,76,76,76,76,76,76
4724,4728724,157624133,22.540,51.512,48.696,76,60,24,76,76,76,76,76,76,76,76
4725,4729725,157657500,22.552,51.429,48.893,76,60,24,76,76,76,76,76,76,76,76
4726,4730726,157690867,17.802,49.542,39.232,76,43,0,76,76,76,76,76,76,76,76
4727,4731727,157724233,9.571,32.137,22.733,76,36,0,73,76,76,45,70,76,75,69
4728,4732728,157757600,3.160,25.297,14.589,36,52,0,20,76,76,25,32,76,34,26
4729,4733729,157790967,1.352,24.712,11.464,20,52,0,0,76,76,24,27,76,29,20
4730,4734730,157824333,5.077,24.843,13.790,20,76,0,0,76,76,0,20,76,17,0
4731,4735731,157857700,7.675,25.259,14.459,25,76,0,0,76,76,18,36,76,34,17
4732,4736732,157891067,12.082,24.030,15.241,32,76,0,76,76,76,18,49,76,29,38
4733,4737733,157924433,47.782,31.726,40.163,76,76,76,76,76,76,18,76,76,76,76
4734,4738734,157957800,55.791,33.256,45.849,76,76,76,76,76,76,27,76,76,76,76
4735,4739735,157991167,56.854,33.359,47.909,76,76,76,76,76,76,28,76,76,76,76
4736,4740736,158024533,57.286,33.452,48.109,76,76,76,76,76,76,28,76,76,76,76
4737,4741737,158057900,57.331,33.397,48.075,76,76,76,76,76,76,28,76,76,76,76
4738,4742738,158091267,56.788,32.766,44.786,76,76,76,76,76,76,27,76,76,76,76
4739,4743739,158124633,38.044,24.291,30.211,76,76,76,76,76,76,0,76,76,76,76
4740,4744740,158158000,14.668,22.043,18.059,47,76,23,31,76,76,22,47,76,41,34
4741,4745741,158191367,8.085,19.658,14.250,26,76,0,0,76,76,22,26,76,26,21
4742,4746742,158224733,3.154,27.326,12.679,20,76,0,0,76,76,20,21,76,22,19
4743,4747743,158258100,1.800,32.349,12.872,20,51,0,0,76,76,22,29,76,31,23
4744,4748744,158291467,1.535,32.849,12.511,20,51,0,0,76,76,22,29,76,31,24
4745,4749745,158324833,16.418,46.231,36.549,76,31,0,76,76,76,76,76,76,76,76
4746,4750746,158358200,20.583,51.286,45.315,76,60,22,76,76,76,76,76,76,76,76
4747,4751747,158391567,22.570,51.448,48.248,76,63,24,76,76,76,76,76,76,76,76
4748,4752748,158424933,22.984,51.675,48.833,76,65,25,76,76,76,76,76,76,76,76
4749,4753749,158458300,22.996,51.549,48.862,76,65,26,76,76,76,76,76,76,76,76
4750,4754750,158491667,15.796,47.619,39.771,76,0,0,76,76,76,76,76,76,76,76
4751,4755751,158525033,9.427,32.254,22.400,76,37,0,68,76,76,46,74,76,68,71
4752,4756752,158558400,3.534,25.584,14.186,36,48,0,23,76,76,24,34,76,36,26
4753,4757753,158591767,1.254,23.660,10.104,23,48,0,0,76,76,20,24,76,26,18
4754,4758754,158625133,5.349,24.856,13.942,23,76,0,0,76,76,0,22,76,22,0
4755,4759755,158658500,7.788,24.334,14.612,29,76,0,0,76,76,20,36,76,33,18
4756,4760756,158691867,7.822,23.942,14.873,29,76,0,0,76,76,20,39,76,36,19
4757,4761757,158725233,35.351,30.390,33.720,76,76,61,76,76,76,0,76,76,76,76
4758,4762758,158758600,53.620,33.177,43.704,76,76,76,76,76,76,22,76,76,76,76
4759,4763759,158791967,56.377,33.451,47.006,76,76,76,76,76,76,27,76,76,76,76
4760,4764760,158825333,57.034,33.634,47.694,76,76,76,76,76,76,27,76,76,76,76
4761,4765761,158858700,56.980,33.621,47.774,76,76,76,76,76,76,27,76,76,76,76
4762,4766762,158892067,55.447,32.566,45.745,76,76,76,76,76,76,24,76,76,76,76
4763,4767763,158925433,30.496,23.899,30.655,76,76,67,76,76,76,0,76,76,76,75
4764,4768764,158958800,12.965,21.893,18.187,37,76,18,28,76,76,22,47,76,44,28
4765,4769765,158992167,8.504,20.634,16.413,25,76,0,0,76,76,22,43,76,39,24
4766,4770766,159025533,3.871,24.522,13.767,19,76,0,0,76,76,0,21,76,21,0
4767,4771767,159058900,1.800,31.678,13.546,19,52,0,0,76,76,20,27,76,29,22
4768,4772768,159092267,1.752,32.368,11.756,19,52,0,38,76,76,21,27,76,29,25
4769,4773769,159125633,17.717,48.567,37.146,76,48,0,76,76,76,76,76,76,76,76
4770,4774770,159159000,20.749,51.545,45.534,76,69,22,76,76,76,76,76,76,76,76
4771,4775771,159192367,22.533,51.392,48.435,76,70,23,76,76,76,76,76,76,76,76
4772,4776772,159225733,22.897,51.691,48.890,76,71,25,76,76,76,76,76,76,76,76
4773,4777773,159259100,22.856,51.559,48.854,76,70,24,76,76,76,76,76,76,76,76
4774,4778774,159292467,22.666,51.512,48.586,76,70,24,76,76,76,76,76,76,76,76
4775,4779775,159325833,13.004,41.163,32.278,76,27,0,76,76,76,76,76,76,76,76
4776,4780776,159359200,4.963,27.274,16.599,38,45,0,34,76,76,29,37,76,43,31
4777,4781777,159392567,1.350,22.847,11.261,22,47,0,0,76,76,18,23,76,29,18
4778,4782778,159425933,5.852,24.245,14.399,21,76,0,0,76,76,0,30,76,24,0
4779,4783779,159459300,7.822,24.314,14.854,26,76,0,0,76,76,18,37,76,36,19
4780,4784780,159492667,17.304,24.570,21.022,74,76,0,76,76,76,0,76,76,63,69
4781,4785781,159526033,51.114,29.937,42.124,76,76,76,76,76,76,17,76,76,76,76
4782,4786782,159559400,56.024,33.293,46.442,76,76,76,76,76,76,27,76,76,76,76
4783,4787783,159592767,56.839,33.487,47.717,76,76,76,76,76,76,27,76,76,76,76
4784,4788784,159626133,56.818,33.455,48.016,76,76,76,76,76,76,27,76,76,76,76
4785,4789785,159659500,56.834,33.438,47.977,76,76,76,76,76,76,27,76,76,76,76
4786,4790786,159692867,52.242,28.073,35.161,76,76,76,76,76,76,0,76,76,76,76
4787,4791787,159726233,24.785,20.885,12.378,76,76,59,66,76,76,0,76,76,65,60
4788,4792788,159759600,11.893,19.205,4.071,49,76,0,20,76,76,22,17,49,24,27
4789,4793789,159792967,5.692,17.868,0.000,20,76,0,0,76,76,0,0,0,0,0
4790,4794790,159826333,2.538,28.853,0.424,20,76,0,0,76,76,19,0,0,0,19
4791,4795791,159859700,1.720,32.431,1.714,21,52,0,0,76,76,23,0,0,19,23
4792,4796792,159893067,6.775,32.789,6.358,30,45,0,76,76,76,22,58,53,34,48
4793,4797793,159926433,18.845,50.960,39.371,76,60,0,76,76,76,76,76,76,76,76
4794,4798794,159959800,21.706,51.859,46.947,76,64,24,76,76,76,76,76,76,76,76
4795,4799795,159993167,22.789,51.709,48.828,76,67,26,76,76,76,76,76,76,76,76
4796,4800796,160026533,22.801,51.299,49.077,76,70,26,76,76,76,76,76,76,76,76
4797,4801797,160059900,22.974,51.382,49.112,76,70,26,76,76,76,76,76,76,76,76
4798,4802798,160093267,18.170,50.371,43.848,76,40,17,76,76,76,76,76,76,76,76
4799,4803799,160126633,11.016,36.119,20.176,76,36,0,76,76,76,63,76,76,76,74
4800,4804800,160160000,4.429,26.078,5.299,42,47,0,27,76,76,24,24,59,29,26
4801,4805801,160193367,1.609,21.050,0.000,19,54,0,0,76,76,0,0,0,0,0
4802,4806802,160226733,6.631,23.220,0.025,24,76,0,0,76,76,0,0,0,0,17
4803,4807803,160260100,7.844,23.336,0.614,27,76,0,0,76,76,20,0,0,17,19
4804,4808804,160293467,8.307,22.955,1.496,27,76,0,51,76,76,19,21,0,19,21
4805,4809805,160326833,46.023,31.438,32.185,76,76,76,76,76,76,0,76,76,76,76
4806,4810806,160360200,55.210,33.232,43.432,76,76,76,76,76,76,25,76,76,76,76
4807,4811807,160393567,56.766,33.541,46.024,76,76,76,76,76,76,28,76,76,76,76
4808,4812808,160426933,57.203,33.627,46.717,76,76,76,76,76,76,28,76,76,76,76
4809,4813809,160460300,57.136,33.604,46.660,76,76,76,76,76,76,28,76,76,76,76
4810,4814810,160493667,52.231,28.142,32.972,76,76,76,76,76,76,0,76,76,76,76
4811,4815811,160527033,24.563,20.546,11.074,76,76,58,60,76,76,0,66,76,71,56
4812,4816812,160560400,11.476,19.181,3.639,45,76,0,19,76,76,24,0,40,25,29
4813,4817813,160593767,5.633,15.822,0.000,18,76,0,0,76,76,0,0,0,0,0
4814,4818814,160627133,2.328,27.640,0.223,18,74,0,0,76,76,0,0,0,0,18
4815,4819815,160660500,1.557,32.384,1.621,18,51,0,0,76,76,22,0,0,17,24
4816,4820816,160693867,5.803,31.056,3.531,31,40,0,76,76,76,21,45,0,28,35
4817,4821817,160727233,18.467,50.190,37.806,76,53,0,76,76,76,76,76,76,76,76
4818,4822818,160760600,21.010,51.592,46.475,76,72,24,76,76,76,76,76,76,76,76
4819,4823819,160793967,22.211,51.520,48.445,76,73,24,76,76,76,76,76,76,76,76
4820,4824820,160827333,23.116,51.636,48.910,76,72,25,76,76,76,76,76,76,76,76
4821,4825821,160860700,22.908,51.624,48.913,76,72,25,76,76,76,76,76,76,76,76
4822,4826822,160894067,16.739,48.292,36.088,76,32,0,76,76,76,76,76,76,76,76
4823,4827823,160927433,8.416,30.799,12.923,76,39,0,64,76,76,44,55,76,66,54
4824,4828824,160960800,2.799,24.277,4.325,38,47,0,20,76,76,26,17,64,24,23
4825,4829825,160994167,3.764,21.861,0.101,21,76,0,0,76,76,0,0,0,0,19
4826,4830826,161027533,7.267,23.169,0.123,24,76,0,0,76,76,17,0,0,0,21
4827,4831827,161060900,7.755,23.251,0.363,27,76,0,0,76,76,19,0,0,17,17
4828,4832828,161094267,13.692,23.346,4.581,37,76,0,76,76,76,0,58,69,32,36
4829,4833829,161127633,48.404,30.150,36.546,76,76,76,76,76,76,0,76,76,76,76
4830,4834830,161161000,54.939,32.874,45.320,76,76,76,76,76,76,25,76,76,76,76
4831,4835831,161194367,56.411,33.354,47.517,76,76,76,76,76,76,27,76,76,76,76
4832,4836832,161227733,56.650,33.293,47.940,76,76,76,76,76,76,27,76,76,76,76
4833,4837833,161261100,56.624,33.277,47.959,76,76,76,76,76,76,27,76,76,76,76
4834,4838834,161294467,49.740,26.488,34.315,76,76,76,76,76,76,0,76,76,76,76
4835,4839835,161327833,21.884,21.022,11.552,70,76,45,65,76,76,18,64,76,64,56
4836,4840836,161361200,11.284,19.343,3.919,36,76,0,21,76,76,23,17,47,27,27
4837,4841837,161394567,6.750,15.808,0.335,24,76,0,0,76,76,18,0,0,0,19
4838,4842838,161427933,2.923,27.353,0.087,0,76,0,0,76,76,17,0,0,0,18
4839,4843839,161461300,1.775,32.606,1.711,22,51,0,0,76,76,21,0,0,19,23
4840,4844840,161494667,1.601,32.853,1.848,22,52,0,0,76,76,21,0,0,19,24
4841,4845841,161528033,16.540,46.199,28.878,76,40,0,76,76,76,76,76,76,76,76
4842,4846842,161561400,20.249,50.975,43.872,76,63,20,76,76,76,76,76,76,76,76
4843,4847843,161594767,22.338,51.369,48.072,76,65,24,76,76,76,76,76,76,76,76
4844,4848844,161628133,22.980,51.373,49.038,76,69,24,76,76,76,76,76,76,76,76
4845,4849845,161661500,23.064,51.346,49.060,76,67,25,76,76,76,76,76,76,76,76
4846,4850846,161694867,17.226,49.421,42.455,76,34,0,76,76,76,76,76,76,76,76
4847,4851847,161728233,10.421,35.307,19.013,76,35,0,76,76,76,65,76,76,76,75
4848,4852848,161761600,4.111,25.654,4.972,43,48,0,27,76,76,24,23,56,27,27
4849,4853849,161794967,4.002,22.703,0.000,23,76,0,0,76,76,0,0,0,0,0
4850,4854850,161828333,7.240,24.104,0.198,26,76,0,0,76,76,19,0,0,17,19
4851,4855851,161861700,7.829,23.675,0.680,28,76,0,0,76,76,21,0,0,18,19
4852,4856852,161895067,12.863,22.328,3.493,40,76,0,76,76,76,0,45,0,32,33
4853,4857853,161928433,48.453,30.002,34.940,76,76,76,76,76,76,0,76,76,76,76
4854,4858854,161961800,56.022,33.132,43.918,76,76,76,76,76,76,25,76,76,76,76
4855,4859855,161995167,56.739,33.492,46.178,76,76,76,76,76,76,28,76,76,76,76
4856,4860856,162028533,56.929,33.510,46.680,76,76,76,76,76,76,28,76,76,76,76
4857,4861857,162061900,57.003,33.515,46.798,76,76,76,76,76,76,28,76,76,76,76
4858,4862858,162095267,55.868,32.046,38.869,76,76,76,76,76,76,24,76,76,76,76
4859,4863859,162128633,33.959,22.922,15.547,76,76,76,76,76,76,0,76,76,76,71
4860,4864860,162162000,13.550,20.313,4.140,45,76,19,24,76,76,24,21,56,29,44
4861,4865861,162195367,5.711,16.408,0.243,20,76,0,0,76,76,0,0,0,17,19
4862,4866862,162228733,2.207,27.657,0.732,20,64,0,0,76,76,18,0,0,18,20
4863,4867863,162262100,1.632,32.264,1.804,20,53,0,0,76,76,24,0,0,19,24
4864,4868864,162295467,1.506,32.200,1.848,20,49,0,23,76,76,24,0,0,19,24
4865,4869865,162328833,17.341,48.339,32.766,76,47,0,76,76,76,76,76,76,76,76
4866,4870866,162362200,20.873,51.442,44.710,76,76,21,76,76,76,76,76,76,76,76
4867,4871867,162395567,22.532,51.467,48.115,76,73,24,76,76,76,76,76,76,76,76
4868,4872868,162428933,22.937,51.548,48.638,76,74,25,76,76,76,76,76,76,76,76
4869,4873869,162462300,22.857,51.502,48.649,76,74,25,76,76,76,76,76,76,76,76
4870,4874870,162495667,16.168,47.820,35.036,76,26,0,76,76,76,76,76,76,76,76
4871,4875871,162529033,7.679,29.666,12.207,75,41,0,61,76,76,42,52,76,62,61
4872,4876872,162562400,3.107,24.890,3.772,38,50,0,18,76,76,28,0,55,22,25
4873,4877873,162595767,2.197,21.507,0.000,21,76,0,0,76,76,17,0,0,0,0
4874,4878874,162629133,6.606,24.277,0.000,24,76,0,0,76,76,17,0,0,0,0
4875,4879875,162662500,7.873,22.650,0.218,27,76,0,0,76,76,18,0,0,0,18
4876,4880876,162695867,22.113,25.592,12.360,76,76,22,76,76,76,0,76,76,75,76
4877,4881877,162729233,51.559,30.695,39.496,76,76,76,76,76,76,19,76,76,76,76
4878,4882878,162762600,55.396,33.180,46.141,76,76,76,76,76,76,28,76,76,76,76
4879,4883879,162795967,56.472,33.413,47.610,76,76,76,76,76,76,28,76,76,76,76
4880,4884880,162829333,56.477,33.292,47.893,76,76,76,76,76,76,28,76,76,76,76
4881,4885881,162862700,56.501,33.308,47.863,76,76,76,76,76,76,28,76,76,76,76
4882,4886882,162896067,54.411,28.595,39.565,76,76,76,76,76,76,18,76,76,76,76
4883,4887883,162929433,31.157,22.324,25.645,76,76,69,76,76,76,0,76,76,76,70
4884,4888884,162962800,12.968,21.365,17.010,52,76,17,25,76,76,22,39,76,37,27
4885,4889885,162996167,5.344,21.146,13.839,20,76,0,0,76,76,0,41,76,37,17
4886,4890886,163029533,2.181,31.335,14.482,20,64,0,0,76,76,19,41,76,38,20
4887,4891887,163062900,1.664,34.539,15.589,20,56,0,0,76,76,23,41,76,39,24
4888,4892888,163096267,12.177,35.066,23.702,72,27,0,76,76,76,65,76,76,76,76
4889,4893889,163129633,19.165,50.992,40.780,76,56,18,76,76,76,76,76,76,76,76
4890,4894890,163163000,21.978,51.274,45.164,76,60,24,76,76,76,76,76,76,76,76
4891,4895891,163196367,22.581,51.271,46.292,76,60,24,76,76,76,76,76,76,76,76
4892,4896892,163229733,22.572,51.217,46.623,76,60,24,76,76,76,76,76,76,76,76
4893,4897893,163263100,22.558,51.202,46.649,76,60,24,76,76,76,76,76,76,76,76
4894,4898894,163296467,19.951,50.568,43.984,76,58,21,76,76,76,76,76,76,76,76
4895,4899895,163329833,12.579,38.684,29.616,76,32,0,76,76,76,76,76,76,76,76
4896,4900896,163363200,4.978,26.315,18.138,49,48,0,35,76,76,26,28,76,53,29
4897,4901897,163396567,2.498,21.674,16.458,23,76,0,0,76,76,17,22,76,57,20
4898,4902898,163429933,7.019,24.495,16.686,28,76,0,0,76,76,17,22,76,57,20
4899,4903899,163463300,7.806,23.048,17.085,28,76,0,0,76,76,18,22,76,57,21
4900,4904900,163496667,17.688,26.032,20.620,52,76,0,76,76,76,0,76,76,72,71
4901,4905901,163530033,49.497,30.455,41.932,76,76,76,76,76,76,17,76,76,76,76
4902,4906902,163563400,55.714,33.167,46.543,76,76,76,76,76,76,25,76,76,76,76
4903,4907903,163596767,56.520,33.392,47.622,76,76,76,76,76,76,27,76,76,76,76
4904,4908904,163630133,56.796,33.441,47.802,76,76,76,76,76,76,28,76,76,76,76
4905,4909905,163663500,56.796,33.352,47.836,76,76,76,76,76,76,28,76,76,76,76
4906,4910906,163696867,51.155,27.558,35.923,76,76,76,76,76,76,0,76,76,76,76
4907,4911907,163730233,22.129,21.277,21.392,76,76,55,61,76,76,17,66,76,59,60
4908,4912908,163763600,10.427,21.140,16.939,38,76,0,17,76,76,23,41,76,39,27
4909,4913909,163796967,4.310,23.647,14.144,18,76,0,0,76,76,0,41,76,39,20
4910,4914910,163830333,1.863,31.773,15.272,18,56,0,0,76,76,19,41,76,39,21
4911,4915911,163863700,1.619,34.851,15.842,18,51,0,0,76,76,24,41,76,39,24
4912,4916912,163897067,9.770,34.370,19.291,61,35,0,76,76,76,39,76,76,62,72
4913,4917913,163930433,19.386,52.049,39.806,76,62,18,76,76,76,76,76,76,76,76
4914,4918914,163963800,22.209,51.774,44.947,76,67,24,76,76,76,76,76,76,76,76
4915,4919915,163997167,23.183,51.502,46.300,76,69,24,76,76,76,76,76,76,76,76
4916,4920916,164030533,23.175,51.348,46.365,76,69,24,76,76,76,76,76,76,76,76
4917,4921917,164063900,23.090,51.368,46.357,76,69,24,76,76,76,76,76,76,76,76
4918,4922918,164097267,15.531,45.907,35.680,76,0,0,76,76,76,76,76,76,76,76
4919,4923919,164130633,7.124,30.394,21.068,64,42,0,54,76,76,38,46,76,58,59
4920,4924920,164164000,2.579,26.130,18.052,32,50,0,0,76,76,24,24,76,54,23
4921,4925921,164197367,2.783,20.958,16.472,24,76,0,0,76,76,0,20,76,55,0
4922,4926922,164230733,6.943,24.310,16.709,24,76,0,0,76,76,21,20,76,55,19
4923,4927923,164264100,7.850,23.742,16.975,24,76,0,0,76,76,21,20,76,55,19
4924,4928924,164297467,23.992,26.310,28.759,76,76,28,76,76,76,0,76,76,76,76
4925,4929925,164330833,52.416,31.045,43.225,76,76,76,76,76,76,20,76,76,76,76
4926,4930926,164364200,55.497,33.277,46.840,76,76,76,76,76,76,28,76,76,76,76
4927,4931927,164397567,56.721,33.725,47.767,76,76,76,76,76,76,28,76,76,76,76
4928,4932928,164430933,57.023,33.679,48.042,76,76,76,76,76,76,30,76,76,76,76
4929,4933929,164464300,57.054,33.664,48.056,76,76,76,76,76,76,30,76,76,76,76
4930,4934930,164497667,52.348,28.308,38.203,76,76,76,76,76,76,18,76,76,76,76
4931,4935931,164531033,24.099,22.832,24.398,76,76,50,73,76,76,0,76,76,76,60
4932,4936932,164564400,11.192,21.106,17.060,37,76,0,23,76,76,23,41,76,38,28
4933,4937933,164597767,4.488,23.973,13.804,20,76,0,0,76,76,0,40,76,38,0
4934,4938934,164631133,1.787,32.307,14.715,20,52,0,0,76,76,20,41,76,38,25
4935,4939935,164664500,1.574,34.712,15.592,20,50,0,0,76,76,22,41,76,38,24
4936,4940936,164697867,10.920,34.188,21.252,67,25,0,76,76,76,44,76,76,76,76
4937,4941937,164731233,19.364,51.444,40.568,76,71,17,76,76,76,76,76,76,76,76
4938,4942938,164764600,21.941,51.164,45.210,76,71,24,76,76,76,76,76,76,76,76
4939,4943939,164797967,22.484,51.396,46.521,76,71,26,76,76,76,76,76,76,76,76
4940,4944940,164831333,22.856,51.322,46.673,76,71,26,76,76,76,76,76,76,76,76
4941,4945941,164864700,22.764,51.398,46.711,76,71,26,76,76,76,76,76,76,76,76
4942,4946942,164898067,16.224,48.481,36.453,76,20,0,76,76,76,76,76,76,76,76
4943,4947943,164931433,9.822,33.247,24.502,76,36,0,70,76,76,53,73,76,76,70
4944,4948944,164964800,3.469,24.926,18.039,38,48,0,23,76,76,24,25,76,53,25
4945,4949945,164998167,4.494,22.889,16.373,18,76,0,0,76,76,0,20,76,53,0
4946,4950946,165031533,7.594,22.929,16.593,24,76,0,0,76,76,18,20,76,53,17
4947,4951947,165064900,7.876,22.491,16.936,28,76,0,0,76,76,19,23,76,53,17
4948,4952948,165098267,28.078,29.078,34.032,76,76,30,76,76,76,0,76,76,76,76
4949,4953949,165131633,52.891,32.275,44.172,76,76,76,76,76,76,21,76,76,76,76
4950,4954950,165165000,55.954,33.389,47.225,76,76,76,76,76,76,27,76,76,76,76
4951,4955951,165198367,56.615,33.645,47.944,76,76,76,76,76,76,28,76,76,76,76
4952,4956952,165231733,56.405,33.686,48.043,76,76,76,76,76,76,28,76,76,76,76
4953,4957953,165265100,56.459,33.683,48.026,76,76,76,76,76,76,28,76,76,76,76
4954,4958954,165298467,50.860,27.456,35.157,76,76,76,76,76,76,0,76,76,76,76
4955,4959955,165331833,20.546,21.805,20.614,76,76,54,53,76,76,18,65,76,65,44
4956,4960956,165365200,10.291,21.129,16.795,30,76,0,0,76,76,24,41,76,40,26
4957,4961957,165398567,4.882,21.299,13.770,17,76,0,0,76,76,0,40,76,39,0
4958,4962958,165431933,2.017,30.999,14.416,17,62,0,0,76,76,18,40,76,39,21
4959,4963959,165465300,1.545,34.009,15.679,18,52,0,0,76,76,22,40,76,39,24
4960,4964960,165498667,13.944,41.681,31.139,76,21,0,76,76,76,76,76,76,76,76
4961,4965961,165532033,19.689,51.303,42.108,76,60,20,76,76,76,76,76,76,76,76
4962,4966962,165565400,22.025,51.466,45.448,76,63,22,76,76,76,76,76,76,76,76
4963,4967963,165598767,22.918,51.535,46.440,76,73,24,76,76,76,76,76,76,76,76
4964,4968964,165632133,22.993,51.555,46.558,76,71,24,76,76,76,76,76,76,76,76
4965,4969965,165665500,22.907,51.483,46.621,76,73,24,76,76,76,76,76,76,76,76
4966,4970966,165698867,17.734,48.372,35.683,76,43,0,76,76,76,76,76,76,76,76
4967,4971967,165732233,9.582,32.820,23.972,76,38,0,70,76,76,48,73,76,74,72
4968,4972968,165765600,3.185,24.879,17.795,36,48,0,24,76,76,24,26,76,50,26
4969,4973969,165798967,4.479,22.808,16.386,20,76,0,0,76,76,0,22,76,52,0
4970,4974970,165832333,7.391,23.276,16.916,24,76,0,0,76,76,20,22,76,53,19
4971,4975971,165865700,8.048,23.398,17.340,27,76,0,0,76,76,21,22,76,53,19
4972,4976972,165899067,15.184,22.672,17.953,67,76,0,76,76,76,0,73,76,50,45
4973,4977973,165932433,49.050,30.009,39.480,76,76,76,76,76,76,17,76,76,76,76
4974,4978974,165965800,56.482,33.151,43.517,76,76,76,76,76,76,27,76,76,76,76
4975,4979975,165999167,57.426,33.506,44.785,76,76,76,76,76,76,28,76,76,76,76
4976,4980976,166032533,57.505,33.582,45.080,76,76,76,76,76,76,30,76,76,76,76
4977,4981977,166065900,57.453,33.529,44.988,76,76,76,76,76,76,30,76,76,76,76
4978,4982978,166099267,56.212,32.649,43.592,76,76,76,76,76,76,27,76,76,76,76
4979,4983979,166132633,37.184,31.106,45.155,76,76,67,76,76,76,27,76,76,76,76
4980,4984980,166166000,26.807,31.568,46.153,43,76,27,76,76,76,34,76,76,76,76
4981,4985981,166199367,14.653,27.666,35.674,17,76,0,76,76,76,0,76,76,76,76
4982,4986982,166232733,5.455,32.308,19.300,17,62,0,53,76,76,19,61,76,58,48
4983,4987983,166266100,1.636,33.614,14.641,17,53,0,19,76,76,23,43,76,43,31
4984,4988984,166299467,6.618,35.593,17.432,28,45,0,76,76,76,21,68,76,58,62
4985,4989985,166332833,20.797,52.120,54.260,76,76,20,76,76,76,76,76,76,76,76
4986,4990986,166366200,28.648,52.794,61.513,76,76,30,76,76,76,76,76,76,76,76
4987,4991987,166399567,28.308,52.472,58.316,76,76,27,76,76,76,76,76,76,76,76
4988,4992988,166432933,25.550,49.168,49.934,76,76,26,76,76,76,76,76,76,76,76
4989,4993989,166466300,24.862,47.498,47.859,76,76,26,76,76,76,76,72,76,76,76
4990,4994990,166499667,23.754,49.626,53.699,76,76,26,76,76,76,76,76,76,76,76
4991,4995991,166533033,25.733,42.272,60.314,76,76,31,76,76,76,52,76,76,76,76
4992,4996992,166566400,25.962,41.240,61.682,42,76,34,76,76,76,42,76,76,76,76
4993,4997993,166599767,22.203,38.342,54.210,35,76,28,76,76,76,36,76,76,76,76
4994,4998994,166633133,21.832,35.492,44.668,32,76,28,76,76,76,35,67,76,76,76
4995,4999995,166666500,21.354,31.927,41.367,32,76,28,76,76,76,35,62,76,76,76
4996,5000996,166699867,31.898,36.258,49.906,76,76,31,76,76,76,32,76,76,76,76
4997,5001997,166733233,54.386,35.616,58.008,76,76,76,76,76,76,35,76,76,76,76
4998,5002998,166766600,57.306,35.654,60.333,76,76,76,76,76,76,38,76,76,76,76
4999,5003999,166799967,57.124,34.273,52.547,76,76,76,76,76,76,36,76,76,76,76
5000,5005000,166833333,55.462,30.376,44.226,76,76,76,76,76,76,36,76,76,76,76
5001,5006001,166866700,54.806,29.519,43.016,76,76,76,76,76,76,36,72,76,76,76
5002,5007002,166900067,53.651,30.312,45.306,76,76,76,76,76,76,33,76,76,76,76
5003,5008003,166933433,38.309,33.115,57.388,76,76,68,76,76,76,36,76,76,76,76
5004,5009004,166966800,32.821,34.010,60.772,46,76,48,76,76,76,42,76,76,76,76
5005,5010005,167000167,22.944,35.005,54.098,29,76,30,76,76,76,35,76,76,76,76
5006,5011006,167033533,17.539,38.147,42.740,29,76,29,76,76,76,35,63,76,76,76
5007,5012007,167066900,16.459,38.808,40.930,28,76,29,76,76,76,35,62,76,76,76
5008,5013008,167100267,23.517,47.033,55.349,76,76,31,76,76,76,76,76,76,76,76
5009,5014009,167133633,29.304,53.252,61.239,76,76,33,76,76,76,76,76,76,76,76
5010,5015010,167167000,29.503,52.546,62.076,76,76,33,76,76,76,76,76,76,76,76
5011,5016011,167200367,26.600,51.210,53.192,76,76,29,76,76,76,76,76,76,76,76
5012,5017012,167233733,25.054,47.862,48.322,76,76,29,76,76,76,76,72,76,76,76
5013,5018013,167267100,24.616,47.315,48.068,76,76,29,76,76,76,76,70,76,76,76
5014,5019014,167300467,24.203,48.493,48.864,76,76,29,76,76,76,76,76,76,76,76
5015,5020015,167333833,24.341,42.679,59.015,72,76,31,76,76,76,66,76,76,76,76
5016,5021016,167367200,25.160,41.175,60.918,41,76,33,76,76,76,42,76,76,76,76
5017,5022017,167400567,21.924,35.703,52.054,32,76,29,76,76,76,34,76,76,76,76
5018,5023018,167433933,21.497,32.908,43.077,32,76,29,76,76,76,34,67,76,76,76
5019,5024019,167467300,21.146,31.143,41.094,33,76,29,76,76,76,34,63,76,76,76
5020,5025020,167500667,34.839,34.136,52.015,76,76,35,76,76,76,32,76,76,76,76
5021,5026021,167534033,54.955,34.988,58.822,76,76,76,76,76,76,36,76,76,76,76
5022,5027022,167567400,57.874,35.689,60.174,76,76,76,76,76,76,39,76,76,76,76
5023,5028023,167600767,56.411,33.423,48.927,76,76,76,76,76,76,36,76,76,76,76
5024,5029024,167634133,54.736,29.555,43.406,76,76,76,76,76,76,36,69,76,76,76
5025,5030025,167667500,54.359,29.333,42.890,76,76,76,76,76,76,36,66,76,76,76
5026,5031026,167700867,49.962,30.903,51.871,76,76,76,76,76,76,32,76,76,76,76
5027,5032027,167734233,35.669,33.279,58.907,72,76,50,76,76,76,38,76,76,76,76
5028,5033028,167767600,31.686,34.221,61.034,46,76,43,76,76,76,42,76,76,76,76
5029,5034029,167800967,22.485,35.963,53.214,29,76,28,76,76,76,33,76,76,76,76
5030,5035030,167834333,17.538,38.840,42.194,30,76,28,76,76,76,36,65,76,76,76
5031,5036031,167867700,16.521,39.733,40.620,30,76,28,76,76,76,37,60,76,76,76
5032,5037032,167901067,21.266,41.048,50.388,64,76,28,76,76,76,49,76,76,76,76
5033,5038033,167934433,28.969,53.291,60.774,76,76,31,76,76,76,76,76,76,76,76
5034,5039034,167967800,29.413,53.144,62.110,76,76,32,76,76,76,76,76,76,76,76
5035,5040035,168001167,26.662,51.397,52.871,76,76,28,76,76,76,76,76,76,76,76
5036,5041036,168034533,25.136,47.924,48.315,76,76,28,76,76,76,76,71,76,76,76
5037,5042037,168067900,24.697,47.641,47.967,76,76,28,76,76,76,76,68,76,76,76
5038,5043038,168101267,23.834,47.577,48.020,76,76,28,76,76,76,76,76,76,76,76
5039,5044039,168134633,24.671,41.461,58.495,76,76,30,76,76,76,48,76,76,76,76
5040,5045040,168168000,25.364,41.144,60.798,42,76,33,76,76,76,44,76,76,76,76
5041,5046041,168201367,22.485,35.610,54.872,32,76,28,76,76,76,33,76,76,76,76
5042,5047042,168234733,21.787,33.497,44.098,32,76,28,76,76,76,33,69,76,76,76
5043,5048043,168268100,21.123,31.154,41.337,32,76,28,76,76,76,34,66,76,76,76
5044,5049044,168301467,37.656,35.131,54.497,76,76,45,76,76,76,32,76,76,76,76
5045,5050045,168334833,55.542,35.380,58.923,76,76,76,76,76,76,36,76,76,76,76
5046,5051046,168368200,57.880,35.515,60.374,76,76,76,76,76,76,38,76,76,76,76
5047,5052047,168401567,57.353,34.216,52.158,76,76,76,76,76,76,37,76,76,76,76
5048,5053048,168434933,55.391,29.763,44.001,76,76,76,76,76,76,37,73,76,76,76
5049,5054049,168468300,54.923,29.325,43.003,76,76,76,76,76,76,37,67,76,76,76
5050,5055050,168501667,49.689,31.425,52.856,76,76,76,76,76,76,33,76,76,76,76
5051,5056051,168535033,35.384,33.286,59.359,74,76,48,76,76,76,39,76,76,76,76
5052,5057052,168568400,31.612,33.745,60.973,40,76,41,76,76,76,41,76,76,76,76
5053,5058053,168601767,22.381,36.427,53.104,29,76,31,76,76,76,35,76,76,76,76
5054,5059054,168635133,17.319,37.879,41.977,29,76,30,76,76,76,36,63,76,76,76
5055,5060055,168668500,16.506,38.861,40.671,29,76,30,76,76,76,36,61,76,76,76
5056,5061056,168701867,22.545,45.340,53.347,76,76,30,76,76,76,76,76,76,76,76
5057,5062057,168735233,28.742,52.458,60.992,76,76,34,76,76,76,76,76,76,76,76
5058,5063058,168768600,28.968,52.326,61.843,76,76,34,76,76,76,76,76,76,76,76
5059,5064059,168801967,26.424,50.598,52.489,76,76,28,76,76,76,76,76,76,76,76
5060,5065060,168835333,24.927,47.073,48.194,76,76,28,76,76,76,76,70,76,76,76
5061,5066061,168868700,24.575,46.768,48.035,76,76,28,76,76,76,76,64,76,76,76
5062,5067062,168902067,23.761,46.919,49.023,76,76,28,76,76,76,76,76,76,76,76
5063,5068063,168935433,24.729,41.637,58.788,76,76,31,76,76,76,48,76,76,76,76
5064,5069064,168968800,25.134,40.571,60.808,40,76,34,76,76,76,44,76,76,76,76
5065,5070065,169002167,22.236,35.671,52.334,32,76,29,76,76,76,32,76,76,76,76
5066,5071066,169035533,21.551,32.222,42.841,32,76,28,76,76,76,34,61,76,76,76
5067,5072067,169068900,21.208,31.278,40.863,35,76,28,76,76,76,35,61,76,76,76
5068,5073068,169102267,25.067,32.473,43.762,44,76,28,76,76,76,34,76,76,76,76
5069,5074069,169135633,49.957,35.194,57.505,76,76,76,76,76,76,34,76,76,76,76
5070,5075070,169169000,57.423,35.505,59.917,76,76,76,76,76,76,37,76,76,76,76
5071,5076071,169202367,57.410,34.002,51.605,76,76,76,76,76,76,36,76,76,76,76
5072,5077072,169235733,55.316,29.861,43.795,76,76,76,76,76,76,37,69,76,76,76
5073,5078073,169269100,54.799,29.257,43.077,76,76,76,76,76,76,37,68,76,76,76
5074,5079074,169302467,48.866,30.787,54.078,76,76,76,76,76,76,32,76,76,76,76
5075,5080075,169335833,35.576,33.556,59.797,71,76,47,76,76,76,38,76,76,76,76
5076,5081076,169369200,31.972,34.092,61.350,44,76,47,76,76,76,41,76,76,76,76
5077,5082077,169402567,24.681,31.623,54.411,34,76,29,76,76,76,35,76,76,76,76
5078,5083078,169435933,18.132,37.640,43.605,30,76,29,76,76,76,35,67,76,76,76
5079,5084079,169469300,16.579,38.720,41.113,30,76,29,76,76,76,35,60,76,76,76
5080,5085080,169502667,25.585,48.809,56.607,76,76,31,76,76,76,76,76,76,76,76
5081,5086081,169536033,29.484,53.003,61.554,76,76,33,76,76,76,76,76,76,76,76
5082,5087082,169569400,29.686,52.612,62.338,76,76,33,76,76,76,76,76,76,76,76
5083,5088083,169602767,27.802,52.657,57.341,76,76,30,76,76,76,76,76,76,76,76
5084,5089084,169636133,25.291,48.794,49.318,76,76,28,76,76,76,76,76,76,76,76
5085,5090085,169669500,24.392,47.499,47.789,76,76,28,76,76,76,76,71,76,76,76
5086,5091086,169702867,23.666,46.390,55.358,76,76,28,76,76,76,76,76,76,76,76
5087,5092087,169736233,25.329,41.821,60.216,66,76,33,76,76,76,42,76,76,76,76
5088,5093088,169769600,24.904,40.492,60.948,41,76,33,76,76,76,42,76,76,76,76
5089,5094089,169802967,22.845,37.913,52.226,30,76,27,76,76,76,36,76,76,76,76
5090,5095090,169836333,21.645,32.486,42.398,31,76,28,76,76,76,36,62,76,76,76
5091,5096091,169869700,21.229,30.931,41.081,31,76,28,76,76,76,36,60,76,76,76
5092,5097092,169903067,28.806,32.331,47.116,76,76,28,76,76,76,36,76,76,76,76
5093,5098093,169936433,52.782,34.815,57.602,76,76,76,76,76,76,34,76,76,76,76
5094,5099094,169969800,56.786,35.579,60.037,76,76,76,76,76,76,38,76,76,76,76
5095,5100095,170003167,56.823,34.082,51.037,76,76,76,76,76,76,36,76,76,76,76
5096,5101096,170036533,55.397,30.151,43.599,76,76,76,76,76,76,36,75,76,76,76
5097,5102097,170069900,54.750,29.579,42.512,76,76,76,76,76,76,36,67,76,76,76
5098,5103098,170103267,52.911,31.267,48.149,76,76,76,76,76,76,33,76,76,76,76
5099,5104099,170136633,37.375,33.667,57.883,76,76,60,76,76,76,37,76,76,76,76
5100,5105100,170170000,32.652,34.007,60.909,43,76,41,76,76,76,41,76,76,76,76
5101,5106101,170203367,22.034,35.656,52.051,30,76,30,76,76,76,34,76,76,76,76
5102,5107102,170236733,17.188,37.755,41.985,30,76,28,76,76,76,34,60,76,76,76
5103,5108103,170270100,16.543,38.907,40.768,28,76,28,76,76,76,37,60,76,76,76
5104,5109104,170303467,23.229,46.758,54.473,76,76,28,76,76,76,76,76,76,76,76
5105,5110105,170336833,29.324,53.305,60.931,76,76,31,76,76,76,76,76,76,76,76
5106,5111106,170370200,29.262,51.904,60.923,76,76,31,76,76,76,76,76,76,76,76
5107,5112107,170403567,26.369,50.714,51.644,76,76,27,76,76,76,76,76,76,76,76
5108,5113108,170436933,25.047,47.674,47.620,76,76,26,76,76,76,76,72,76,76,76
5109,5114109,170470300,24.635,47.497,47.378,76,76,26,76,76,76,76,73,76,76,76
5110,5115110,170503667,23.768,46.361,55.070,76,76,29,76,76,76,76,76,76,76,76
5111,5116111,170537033,25.200,40.928,59.914,69,76,32,76,76,76,42,76,76,76,76
5112,5117112,170570400,24.223,40.053,59.279,40,76,33,76,76,76,42,76,76,76,76
5113,5118113,170603767,21.951,36.669,48.820,32,76,26,76,76,76,34,76,76,76,76
5114,5119114,170637133,21.252,31.636,41.882,32,76,26,76,76,76,36,60,76,76,76
5115,5120115,170670500,21.425,31.493,41.071,34,76,26,76,76,76,36,60,76,76,76
5116,5121116,170703867,35.371,36.411,50.634,76,76,39,76,76,76,34,76,76,76,76
5117,5122117,170737233,54.836,35.741,58.144,76,76,76,76,76,76,36,76,76,76,76
5118,5123118,170770600,57.200,35.110,58.935,76,76,76,76,76,76,37,76,76,76,76
5119,5124119,170803967,56.631,32.943,47.701,76,76,76,76,76,76,36,76,76,76,76
5120,5125120,170837333,55.431,29.880,43.233,76,76,76,76,76,76,36,76,76,76,76
5121,5126121,170870700,55.074,29.783,43.223,76,76,76,76,76,76,36,70,76,76,76
5122,5127122,170904067,45.029,31.389,55.090,76,76,76,76,76,76,33,76,76,76,76
5123,5128123,170937433,33.935,34.162,60.191,64,76,42,76,76,76,39,76,76,76,76
5124,5129124,170970800,31.255,33.909,61.315,43,76,42,76,76,76,41,76,76,76,76
5125,5130125,171004167,22.671,35.422,51.742,28,76,28,76,76,76,34,76,76,76,76
5126,5131126,171037533,17.613,37.759,41.699,28,76,27,76,76,76,36,58,76,76,76
5127,5132127,171070900,16.645,39.070,40.732,28,76,27,76,76,76,36,59,76,76,76
5128,5133128,171104267,26.526,50.356,57.081,76,76,29,76,76,76,76,76,76,76,76
5129,5134129,171137633,29.292,53.166,61.589,76,76,31,76,76,76,76,76,76,76,76
5130,5135130,171171000,29.687,52.464,62.377,76,76,31,76,76,76,76,76,76,76,76
5131,5136131,171204367,26.924,51.672,54.616,76,76,26,76,76,76,76,76,76,76,76
5132,5137132,171237733,25.162,47.587,48.176,76,76,25,76,76,76,76,76,76,76,76
5133,5138133,171271100,24.752,47.129,47.805,76,76,25,76,76,76,76,72,76,76,76
5134,5139134,171304467,24.466,43.517,57.336,76,76,28,76,76,76,76,76,76,76,76
5135,5140135,171337833,25.462,41.428,60.476,52,76,33,76,76,76,41,76,76,76,76
5136,5141136,171371200,25.116,40.670,61.093,41,76,33,76,76,76,41,76,76,76,76
5137,5142137,171404567,22.424,34.968,54.892,30,76,27,76,76,76,34,76,76,76,76
5138,5143138,171437933,21.689,33.386,44.248,30,76,25,76,76,76,34,70,76,76,76
5139,5144139,171471300,21.119,31.115,41.101,30,76,25,76,76,76,35,63,76,76,76
5140,5145140,171504667,34.495,35.613,51.840,76,76,30,76,76,76,34,76,76,76,76
5141,5146141,171538033,55.217,35.543,58.459,76,76,76,76,76,76,36,76,76,76,76
5142,5147142,171571400,57.697,35.354,60.059,76,76,76,76,76,76,37,76,76,76,76
5143,5148143,171604767,57.425,34.359,53.341,76,76,76,76,76,76,36,76,76,76,76
5144,5149144,171638133,55.194,30.328,44.447,76,76,76,76,76,76,36,76,76,76,76
5145,5150145,171671500,54.500,29.536,43.021,76,76,76,76,76,76,36,69,76,76,76
5146,5151146,171704867,51.947,30.660,51.887,76,76,76,76,76,76,32,76,76,76,76
5147,5152147,171738233,36.584,33.166,58.727,76,76,55,76,76,76,36,76,76,76,76
5148,5153148,171771600,31.501,34.032,60.533,40,76,46,76,76,76,41,76,76,76,76
5149,5154149,171804967,22.102,37.266,50.685,29,76,27,76,76,76,35,76,76,76,76
5150,5155150,171838333,17.198,38.078,41.489,30,76,27,76,76,76,35,62,76,76,76
5151,5156151,171871700,17.055,38.384,40.624,30,76,27,76,76,76,36,61,76,76,76
5152,5157152,171905067,26.868,51.260,57.380,76,76,29,76,76,76,76,76,76,76,76
5153,5158153,171938433,29.395,52.810,61.659,76,76,33,76,76,76,76,76,76,76,76
5154,5159154,171971800,29.615,52.574,62.512,76,76,34,76,76,76,76,76,76,76,76
5155,5160155,172005167,27.021,52.087,54.181,76,76,27,76,76,76,76,76,76,76,76
5156,5161156,172038533,25.250,48.210,48.110,76,76,27,76,76,76,76,74,76,76,76
5157,5162157,172071900,24.469,47.241,47.506,76,76,27,76,76,76,76,67,76,76,76
5158,5163158,172105267,24.705,43.037,57.705,76,76,29,76,76,76,76,76,76,76,76
5159,5164159,172138633,25.518,40.825,60.515,49,76,32,76,76,76,41,76,76,76,76
5160,5165160,172172000,24.977,40.612,60.994,42,76,33,76,76,76,41,76,76,76,76
5161,5166161,172205367,22.651,35.226,55.068,30,76,27,76,76,76,33,76,76,76,76
5162,5167162,172238733,21.620,32.902,43.978,30,76,27,76,76,76,33,66,76,76,76
5163,5168163,172272100,21.051,31.378,41.332,33,76,27,76,76,76,34,66,76,76,76
5164,5169164,172305467,38.205,35.027,53.430,76,76,52,76,76,76,32,76,76,76,76
5165,5170165,172338833,56.355,35.724,58.668,76,76,76,76,76,76,36,76,76,76,76
5166,5171166,172372200,57.414,34.776,55.684,76,76,76,76,76,76,36,76,76,76,76
5167,5172167,172405567,55.743,31.431,45.094,76,76,76,76,76,76,36,76,76,76,76
5168,5173168,172438933,55.368,29.495,42.930,76,76,76,76,76,76,37,67,76,76,76
5169,5174169,172472300,55.293,29.387,42.829,76,76,76,76,76,76,37,67,76,76,76
5170,5175170,172505667,33.309,11.143,20.097,76,76,76,76,76,76,0,0,76,76,76
5171,5176171,172539033,7.399,2.139,4.991,43,76,23,25,76,24,0,0,51,33,34
5172,5177172,172572400,0.520,0.550,0.000,0,40,0,0,36,19,0,0,0,0,0
5173,5178173,172605767,0.000,0.198,0.000,0,0,0,0,20,19,0,0,0,0,0
5174,5179174,172639133,0.000,0.197,0.000,0,0,0,0,20,19,0,0,0,0,0
5175,5180175,172672500,0.000,0.200,0.000,0,0,0,0,20,20,0,0,0,0,0
5176,5181176,172705867,0.000,12.308,1.680,0,0,0,0,71,76,0,0,76,0,0
5177,5182177,172739233,0.000,20.724,3.585,0,0,0,0,76,76,0,0,76,0,0
5178,5183178,172772600,0.000,20.632,3.738,0,0,0,0,76,76,0,0,76,0,0
5179,5184179,172805967,0.000,16.094,5.422,0,0,0,0,76,76,0,0,76,17,0
5180,5185180,172839333,0.143,17.338,7.397,0,23,0,0,76,76,0,0,76,36,17
5181,5186181,172872700,0.143,17.540,8.228,0,23,0,0,76,76,0,0,76,42,18
5182,5187182,172906067,1.151,18.231,4.873,0,76,0,0,76,76,0,0,76,0,0
5183,5188183,172939433,3.054,26.893,5.765,0,76,0,0,76,76,0,0,76,0,17
5184,5189184,172972800,3.278,29.281,4.638,0,76,0,0,76,76,18,0,76,0,19
5185,5190185,173006167,8.947,22.614,3.760,0,76,0,0,76,76,0,0,76,0,0
5186,5191186,173039533,10.922,26.180,4.331,0,76,0,0,76,76,18,0,76,0,18
5187,5192187,173072900,10.921,26.605,4.421,0,76,0,0,76,76,18,0,76,0,18
5188,5193188,173106267,11.700,29.781,3.823,0,76,0,0,76,76,0,0,76,0,0
5189,5194189,173139633,12.079,34.224,5.289,0,76,0,0,76,76,19,18,76,23,19
5190,5195190,173173000,12.250,34.362,5.665,0,76,0,0,76,76,19,21,76,25,19
5191,5196191,173206367,10.306,27.199,3.192,0,76,0,0,76,76,0,0,76,0,0
5192,5197192,173239733,11.638,26.200,3.664,0,76,0,0,76,76,19,0,76,0,20
5193,5198193,173273100,12.537,27.644,3.863,17,76,0,0,76,76,19,0,76,17,21
5194,5199194,173306467,41.328,40.555,23.692,76,76,49,76,76,76,59,76,76,76,76
5195,5200195,173339833,61.865,67.036,50.483,76,76,76,76,76,76,76,76,76,76,76
5196,5201196,173373200,63.637,69.856,56.836,76,76,76,76,76,76,76,76,76,76,76
5197,5202197,173406567,63.951,67.092,59.070,76,76,76,76,76,76,76,76,76,76,76
5198,5203198,173439933,63.934,67.591,59.900,76,76,76,76,76,76,76,76,76,76,76
5199,5204199,173473300,63.920,67.494,59.904,76,76,76,76,76,76,76,76,76,76,76
5200,5205200,173506667,51.942,54.651,40.893,76,76,76,76,76,76,76,76,76,76,76
5201,5206201,173540033,15.944,31.137,16.573,60,76,30,38,76,76,28,30,76,57,58
5202,5207202,173573400,6.295,21.608,3.944,29,76,0,0,39,76,0,0,76,20,18
5203,5208203,173606767,12.523,15.781,3.510,0,76,0,0,35,76,0,0,76,0,0
5204,5209204,173640133,13.182,13.619,4.194,0,76,0,0,49,76,0,0,76,0,18
5205,5210205,173673500,12.656,13.660,4.324,0,76,0,0,50,76,0,0,76,0,18
5206,5211206,173706867,14.880,16.372,4.091,0,76,0,0,76,76,0,0,76,0,0
5207,5212207,173740233,13.489,20.935,5.370,0,76,0,0,76,76,0,24,76,0,18
5208,5213208,173773600,13.261,22.006,6.317,0,76,0,0,76,76,0,34,76,0,18
5209,5214209,173806967,7.208,23.457,4.932,0,76,0,0,76,76,0,0,76,0,0
5210,5215210,173840333,5.053,26.872,4.999,17,76,0,0,76,76,18,0,76,0,20
5211,5216211,173873700,4.465,25.209,4.120,17,76,0,0,76,76,17,0,76,0,18
5212,5217212,173907067,1.514,32.882,3.703,0,76,0,0,76,76,0,0,76,0,0
5213,5218213,173940433,0.741,36.616,4.260,18,41,0,0,76,76,18,18,76,0,18
5214,5219214,173973800,0.622,36.722,4.344,0,38,0,0,76,76,18,18,76,0,19
5215,5220215,174007167,0.000,29.874,4.324,0,0,0,0,76,76,0,0,76,0,0
5216,5221216,174040533,0.000,29.504,4.856,0,0,0,0,76,76,18,0,76,18,20
5217,5222217,174073900,0.000,30.987,5.100,0,0,0,0,76,76,22,0,76,23,22
5218,5223218,174107267,45.912,54.331,29.466,76,76,71,76,76,76,76,76,76,76,76
5219,5224219,174140633,60.784,68.408,52.997,76,76,76,76,76,76,76,76,76,76,76
5220,5225220,174174000,63.470,70.633,57.957,76,76,76,76,76,76,76,76,76,76,76
5221,5226221,174207367,63.897,66.973,58.711,76,76,76,76,76,76,76,76,76,76,76
5222,5227222,174240733,63.955,67.548,59.237,76,76,76,76,76,76,76,76,76,76,76
5223,5228223,174274100,64.036,67.604,58.926,76,76,76,76,76,76,76,76,76,76,76
5224,5229224,174307467,49.508,54.424,37.663,76,76,76,76,76,76,76,76,76,76,76
5225,5230225,174340833,12.076,30.262,13.875,58,76,24,39,76,76,29,36,76,57,60
5226,5231226,174374200,0.587,23.111,5.587,18,34,0,0,76,76,24,0,76,19,20
5227,5232227,174407567,0.000,20.374,3.599,0,0,0,0,76,76,0,0,76,0,0
5228,5233228,174440933,0.000,18.344,4.191,0,0,0,0,76,76,0,0,76,17,18
5229,5234229,174474300,0.000,18.427,5.252,0,0,0,0,76,76,0,18,76,24,18
5230,5235230,174507667,0.000,27.134,2.962,0,0,0,0,76,76,0,0,76,0,0
5231,5236231,174541033,0.187,32.670,3.522,0,28,0,0,76,76,17,0,76,0,18
5232,5237232,174574400,0.190,32.534,3.087,0,28,0,0,76,76,17,0,76,0,18
5233,5238233,174607767,1.573,29.238,3.283,0,76,0,0,76,76,0,0,76,0,0
5234,5239234,174641133,2.302,30.758,4.766,0,76,0,0,76,76,18,17,76,17,20
5235,5240235,174674500,2.302,30.337,4.872,0,76,0,0,76,76,17,17,76,17,20
5236,5241236,174707867,7.538,26.542,5.178,0,76,0,0,76,76,0,0,76,0,0
5237,5242237,174741233,11.743,28.712,7.144,18,76,0,0,76,76,18,25,76,24,19
5238,5243238,174774600,11.743,28.299,7.250,18,76,0,0,76,76,18,28,76,27,20
5239,5244239,174807967,16.198,17.920,6.342,0,76,0,0,76,76,0,0,76,0,0
5240,5245240,174841333,18.230,17.265,5.402,30,76,0,0,76,76,18,0,76,17,21
5241,5246241,174874700,18.560,17.686,4.553,30,76,0,0,76,76,20,0,76,17,21
5242,5247242,174908067,50.179,52.597,29.186,76,76,70,76,76,76,76,76,76,76,76
5243,5248243,174941433,61.097,68.169,52.271,76,76,76,76,76,76,76,76,76,76,76
5244,5249244,174974800,63.749,70.277,57.522,76,76,76,76,76,76,76,76,76,76,76
5245,5250245,175008167,64.079,67.628,59.038,76,76,76,76,76,76,76,76,76,76,76
5246,5251246,175041533,64.097,67.346,59.998,76,76,76,76,76,76,76,76,76,76,76
5247,5252247,175074900,64.040,67.235,60.129,76,76,76,76,76,76,76,76,76,76,76
5248,5253248,175108267,41.752,53.872,36.718,76,76,76,76,76,76,76,76,76,76,76
5249,5254249,175141633,9.583,29.985,12.648,39,76,19,34,76,76,29,29,76,45,45
5250,5255250,175175000,0.349,22.880,4.186,0,38,0,0,76,76,24,0,76,0,19
5251,5256251,175208367,0.000,20.264,3.978,0,0,0,0,76,76,0,0,76,0,0
5252,5257252,175241733,0.154,17.514,3.863,0,21,0,0,76,76,0,0,76,0,17
5253,5258253,175275100,0.573,17.148,3.656,0,49,0,0,76,76,0,0,76,0,0
5254,5259254,175308467,2.984,27.001,4.669,0,76,0,0,76,76,0,0,76,0,0
5255,5260255,175341833,3.804,30.183,4.726,18,76,0,0,76,76,19,0,76,22,19
5256,5261256,175375200,4.238,28.389,3.959,18,76,0,0,76,76,0,0,76,18,0
5257,5262257,175408567,10.538,26.336,5.585,0,76,0,0,76,76,0,0,76,20,0
5258,5263258,175441933,11.425,28.613,8.061,18,76,0,0,76,76,19,0,76,37,21
5259,5264259,175475300,10.978,28.174,7.766,0,76,0,0,76,76,19,0,76,37,20
5260,5265260,175508667,11.650,30.758,5.112,0,76,0,0,76,76,0,0,76,0,0
5261,5266261,175542033,12.232,34.183,5.171,0,76,0,0,76,76,19,0,76,0,19
5262,5267262,175575400,11.729,32.738,3.839,0,76,0,0,76,76,17,0,76,0,18
5263,5268263,175608767,11.332,26.551,4.010,0,76,0,0,76,76,0,0,76,0,0
5264,5269264,175642133,12.454,27.249,5.532,21,76,0,0,76,76,19,0,76,19,21
5265,5270265,175675500,12.787,28.834,5.998,23,76,0,0,76,76,21,0,76,20,22
5266,5271266,175708867,36.930,45.343,20.047,76,76,36,76,76,76,76,76,76,76,76
5267,5272267,175742233,59.950,67.350,50.138,76,76,76,76,76,76,76,76,76,76,76
5268,5273268,175775600,63.481,70.134,57.055,76,76,76,76,76,76,76,76,76,76,76
5269,5274269,175808967,63.771,67.463,58.287,76,76,76,76,76,76,76,76,76,76,76
5270,5275270,175842333,63.864,67.874,58.618,76,76,76,76,76,76,76,76,76,76,76
5271,5276271,175875700,63.806,67.813,58.651,76,76,76,76,76,76,76,76,76,76,76
5272,5277272,175909067,49.277,57.717,33.931,76,76,76,76,76,76,76,76,76,76,76
5273,5278273,175942433,14.839,31.650,12.189,62,76,27,39,76,76,37,31,76,43,41
5274,5279274,175975800,10.115,18.997,3.572,0,76,0,0,35,76,0,0,76,0,0
5275,5280275,176009167,12.965,13.447,6.221,0,76,0,0,42,76,0,21,76,18,0
5276,5281276,176042533,12.750,14.440,7.536,0,76,0,0,50,76,17,31,76,31,18
5277,5282277,176075900,12.653,13.765,6.638,0,76,0,0,55,76,17,29,76,26,0
5278,5283278,176109267,14.852,19.171,6.576,0,76,0,0,76,76,0,0,76,0,0
5279,5284279,176142633,13.487,21.117,5.074,0,76,0,0,76,76,17,0,76,0,18
5280,5285280,176176000,13.267,21.353,3.704,0,76,0,0,76,76,18,0,76,0,19
5281,5286281,176209367,7.006,23.459,3.603,0,76,0,0,76,76,0,0,76,0,0
5282,5287282,176242733,4.778,26.021,4.263,19,76,0,0,76,76,19,0,76,0,20
5283,5288283,176276100,4.927,26.605,4.575,18,76,0,0,76,76,18,0,76,0,21
5284,5289284,176309467,1.683,29.631,4.864,0,76,0,0,76,76,0,0,76,0,0
5285,5290285,176342833,0.741,35.677,6.168,17,42,0,0,76,76,17,29,76,0,19
5286,5291286,176376200,0.674,36.273,6.408,17,40,0,0,76,76,19,34,76,0,20
5287,5292287,176409567,0.000,30.105,4.506,0,0,0,0,76,76,0,0,76,0,0
5288,5293288,176442933,0.000,29.705,4.996,0,0,0,0,76,76,19,0,76,0,21
5289,5294289,176476300,0.000,31.340,4.900,0,0,0,0,76,76,21,0,76,0,23
5290,5295290,176509667,33.726,39.786,21.778,76,76,39,76,76,76,61,76,76,76,76
5291,5296291,176543033,60.024,67.083,50.119,76,76,76,76,76,76,76,76,76,76,76
5292,5297292,176576400,63.162,68.507,56.664,76,76,76,76,76,76,76,76,76,76,76
5293,5298293,176609767,63.965,67.429,57.939,76,76,76,76,76,76,76,76,76,76,76
5294,5299294,176643133,64.248,67.744,58.779,76,76,76,76,76,76,76,76,76,76,76
5295,5300295,176676500,63.562,66.215,54.862,76,76,76,76,76,76,76,76,76,76,76
5296,5301296,176709867,36.723,47.032,29.711,76,76,76,76,76,76,62,76,76,76,76
5297,5302297,176743233,6.585,27.294,13.367,37,63,18,27,76,76,24,23,76,41,37
5298,5303298,176776600,0.242,23.331,6.913,0,23,0,0,76,76,0,0,76,30,0
5299,5304299,176809967,0.000,18.861,5.608,0,0,0,0,76,76,0,0,76,0,0
5300,5305300,176843333,0.000,18.529,5.265,0,0,0,0,76,76,0,0,76,0,19
5301,5306301,176876700,0.000,20.241,3.853,0,0,0,0,76,76,0,0,76,0,0
5302,5307302,176910067,0.084,31.126,4.391,0,20,0,0,76,76,0,0,76,0,0
5303,5308303,176943433,0.261,33.555,4.895,0,32,0,0,76,76,17,0,76,17,19
5304,5309304,176976800,0.261,33.162,4.964,0,32,0,0,76,76,17,0,76,18,19
5305,5310305,177010167,1.381,28.839,3.803,0,76,0,0,76,76,0,0,76,0,0
5306,5311306,177043533,2.198,29.971,4.846,0,76,0,0,76,76,17,0,76,22,21
5307,5312307,177076900,1.988,28.175,4.285,0,76,0,0,76,76,17,0,76,19,17
5308,5313308,177110267,9.810,25.443,3.434,0,76,0,0,76,76,0,0,76,0,0
5309,5314309,177143633,12.136,28.876,3.689,18,76,0,0,76,76,20,0,76,0,21
5310,5315310,177177000,12.081,28.883,3.367,18,76,0,0,76,76,20,0,76,0,21
5311,5316311,177210367,16.227,17.828,3.416,0,76,0,0,76,76,0,0,76,0,0
5312,5317312,177243733,18.184,17.429,5.135,28,76,0,0,76,76,20,19,76,19,21
5313,5318313,177277100,18.584,17.720,5.344,28,76,0,0,76,76,20,19,76,19,21
5314,5319314,177310467,52.542,52.561,35.693,76,76,76,76,76,76,76,76,76,76,76
5315,5320315,177343833,61.240,68.375,54.352,76,76,76,76,76,76,76,76,76,76,76
5316,5321316,177377200,63.573,67.590,58.370,76,76,76,76,76,76,76,76,76,76,76
5317,5322317,177410567,63.802,66.913,59.411,76,76,76,76,76,76,76,76,76,76,76
5318,5323318,177443933,63.785,67.280,58.847,76,76,76,76,76,76,76,76,76,76,76
5319,5324319,177477300,63.826,67.228,58.470,76,76,76,76,76,76,76,76,76,76,76
5320,5325320,177510667,47.614,52.199,35.597,76,76,76,76,76,76,76,76,76,76,76
5321,5326321,177544033,13.790,28.956,13.623,54,76,25,36,76,76,27,27,76,51,49
5322,5327322,177577400,10.463,19.433,3.974,18,76,0,0,34,76,0,0,76,0,0
5323,5328323,177610767,12.940,14.172,5.062,0,76,0,0,45,76,0,19,76,0,0
5324,5329324,177644133,12.835,14.644,6.158,0,76,0,0,53,76,0,33,76,0,18
5325,5330325,177677500,13.782,13.802,4.346,0,76,0,0,76,76,0,17,76,0,0
5326,5331326,177710867,13.938,19.429,4.842,0,76,0,0,76,76,0,0,76,0,0
5327,5332327,177744233,13.402,20.769,4.344,0,76,0,0,76,76,0,0,76,0,18
5328,5333328,177777600,13.176,20.850,3.867,0,76,0,0,76,76,0,0,76,0,18
5329,5334329,177810967,6.956,23.992,3.497,0,76,0,0,76,76,0,0,76,0,0
5330,5335330,177844333,5.112,26.929,4.413,18,76,0,0,76,76,19,0,76,0,21
5331,5336331,177877700,3.448,24.849,3.699,0,76,0,0,76,76,17,0,76,0,18
5332,5337332,177911067,1.256,31.979,4.352,0,72,0,0,76,76,0,0,76,0,0
5333,5338333,177944433,0.646,35.878,4.617,0,40,0,0,76,76,19,0,76,21,20
5334,5339334,177977800,0.021,30.395,3.376,0,17,0,0,76,76,0,0,76,0,0
5335,5340335,178011167,0.000,27.704,6.355,0,0,0,0,76,76,0,0,76,23,18
5336,5341336,178044533,0.000,31.208,8.802,0,0,0,0,76,76,21,0,76,39,22
5337,5342337,178077900,1.604,31.035,8.205,26,23,0,34,76,76,21,17,76,32,22
5338,5343338,178111267,53.873,62.466,40.489,76,76,76,76,76,76,76,76,76,76,76
5339,5344339,178144633,61.255,69.322,54.728,76,76,76,76,76,76,76,76,76,76,76
5340,5345340,178178000,63.363,69.641,57.803,76,76,76,76,76,76,76,76,76,76,76
5341,5346341,178211367,63.893,67.531,58.340,76,76,76,76,76,76,76,76,76,76,76
5342,5347342,178244733,63.916,67.695,58.727,76,76,76,76,76,76,76,76,76,76,76
5343,5348343,178278100,63.871,67.626,58.460,76,76,76,76,76,76,76,76,76,76,76
5344,5349344,178311467,46.385,52.895,33.751,76,76,76,76,76,76,76,76,76,76,76
5345,5350345,178344833,10.952,30.510,12.694,52,76,24,36,76,76,25,29,76,48,44
5346,5351346,178378200,0.424,22.885,3.942,18,35,0,0,76,76,0,0,76,17,0
5347,5352347,178411567,0.116,18.065,3.532,0,21,0,0,76,76,0,0,76,0,17
5348,5353348,178444933,0.153,18.391,3.446,0,23,0,0,76,76,19,0,76,0,19
5349,5354349,178478300,1.711,19.573,2.264,0,76,0,0,76,76,0,0,76,0,0
5350,5355350,178511667,3.278,27.802,3.757,0,76,0,0,76,76,0,0,76,0,17
5351,5356351,178545033,3.605,30.284,4.879,17,76,0,0,76,76,18,17,76,17,20
5352,5357352,178578400,3.160,27.697,4.104,0,76,0,0,76,76,0,0,76,0,18
5353,5358353,178611767,9.932,26.063,5.958,0,76,0,0,76,76,0,0,76,0,0
5354,5359354,178645133,11.249,29.230,7.458,0,76,0,0,76,76,20,30,76,30,21
5355,5360355,178678500,11.899,26.435,6.375,0,76,0,0,76,76,0,23,76,23,0
5356,5361356,178711867,11.956,33.162,6.500,0,76,0,0,76,76,0,0,76,0,0
5357,5362357,178745233,12.345,35.192,4.915,0,76,0,0,76,76,18,0,76,0,18
5358,5363358,178778600,11.247,32.679,3.399,0,76,0,0,76,76,17,0,76,0,18
5359,5364359,178811967,10.450,27.009,3.699,0,76,0,0,76,76,0,0,76,0,0
5360,5365360,178845333,12.147,27.335,4.795,17,76,0,0,76,76,18,18,76,0,21
5361,5366361,178878700,14.433,29.401,4.440,29,76,0,0,76,76,18,18,76,0,21
5362,5367362,178912067,24.204,40.484,10.145,76,76,0,41,76,76,24,42,76,40,35
5363,5368363,178945433,29.400,45.941,21.974,76,76,26,70,76,76,47,61,76,70,53
5364,5369364,178978800,35.062,48.569,24.899,76,76,59,68,76,76,73,67,76,76,76
5365,5370365,179012167,45.351,51.212,35.857,76,76,67,76,76,76,76,76,76,76,76
5366,5371366,179045533,46.158,51.947,48.557,76,76,74,76,76,76,76,76,76,76,76
5367,5372367,179078900,46.120,51.864,50.380,76,76,75,76,76,76,76,76,76,76,76
5368,5373368,179112267,42.475,49.107,35.136,76,76,76,76,76,76,76,76,76,76,76
5369,5374369,179145633,35.588,41.608,29.296,76,76,76,76,76,76,76,76,76,76,76
5370,5375370,179179000,34.083,38.696,28.745,76,76,76,76,76,76,76,75,76,76,76
5371,5376371,179212367,36.399,46.102,47.534,76,76,76,76,76,76,76,76,76,76,76
5372,5377372,179245733,34.419,49.556,54.434,76,76,76,76,76,76,76,76,76,76,76
5373,5378373,179279100,33.779,49.643,54.608,76,76,76,76,76,76,76,76,76,76,76
5374,5379374,179312467,32.627,50.229,40.857,76,76,76,76,76,76,76,76,76,76,76
5375,5380375,179345833,26.327,48.782,34.973,76,76,76,76,76,76,76,66,76,76,76
5376,5381376,179379200,31.377,52.427,41.780,76,76,76,76,76,76,76,76,76,76,76
5377,5382377,179412567,30.953,47.776,53.523,76,73,76,76,76,76,76,76,76,76,76
5378,5383378,179445933,29.290,47.098,56.824,76,74,76,76,76,76,76,76,76,76,76
5379,5384379,179479300,29.716,46.780,55.978,76,76,76,76,76,76,76,76,76,76,76
5380,5385380,179512667,31.987,46.448,40.651,76,76,76,76,76,76,76,76,76,76,76
5381,5386381,179546033,26.962,43.671,34.697,76,76,76,76,76,76,76,76,76,76,76
5382,5387382,179579400,27.654,43.508,34.410,76,76,76,76,76,76,76,76,76,76,76
5383,5388383,179612767,27.799,48.244,50.584,76,76,76,76,76,76,76,76,76,76,76
5384,5389384,179646133,26.654,49.013,53.508,76,76,76,76,76,76,76,76,76,76,76
5385,5390385,179679500,27.390,46.994,42.997,76,76,76,76,76,76,76,76,76,76,76
5386,5391386,179712867,25.101,47.543,34.354,76,76,76,76,76,76,76,76,76,76,76
5387,5392387,179746233,22.263,46.097,32.546,76,76,76,76,76,76,76,71,76,76,76
5388,5393388,179779600,23.517,46.067,31.759,76,76,76,76,76,76,76,65,76,76,76
5389,5394389,179812967,31.244,49.260,50.040,76,76,76,76,76,76,76,76,76,76,76
5390,5395390,179846333,29.960,46.649,55.417,76,76,76,76,76,76,76,76,76,76,76
5391,5396391,179879700,30.079,45.569,49.728,76,76,76,76,76,76,76,76,76,76,76
5392,5397392,179913067,30.795,44.104,36.688,76,76,76,76,76,76,76,76,76,76,76
5393,5398393,179946433,25.523,42.674,33.421,76,76,76,76,76,76,76,76,76,76,76
5394,5399394,179979800,26.301,42.057,33.133,76,76,76,76,76,76,76,62,76,76,76
5395,5400395,180013167,28.840,45.908,50.826,76,76,76,76,76,76,76,76,76,76,76
5396,5401396,180046533,27.343,46.578,56.317,76,76,76,76,76,76,76,76,76,76,76
5397,5402397,180079900,27.466,46.391,54.984,76,76,76,76,76,76,76,76,76,76,76
5398,5403398,180113267,29.524,43.372,40.968,76,76,76,76,76,76,76,76,76,76,76
5399,5404399,180146633,26.147,40.095,34.814,76,76,76,76,76,76,76,76,76,76,76
5400,5405400,180180000,33.267,45.120,42.903,76,76,76,76,76,76,76,76,76,76,76
5401,5406401,180213367,38.454,40.008,52.886,76,76,76,76,76,76,76,76,76,76,76
5402,5407402,180246733,38.328,39.391,55.448,76,76,76,76,76,76,76,76,76,76,76
5403,5408403,180280100,38.643,38.980,54.002,76,76,76,76,76,76,76,76,76,76,76
5404,5409404,180313467,44.047,38.496,40.119,76,76,76,76,76,76,76,76,76,76,76
5405,5410405,180346833,38.815,36.428,30.959,76,76,76,76,76,76,76,76,76,76,76
5406,5411406,180380200,40.822,38.870,36.252,76,76,76,76,76,76,76,76,76,76,76
5407,5412407,180413567,40.493,42.811,52.496,76,76,76,76,76,76,76,76,76,76,76
5408,5413408,180446933,39.192,43.544,55.858,76,76,76,76,76,76,76,76,76,76,76
5409,5414409,180480300,38.147,41.834,46.865,76,76,76,76,76,76,76,76,76,76,76
5410,5415410,180513667,35.612,39.815,36.436,76,76,76,76,76,76,76,73,76,76,76
5411,5416411,180547033,33.324,38.408,33.417,76,76,76,76,76,76,76,76,76,76,76
5412,5417412,180580400,37.176,40.585,33.813,76,76,76,76,76,76,76,70,76,76,76
5413,5418413,180613767,41.029,41.594,50.338,76,76,76,76,76,76,76,76,76,76,76
5414,5419414,180647133,38.963,39.971,55.571,76,76,76,76,76,76,76,76,76,76,76
5415,5420415,180680500,37.816,39.970,55.965,76,76,76,76,76,76,76,76,76,76,76
5416,5421416,180713867,40.527,41.931,43.680,76,76,76,76,76,76,76,76,76,76,76
5417,5422417,180747233,34.776,43.665,35.461,76,76,76,76,76,76,76,73,76,76,76
5418,5423418,180780600,34.116,44.755,35.406,76,76,76,76,76,76,76,73,76,76,76
5419,5424419,180813967,33.102,50.790,52.097,76,76,76,76,76,76,76,76,76,76,76
5420,5425420,180847333,29.446,52.180,56.600,76,76,76,76,76,76,76,76,76,76,76
5421,5426421,180880700,29.697,49.917,50.287,76,76,76,76,76,76,76,76,76,76,76
5422,5427422,180914067,26.632,49.503,37.439,76,76,76,76,76,76,76,76,76,76,76
5423,5428423,180947433,22.827,47.043,33.573,76,76,76,76,76,76,76,76,76,76,76
5424,5429424,180980800,29.455,51.086,41.096,76,76,76,76,76,76,76,76,76,76,76
5425,5430425,181014167,30.510,45.085,50.891,76,76,76,76,76,76,76,76,76,76,76
5426,5431426,181047533,28.787,44.599,54.149,76,76,76,76,76,76,76,76,76,76,76
5427,5432427,181080900,29.767,41.899,46.799,76,76,76,76,76,76,76,76,76,76,76
5428,5433428,181114267,29.586,42.790,36.024,76,76,76,76,76,76,76,76,76,76,76
5429,5434429,181147633,24.577,41.879,32.907,76,76,76,76,76,76,76,74,76,76,76
5430,5435430,181181000,25.229,42.008,32.259,76,76,76,76,76,76,76,60,76,76,76
5431,5436431,181214367,27.624,49.925,50.651,76,76,74,76,76,76,76,76,76,76,76
5432,5437432,181247733,27.015,50.883,55.791,76,76,75,76,76,76,76,76,76,76,76
5433,5438433,181281100,27.401,49.676,48.654,76,76,76,76,76,76,76,76,76,76,76
5434,5439434,181314467,26.354,47.912,36.591,76,76,76,76,76,76,76,76,76,76,76
5435,5440435,181347833,22.918,46.657,33.176,76,76,76,76,76,76,76,71,76,76,76
5436,5441436,181381200,29.760,50.592,41.568,76,76,76,76,76,76,76,76,76,76,76
5437,5442437,181414567,30.267,45.169,53.874,76,76,76,76,76,76,76,76,76,76,76
5438,5443438,181447933,29.185,44.885,56.824,76,76,76,76,76,76,76,76,76,76,76
5439,5444439,181481300,31.485,41.927,45.177,76,76,76,76,76,76,76,76,76,76,76
5440,5445440,181514667,29.157,40.180,36.104,76,76,76,76,76,76,76,76,76,76,76
5441,5446441,181548033,25.046,39.171,34.000,76,76,76,76,76,76,76,72,76,76,76
5442,5447442,181581400,27.993,40.923,34.265,76,76,76,76,76,76,76,76,76,76,76
5443,5448443,181614767,29.701,45.218,50.673,76,76,76,76,76,76,76,76,76,76,76
5444,5449444,181648133,29.926,45.462,55.224,76,76,76,76,76,76,76,76,76,76,76
5445,5450445,181681500,30.839,42.684,48.028,76,76,76,76,76,76,76,76,76,76,76
5446,5451446,181714867,34.685,41.281,36.097,76,76,76,76,76,76,76,76,76,76,76
5447,5452447,181748233,32.035,38.877,29.682,76,76,76,76,76,76,76,76,76,76,76
5448,5453448,181781600,34.302,39.564,29.807,76,76,76,76,76,76,76,58,76,76,76
5449,5454449,181814967,43.725,39.764,50.490,76,76,76,76,76,76,76,76,76,76,76
5450,5455450,181848333,42.980,38.881,55.812,76,76,76,76,76,76,76,76,76,76,76
5451,5456451,181881700,43.211,36.625,49.049,76,76,76,76,76,76,76,76,76,76,76
5452,5457452,181915067,41.662,38.354,38.105,76,76,76,76,76,76,76,76,76,76,76
5453,5458453,181948433,36.379,36.523,33.327,76,76,76,76,76,76,76,68,76,76,76
5454,5459454,181981800,38.543,40.470,41.579,76,76,76,76,76,76,76,76,76,76,76
5455,5460455,182015167,37.880,43.279,52.344,76,76,76,76,76,76,76,76,76,76,76
5456,5461456,182048533,37.778,43.961,55.960,76,76,76,76,76,76,76,76,76,76,76
5457,5462457,182081900,38.200,42.294,48.500,76,76,76,76,76,76,76,76,76,76,76
5458,5463458,182115267,36.112,41.664,37.947,76,76,76,76,76,76,76,76,76,76,76
5459,5464459,182148633,32.083,40.547,33.593,76,76,76,76,76,76,76,68,76,76,76
5460,5465460,182182000,29.495,38.885,30.005,76,76,76,76,76,76,76,51,76,76,76
5461,5466461,182215367,21.100,25.833,18.658,76,76,76,76,76,76,76,0,76,76,76
5462,5467462,182248733,15.094,15.648,15.443,44,69,76,76,76,72,76,0,76,76,76
5463,5468463,182282100,14.552,17.712,15.451,44,63,76,76,76,70,76,0,76,76,76
5464,5469464,182315467,57.260,60.766,60.136,76,76,76,76,76,76,76,76,76,76,76
5465,5470465,182348833,62.024,70.264,68.361,76,76,76,76,76,76,76,76,76,76,76
5466,5471466,182382200,62.734,71.394,69.742,76,76,76,76,76,76,76,76,76,76,76
5467,5472467,182415567,62.521,71.402,69.801,76,76,76,76,76,76,76,76,76,76,76
5468,5473468,182448933,61.931,71.189,69.566,76,76,76,76,76,76,76,76,76,76,76
5469,5474469,182482300,61.608,70.815,69.088,76,76,76,76,76,76,76,76,76,76,76
5470,5475470,182515667,60.901,70.420,68.575,76,76,76,76,76,76,76,76,76,76,76
5471,5476471,182549033,60.021,69.830,68.090,76,76,76,76,76,76,76,76,76,76,76
5472,5477472,182582400,60.157,69.642,66.895,76,76,76,76,76,76,76,76,76,76,76
5473,5478473,182615767,33.569,37.306,39.805,69,76,56,76,76,76,49,76,76,76,76
5474,5479474,182649133,3.685,5.668,7.147,32,67,0,23,76,52,0,20,52,27,28
5475,5480475,182682500,0.176,0.224,0.000,0,23,0,0,23,0,0,0,0,0,0
5476,5481476,182715867,0.000,0.000,0.000,0,0,0,0,0,0,0,0,0,0,0
5477,5482477,182749233,0.000,0.053,0.000,0,0,0,0,0,19,0,0,0,0,0
5478,5483478,182782600,0.000,0.054,0.000,0,0,0,0,0,19,0,0,0,0,0
5479,5484479,182815967,0.000,0.062,0.000,0,0,0,0,0,22,0,0,0,0,0
5480,5485480,182849333,0.000,0.070,0.000,0,0,0,0,0,25,0,0,0,0,0
5481,5486481,182882700,0.000,0.048,0.000,0,0,0,0,0,17,0,0,0,0,0
5482,5487482,182916067,0.000,0.048,0.000,0,0,0,0,0,17,0,0,0,0,0
5483,5488483,182949433,0.000,0.068,0.000,0,0,0,0,0,24,0,0,0,0,0
5484,5489484,182982800,0.000,0.088,0.000,0,0,0,0,0,31,0,0,0,0,0
5485,5490485,183016167,0.000,0.082,0.000,0,0,0,0,0,29,0,0,0,0,0
5486,5491486,183049533,0.000,0.076,0.000,0,0,0,0,0,27,0,0,0,0,0
5487,5492487,183082900,0.000,0.054,0.000,0,0,0,0,0,19,0,0,0,0,0
5488,5493488,183116267,0.000,0.000,0.000,0,0,0,0,0,0,0,0,0,0,0
5489,5494489,183149633,0.000,0.000,0.000,0,0,0,0,0,0,0,0,0,0,0
5490,5495490,183183000,0.000,0.000,0.000,0,0,0,0,0,0,0,0,0,0,0
5491,5496491,183216367,0.000,0.000,0.000,0,0,0,0,0,0,0,0,0,0,0
5492,5497492,183249733,0.000,0.000,0.000,0,0,0,0,0,0,0,0,0,0,0
5493,5498493,183283100,0.000,0.000,0.000,0,0,0,0,0,0,0,0,0,0,0
5494,5499494,183316467,0.000,0.000,0.000,0,0,0,0,0,0,0,0,0,0,0
5495,5500495,183349833,0.000,0.000,0.000,0,0,0,0,0,0,0,0,0,0,0
5496,5501496,183383200,0.000,0.000,0.000,0,0,0,0,0,0,0,0,0,0,0
5497,5502497,183416567,0.000,0.000,0.000,0,0,0,0,0,0,0,0,0,0,0
5498,5503498,183449933,0.000,0.000,0.000,0,0,0,0,0,0,0,0,0,0,0
5499,5504499,183483300,0.000,0.000,0.000,0,0,0,0,0,0,0,0,0,0,0
5500,5505500,183516667,0.000,0.000,0.000,0,0,0,0,0,0,0,0,0,0,0
5501,5506501,183550033,0.000,0.000,0.000,0,0,0,0,0,0,0,0,0,0,0
5502,5507502,183583400,0.000,0.000,0.000,0,0,0,0,0,0,0,0,0,0,0
5503,5508503,183616767,0.000,0.000,0.000,0,0,0,0,0,0,0,0,0,0,0
5504,5509504,183650133,0.000,0.000,0.000,0,0,0,0,0,0,0,0,0,0,0
5505,5510505,183683500,0.000,0.000,0.000,0,0,0,0,0,0,0,0,0,0,0
5506,5511506,183716867,0.000,0.000,0.000,0,0,0,0,0,0,0,0,0,0,0
5507,5512507,183750233,0.000,0.000,0.000,0,0,0,0,0,0,0,0,0,0,0
5508,5513508,183783600,0.000,0.000,0.000,0,0,0,0,0,0,0,0,0,0,0
5509,5514509,183816967,0.000,0.000,0.000,0,0,0,0,0,0,0,0,0,0,0
5510,5515510,183850333,0.000,0.000,0.000,0,0,0,0,0,0,0,0,0,0,0
5511,5516511,183883700,0.000,0.000,0.000,0,0,0,0,0,0,0,0,0,0,0
5512,5517512,183917067,0.000,0.000,0.000,0,0,0,0,0,0,0,0,0,0,0
5513,5518513,183950433,0.000,0.000,0.000,0,0,0,0,0,0,0,0,0,0,0
5514,5519514,183983800,0.000,0.000,0.000,0,0,0,0,0,0,0,0,0,0,0
5515,5520515,184017167,0.000,0.000,0.000,0,0,0,0,0,0,0,0,0,0,0
5516,5521516,184050533,0.000,0.000,0.000,0,0,0,0,0,0,0,0,0,0,0
5517,5522517,184083900,0.000,0.000,0.000,0,0,0,0,0,0,0,0,0,0,0
5518,5523518,184117267,0.000,0.000,0.000,0,0,0,0,0,0,0,0,0,0,0
5519,5524519,184150633,0.000,0.000,0.000,0,0,0,0,0,0,0,0,0,0,0
5520,5525520,184184000,0.000,0.000,0.000,0,0,0,0,0,0,0,0,0,0,0
5521,5526521,184217367,0.000,0.000,0.000,0,0,0,0,0,0,0,0,0,0,0
5522,5527522,184250733,0.000,0.000,0.000,0,0,0,0,0,0,0,0,0,0,0
5523,5528523,184284100,0.000,0.000,0.000,0,0,0,0,0,0,0,0,0,0,0
5524,5529524,184317467,0.000,0.000,0.000,0,0,0,0,0,0,0,0,0,0,0
5525,5530525,184350833,0.000,0.000,0.000,0,0,0,0,0,0,0,0,0,0,0
5526,5531526,184384200,0.000,0.000,0.000,0,0,0,0,0,0,0,0,0,0,0
5527,5532527,184417567,0.000,0.000,0.000,0,0,0,0,0,0,0,0,0,0,0
5528,5533528,184450933,0.000,0.000,0.000,0,0,0,0,0,0,0,0,0,0,0
5529,5534529,184484300,0.000,0.000,0.000,0,0,0,0,0,0,0,0,0,0,0
5530,5535530,184517667,0.000,0.000,0.000,0,0,0,0,0,0,0,0,0,0,0
5531,5536531,184551033,0.000,0.000,0.000,0,0,0,0,0,0,0,0,0,0,0
5532,5537532,184584400,0.000,0.000,0.000,0,0,0,0,0,0,0,0,0,0,0
5533,5538533,184617767,0.000,0.000,0.000,0,0,0,0,0,0,0,0,0,0,0
5534,5539534,184651133,0.000,0.000,0.000,0,0,0,0,0,0,0,0,0,0,0
5535,5540535,184684500,0.000,0.000,0.000,0,0,0,0,0,0,0,0,0,0,0
5536,5541536,184717867,0.000,0.000,0.000,0,0,0,0,0,0,0,0,0,0,0
5537,5542537,184751233,0.000,0.000,0.000,0,0,0,0,0,0,0,0,0,0,0
5538,5543538,184784600,0.000,0.000,0.000,0,0,0,0,0,0,0,0,0,0,0
5539,5544539,184817967,0.000,0.000,0.000,0,0,0,0,0,0,0,0,0,0,0
5540,5545540,184851333,0.000,0.000,0.000,0,0,0,0,0,0,0,0,0,0,0
5541,5546541,184884700,0.000,0.000,0.000,0,0,0,0,0,0,0,0,0,0,0
5542,5547542,184918067,0.000,0.000,0.000,0,0,0,0,0,0,0,0,0,0,0
5543,5548543,184951433,0.000,0.000,0.000,0,0,0,0,0,0,0,0,0,0,0
5544,5549544,184984800,0.000,0.000,0.000,0,0,0,0,0,0,0,0,0,0,0
5545,5550545,185018167,0.000,0.000,0.000,0,0,0,0,0,0,0,0,0,0,0
5546,5551546,185051533,0.000,0.000,0.000,0,0,0,0,0,0,0,0,0,0,0
5547,5552547,185084900,0.000,0.000,0.000,0,0,0,0,0,0,0,0,0,0,0
5548,5553548,185118267,0.000,0.000,0.000,0,0,0,0,0,0,0,0,0,0,0
5549,5554549,185151633,0.000,0.000,0.000,0,0,0,0,0,0,0,0,0,0,0
5550,5555550,185185000,0.000,0.000,0.000,0,0,0,0,0,0,0,0,0,0,0
5551,5556551,185218367,0.000,0.000,0.000,0,0,0,0,0,0,0,0,0,0,0
5552,5557552,185251733,0.000,0.000,0.000,0,0,0,0,0,0,0,0,0,0,0
5553,5558553,185285100,0.000,0.000,0.000,0,0,0,0,0,0,0,0,0,0,0
5554,5559554,185318467,0.000,0.000,0.000,0,0,0,0,0,0,0,0,0,0,0
5555,5560555,185351833,0.000,0.000,0.000,0,0,0,0,0,0,0,0,0,0,0
5556,5561556,185385200,0.000,0.000,0.000,0,0,0,0,0,0,0,0,0,0,0
5557,5562557,185418567,0.000,0.000,0.000,0,0,0,0,0,0,0,0,0,0,0
5558,5563558,185451933,0.000,0.000,0.000,0,0,0,0,0,0,0,0,0,0,0
5559,5564559,185485300,0.000,0.000,0.000,0,0,0,0,0,0,0,0,0,0,0
5560,5565560,185518667,0.000,0.000,0.000,0,0,0,0,0,0,0,0,0,0,0
5561,5566561,185552033,0.000,0.000,0.000,0,0,0,0,0,0,0,0,0,0,0
5562,5567562,185585400,0.000,0.000,0.000,0,0,0,0,0,0,0,0,0,0,0
5563,5568563,185618767,0.000,0.000,0.000,0,0,0,0,0,0,0,0,0,0,0
5564,5569564,185652133,0.000,0.000,0.000,0,0,0,0,0,0,0,0,0,0,0
5565,5570565,185685500,0.000,0.000,0.000,0,0,0,0,0,0,0,0,0,0,0
5566,5571566,185718867,0.000,0.000,0.000,0,0,0,0,0,0,0,0,0,0,0
5567,5572567,185752233,0.000,0.000,0.000,0,0,0,0,0,0,0,0,0,0,0
5568,5573568,185785600,0.000,0.000,0.000,0,0,0,0,0,0,0,0,0,0,0
